<?xml version="1.0" encoding="utf-8"?><shortcuts>
	<shortcut>
		<defaultID>movies</defaultID>
		<label>342</label>
		<label2>Common menu item</label2>
		<icon>DefaultMovies.png</icon>
		<thumb>DefaultMovies.png</thumb>
		<action>ActivateWindow(Videos,videodb://movies/titles/,return)</action>
	</shortcut>
	<shortcut>
		<defaultID>tvshows</defaultID>
		<label>20343</label>
		<label2>Custom item</label2>
		<icon>DefaultTVShows.png</icon>
		<thumb>DefaultTVShows.png</thumb>
		<action>ActivateWindow(Videos,videodb://tvshows/titles/,return)</action>
	</shortcut>
	<shortcut>
		<defaultID>livetv</defaultID>
		<label>31502</label>
		<label2>Common menu item</label2>
		<icon>DefaultAddonPVRClient.png</icon>
		<thumb>DefaultAddonPVRClient.png</thumb>
		<action>ActivateWindow(TVChannels)</action>
		<visible>System.HasPVRAddon</visible>
	</shortcut>
	<shortcut>
		<defaultID>music</defaultID>
		<label>10005</label>
		<label2>Custom item</label2>
		<icon>DefaultMusicAlbums.png</icon>
		<thumb>DefaultMusicAlbums.png</thumb>
		<action>ActivateWindow(music,library://music/artists.xml/,return)</action>
	</shortcut>
	<shortcut>
		<defaultID>musicvideos</defaultID>
		<label>20389</label>
		<label2>Custom item</label2>
		<icon>DefaultMusicVideos.png</icon>
		<thumb>DefaultMusicVideos.png</thumb>
		<action>ActivateWindow(Videos,videodb://musicvideos/titles/,return)</action>
	</shortcut>
	<shortcut>
		<defaultID>games</defaultID>
		<label>15016</label>
		<label2>Custom item</label2>
		<icon>DefaultGames.png</icon>
		<thumb>DefaultGames.png</thumb>
		<action>ActivateWindow(Programs,"plugin://plugin.program.advanced.emulator.launcher",return)</action>
		<visible>System.HasAddon(plugin.program.advanced.emulator.launcher)</visible>
	</shortcut>
	<shortcut>
		<defaultID>add-ons</defaultID>
		<label>24001</label>
		<label2>Custom item</label2>
		<icon>DefaultAddon.png</icon>
		<thumb>DefaultAddon.png</thumb>
		<action>ActivateWindow(1119)</action>
	</shortcut>
	<shortcut>
		<defaultID>favorites</defaultID>
		<label>1036</label>
		<label2>Common menu item</label2>
		<icon>DefaultIconFavourite.png</icon>
		<thumb>DefaultIconFavourite.png</thumb>
		<action>ActivateWindow(favourites)</action>
	</shortcut>
	<shortcut>
		<defaultID>weather</defaultID>
		<label>12600</label>
		<label2>Common menu item</label2>
		<icon>DefaultAddonWeather.png</icon>
		<thumb>DefaultAddonWeather.png</thumb>
		<action condition="!String.IsEmpty(Weather.Plugin)">ActivateWindow(Weather)</action>
		<action condition="String.IsEmpty(Weather.Plugin)">ReplaceWindow(servicesettings,weather)</action>
	</shortcut>
	<shortcut>
		<defaultID>script.globalsearch</defaultID>
		<label>137</label>
		<label2>Program</label2>
		<icon>DefaultIconSearch.png</icon>
		<thumb>DefaultIconSearch.png</thumb>
		<action condition="System.HasAddon(script.globalsearch)">RunAddon(script.globalsearch)</action>
		<action condition="!System.HasAddon(script.globalsearch)">InstallAddon(script.globalsearch)</action>
	</shortcut>
	<shortcut>
		<defaultID>settings</defaultID>
		<label>5</label>
		<label2>Common menu item</label2>
		<icon>DefaultIconSettings.png</icon>
		<thumb>DefaultIconSettings.png</thumb>
		<action>ActivateWindow(Settings)</action>
	</shortcut>
</shortcuts>