<?xml version="1.0" encoding="utf-8"?><shortcuts>
	<shortcut>
		<defaultID>31314</defaultID>
		<label>31314</label>
		<label2>Custom item</label2>
		<icon>DefaultFolder.png</icon>
		<thumb/>
		<action>ActivateWindow(Videos,library://video/movies/recentlyaddedmovies.xml/,return)</action>
	</shortcut>
	<shortcut>
		<defaultID>575</defaultID>
		<label>575</label>
		<label2>Custom item</label2>
		<icon>DefaultFolder.png</icon>
		<thumb/>
		<action>ActivateWindow(Videos,library://video/movies/inprogressmovies.xml/,return)</action>
	</shortcut>
	<shortcut>
		<defaultID>20434</defaultID>
		<label>20434</label>
		<label2>Movies</label2>
		<icon>special://skin/extras/icons/set.png</icon>
		<thumb/>
		<action>ActivateWindow(Videos,videodb://movies/sets/,return)</action>
	</shortcut>
	<shortcut>
		<defaultID>135</defaultID>
		<label>135</label>
		<label2>Movies</label2>
		<icon>DefaultGenre.png</icon>
		<thumb/>
		<action>ActivateWindow(Videos,videodb://movies/genres/,return)</action>
	</shortcut>
	<shortcut>
		<defaultID>14022</defaultID>
		<label>14022</label>
		<label2>Custom item</label2>
		<icon>DefaultVideo.png</icon>
		<thumb/>
		<action>ActivateWindow(Videos,videodb://movies/)</action>
	</shortcut>
	<shortcut>
		<defaultID>24069</defaultID>
		<label>24069</label>
		<label2>Kodi Command</label2>
		<icon>UpdateVideoLibrary.png</icon>
		<thumb/>
		<action>UpdateLibrary(video,,true)</action>
	</shortcut>
</shortcuts>