<?xml version="1.0" encoding="utf-8"?><shortcuts>
	<shortcut>
		<defaultID>589</defaultID>
		<label>589</label>
		<label2>Common menu item</label2>
		<icon>special://skin/extras/icons/musicdisc.png</icon>
		<thumb/>
		<action>PlayerControl(PartyMode)</action>
	</shortcut>
	<shortcut>
		<defaultID>31314</defaultID>
		<label>31314</label>
		<label2>Music</label2>
		<icon>DefaultMusicRecentlyAdded.png</icon>
		<thumb/>
		<action>ActivateWindow(music,musicdb://recentlyaddedalbums/,return)</action>
	</shortcut>
	<shortcut>
		<defaultID>135</defaultID>
		<label>135</label>
		<label2>Music</label2>
		<icon>DefaultShortcut.png</icon>
		<thumb/>
		<action>ActivateWindow(Music,&quot;library://music/genres.xml/&quot;,return)</action>
	</shortcut>
	<shortcut>
		<defaultID>14022</defaultID>
		<label>14022</label>
		<label2>Custom item</label2>
		<icon>DefaultMusicAlbums.png</icon>
		<thumb/>
		<action>ActivateWindow(Music,root)</action>
	</shortcut>
	<shortcut>
		<defaultID>24069</defaultID>
		<label>24069</label>
		<label2>Kodi Command</label2>
		<icon>UpdateMusicLibrary.png</icon>
		<thumb/>
		<action>UpdateLibrary(music,,true)</action>
	</shortcut>
</shortcuts>