<?xml version="1.0" encoding="UTF-8"?>
<!-- Foundation -->
<window id="146">
    <defaultcontrol always="true">9000</defaultcontrol>
    
    <controls>
        <control type="group">
            <visible>!Window.IsVisible(script-script.extendedinfo-DialogVideoInfo.xml) + !Window.IsVisible(script-script.extendedinfo-DialogInfo.xml)</visible>
            <include>Animation_FadeIn</include>
            <include>Animation_FadeOut</include>
            <!-- Information -->
            <control type="grouplist">
                <left>614</left>
                <top>672</top>
                <right>30</right>
                <include>Dialog_Info_Details_Grouplist</include>
                <!-- Author -->
                <control type="group">
                    <height>32</height>
                    <control type="label">
                        <left>0</left>
                        <width>160</width>
                        <align>right</align>
                        <textcolor>main_fg_30</textcolor>
                        <font>Tiny</font>
                        <label>21863</label>
                        <aligny>top</aligny>
                    </control>
                    <control type="label">
                        <left>176</left>
                        <textcolor>main_fg_70</textcolor>
                        <font>Tiny</font>
                        <aligny>top</aligny>
                        <label fallback="19055">$INFO[ListItem.AddonCreator]</label>
                    </control>
                </control>
                <!-- Version -->
                <control type="group">
                    <height>32</height>
                    <control type="label">
                        <left>0</left>
                        <width>160</width>
                        <align>right</align>
                        <textcolor>main_fg_30</textcolor>
                        <font>Tiny</font>
                        <label>19114</label>
                        <aligny>top</aligny>
                    </control>
                    <control type="label">
                        <left>176</left>
                        <textcolor>main_fg_70</textcolor>
                        <font>Tiny</font>
                        <aligny>top</aligny>
                        <label fallback="19055">$INFO[ListItem.AddonVersion]</label>
                    </control>
                </control>
                <!-- Type -->
                <control type="group">
                    <height>32</height>
                    <control type="label">
                        <left>0</left>
                        <width>160</width>
                        <align>right</align>
                        <textcolor>main_fg_30</textcolor>
                        <font>Tiny</font>
                        <label>467</label>
                        <aligny>top</aligny>
                    </control>
                    <control type="label">
                        <left>176</left>
                        <textcolor>main_fg_70</textcolor>
                        <font>Tiny</font>
                        <aligny>top</aligny>
                        <label fallback="19055">$INFO[ListItem.AddonType]</label>
                    </control>
                </control>
                <!-- Disclaimer -->
                <control type="group">
                    <height>32</height>
                    <visible>!String.IsEmpty(ListItem.AddonDisclaimer)</visible>
                    <control type="label">
                        <left>0</left>
                        <width>160</width>
                        <align>right</align>
                        <textcolor>main_fg_30</textcolor>
                        <font>Tiny</font>
                        <label>24052</label>
                        <aligny>top</aligny>
                    </control>
                    <control type="label">
                        <left>176</left>
                        <textcolor>main_fg_70</textcolor>
                        <font>Tiny</font>
                        <aligny>top</aligny>
                        <label fallback="19055">$INFO[ListItem.AddonDisclaimer]</label>
                    </control>
                </control>
                <!-- Description -->
                <control type="group">
                    <height>96</height>
                    <control type="label">
                        <left>0</left>
                        <width>160</width>
                        <align>right</align>
                        <textcolor>main_fg_30</textcolor>
                        <font>Tiny</font>
                        <label>21821</label>
                        <aligny>top</aligny>
                    </control>
                    <control type="textbox">
                        <left>176</left>
                        <textcolor>main_fg_70</textcolor>
                        <font>Tiny</font>
                        <aligny>top</aligny>
                        <label fallback="19055">$INFO[ListItem.AddonDescription]</label>
                    </control>
                </control>
            </control>

            <!-- Buttons -->
            <control type="grouplist" id="9000">
                <left>614</left>
                <right>30</right>
                <align>left</align>
                <top>954</top>
                <height>60</height>
                <include>Dialog_Info_Button_Grouplist</include>

                <control type="button" id ="6">
                    <include>Dialog_Info_Buttons</include>
                    <enable>!Skin.HasSetting(global.kioskmode)</enable>
                </control>
                <control type="button" id ="7">
                    <include>Dialog_Info_Buttons</include>
                    <enable>!Skin.HasSetting(global.kioskmode)</enable>
                </control>
                <control type="button" id ="8">
                    <label>24069</label>
                    <include>Dialog_Info_Buttons</include>
                    <enable>!Skin.HasSetting(global.kioskmode)</enable>
                </control>
                <control type="button" id ="9">
                    <label>5</label>
                    <include>Dialog_Info_Buttons</include>
                    <enable>!Skin.HasSetting(global.kioskmode)</enable>
                </control>
				<control type="button" id ="10">
                    <include>Dialog_Info_Buttons</include>
					<label>$LOCALIZE[39024]</label>
                </control>
                <control type="button" id ="12">
                    <include>Dialog_Info_Buttons</include>
                </control>
                <control type="radiobutton" id ="13">
                    <radioposx>200</radioposx>
                    <align>left</align>
                    <width>250</width>
                    <include>Dialog_Info_Buttons</include>
                </control>
            </control>
        </control>

        <include>Statusbar_Info_Clock</include>
    </controls>

</window>
