<?xml version="1.0" encoding="UTF-8"?>
<includes>
    <variable name="Label_NextRecordingHeader">
        <value condition="Pvr.IsRecording">$LOCALIZE[19158]...</value>
        <value condition="Pvr.HasTimer">$LOCALIZE[19157]...</value>
    </variable>
    <variable name="Label_NextRecording">
        <value condition="Pvr.IsRecording">[COLOR=$VAR[ColorHighlight]]$INFO[Pvr.NowRecordingTitle,,][/COLOR]$INFO[Pvr.NowRecordingChannel,  ,]</value>
        <value condition="Pvr.HasTimer">[COLOR=$VAR[ColorHighlight]]$INFO[Pvr.NextRecordingTitle,,][/COLOR]$INFO[Pvr.NextRecordingDateTime,  ,]$INFO[Pvr.NextRecordingChannel,  ,]</value>
    </variable>

    <variable name="Label_Top250">
        <value condition="Integer.IsGreater(Window(home).Property(SkinHelper.ListItem.IMDB.Top250),0)">$INFO[Window(Home).Property(SkinHelper.ListItem.IMDB.Top250),  •  $LOCALIZE[368] #,]</value>
    </variable>

    <variable name="Label_Duration">
        <value condition="!Skin.HasSetting(UseHoursMinutes) + !String.IsEmpty(Container(301).ListItem.Duration)">$INFO[Container(301).ListItem.Duration,, $LOCALIZE[31020]]</value>
        <value condition="!Skin.HasSetting(UseHoursMinutes) + !String.IsEmpty(ListItem.Duration)">$INFO[ListItem.Duration,, $LOCALIZE[31020]]</value>
		<value condition="Skin.HasSetting(UseHoursMinutes) + !Window.IsActive(Home)">$VAR[Label_DurationHrMins]</value>
		<value condition="Skin.HasSetting(UseHoursMinutes) + Window.IsActive(Home)">$VAR[Label_HomeDurationHrMins]</value>
<!--        <value condition="Skin.HasSetting(UseHoursMinutes)">$INFO[Window(Home).Property(SkinHelper.ListItem.Duration.Hours),, $LOCALIZE[31036] ]$INFO[Window(Home).Property(SkinHelper.ListItem.Duration.Minutes),, $LOCALIZE[31020] ]</value> -->
    </variable>

    <variable name="Label_DurationHrMins">
		<value condition="Integer.IsEqual(ListItem.Duration(mins),60) | Integer.IsEqual(ListItem.Duration(mins),120) | Integer.IsEqual(ListItem.Duration(mins),180) | Integer.IsEqual(ListItem.Duration(mins),240) | Integer.IsEqual(ListItem.Duration(mins),300) | Integer.IsEqual(ListItem.Duration(mins),360) | Integer.IsEqual(ListItem.Duration(mins),420) | Integer.IsEqual(ListItem.Duration(mins),480) | Integer.IsEqual(ListItem.Duration(mins),540) | Integer.IsEqual(ListItem.Duration(mins),600)">$INFO[ListItem.Duration(hours)] $VAR[Label_Hour]</value>
		<value condition="Integer.IsLess(ListItem.Duration(mins),60) + !String.IsEqual(ListItem.Duration(m),0)">$INFO[ListItem.Duration(m)] $VAR[Label_Minute]</value>
		<value condition="!String.isEqual(ListItem.Duration(h),0) + String.IsEqual(ListItem.Duration(m),0) + !String.IsEqual(ListItem.Duration(ss),0)">$INFO[ListItem.Duration(h)] $VAR[Label_Hour], $INFO[ListItem.Duration(ss)] $LOCALIZE[31296]</value>
		<value condition="Integer.IsLess(ListItem.Duration(mins),1) | String.IsEqual(ListItem.Duration(m),0)">$INFO[ListItem.Duration(ss),, $LOCALIZE[31296]]</value>
        <value condition="!String.IsEqual(ListItem.Duration(h),0) + String.IsEqual(ListItem.Duration(m),0)">$INFO[ListItem.Duration(h)] $VAR[Label_Hour]</value>
		<value>$INFO[ListItem.Duration(h)] $VAR[Label_Hour], $INFO[ListItem.Duration(m)] $VAR[Label_Minute]</value>
	</variable>
	
	<variable name="Label_HomeDurationHrMins">
		<value condition="Integer.IsEqual(Container(301).ListItem.Duration(mins),60) | Integer.IsEqual(Container(301).ListItem.Duration(mins),120) | Integer.IsEqual(Container(301).ListItem.Duration(mins),180) | Integer.IsEqual(Container(301).ListItem.Duration(mins),240) | Integer.IsEqual(ListItem.Duration(mins),300) | Integer.IsEqual(Container(301).ListItem.Duration(mins),360) | Integer.IsEqual(Container(301).ListItem.Duration(mins),420) | Integer.IsEqual(ListItem.Duration(mins),480) | Integer.IsEqual(Container(301).ListItem.Duration(mins),540) | Integer.IsEqual(Container(301).ListItem.Duration(mins),600)">$INFO[Container(301).ListItem.Duration(hours)] $VAR[Label_HomeHour]</value>
		<value condition="Integer.IsLess(Container(301).ListItem.Duration(mins),60) + !String.IsEqual(Container(301).ListItem.Duration(m),0)">$INFO[Container(301).ListItem.Duration(m)] $VAR[Label_HomeMinute]</value>
		<value condition="!String.isEqual(Container(301).ListItem.Duration(h),0) + String.IsEqual(Container(301).ListItem.Duration(m),0) + !String.IsEqual(Container(301).ListItem.Duration(ss),0)">$INFO[Container(301).ListItem.Duration(h)] $VAR[Label_HomeHour], $INFO[Container(301).ListItem.Duration(ss)] $LOCALIZE[31296]</value>
		<value condition="Integer.IsLess(Container(301).ListItem.Duration(mins),1) | String.IsEqual(Container(301).ListItem.Duration(m),0)">$INFO[Container(301).ListItem.Duration(ss),, $LOCALIZE[31296]]</value>
        <value condition="!String.IsEqual(Container(301).ListItem.Duration(h),0) + String.IsEqual(Container(301).ListItem.Duration(m),0)">$INFO[Container(301).ListItem.Duration(h)] $VAR[Label_HomeHour]</value>
		<value>$INFO[Container(301).ListItem.Duration(h)] $VAR[Label_HomeHour], $INFO[Container(301).ListItem.Duration(m)] $VAR[Label_HomeMinute]</value>
	</variable>

    <variable name="Label_Hour">
        <value condition="Integer.IsEqual(ListItem.Duration(h),1)">$LOCALIZE[31036]</value>
        <value condition="Integer.IsGreater(ListItem.Duration(h),1)">$LOCALIZE[31035]</value>
    </variable>
	
	<variable name="Label_HomeHour">
        <value condition="Integer.IsEqual(Container(301).ListItem.Duration(h),1)">$LOCALIZE[31036]</value>
        <value condition="Integer.IsGreater(Container(301).ListItem.Duration(h),1)">$LOCALIZE[31035]</value>
    </variable>
    
    <variable name="Label_Minute">
        <value condition="Integer.IsEqual(ListItem.Duration(m),1)">$LOCALIZE[31295]</value>
        <value condition="Integer.IsGreater(ListItem.Duration(m),1)">$LOCALIZE[31020]</value>
    </variable>

    <variable name="Label_HomeMinute">
        <value condition="Integer.IsEqual(Container(301).ListItem.Duration(m),1)">$LOCALIZE[31295]</value>
        <value condition="Integer.IsGreater(Container(301).ListItem.Duration(m),1)">$LOCALIZE[31020]</value>
    </variable>
	
    <variable name="Label_NumItems">
        <value condition="Window.IsVisible(LoginScreen.xml)">$LOCALIZE[10029]</value>
        <value condition="!String.IsEqual(Container.NumItems,0) + !String.IsEmpty(Container.NumItems) + !Container.IsUpdating">[COLOR=$VAR[ColorHighlight]]$INFO[Container.NumItems,,[/COLOR] $LOCALIZE[31101]]</value>
        <value condition="!String.IsEqual(Container(301).NumItems,0) + !String.IsEmpty(Container(301).NumItems) + ![Container(301).IsUpdating + Integer.IsEqual(Container(301).NumItems,0)]">[COLOR=$VAR[ColorHighlight]]$INFO[Container(301).NumItems,,[/COLOR] $LOCALIZE[31101]]</value>
        <value condition="!String.IsEqual(Container(50).NumItems,0) + !String.IsEmpty(Container(50).NumItems) + !Container(50).IsUpdating">[COLOR=$VAR[ColorHighlight]]$INFO[Container(50).NumItems,,[/COLOR] $LOCALIZE[31101]]</value>
    </variable>

    <variable name="Label_NumPages">
        <value condition="!String.IsEqual(Container.NumPages,0) + !String.IsEmpty(Container.NumPages) + !Container.IsUpdating">[COLOR=$VAR[ColorHighlight]]$INFO[Container.CurrentPage,,[/COLOR] $LOCALIZE[20163] ][COLOR=$VAR[ColorHighlight]]$INFO[Container.NumPages,,[/COLOR] $LOCALIZE[31243]]</value>
        <value condition="!String.IsEqual(Container(301).NumPages,0) + !String.IsEmpty(Container(301).NumPages) + ![Container(301).IsUpdating + Integer.IsEqual(Container(301).NumItems,0)]">[COLOR=$VAR[ColorHighlight]]$INFO[Container(301).CurrentPage,,[/COLOR] $LOCALIZE[20163] ][COLOR=$VAR[ColorHighlight]]$INFO[Container(301).NumPages,,[/COLOR] $LOCALIZE[31243]]</value>
        <value condition="!String.IsEqual(Container(50).NumPages,0) + !String.IsEmpty(Container(50).NumPages) + !Container(50).IsUpdating">[COLOR=$VAR[ColorHighlight]]$INFO[Container(50).CurrentPage,,[/COLOR] $LOCALIZE[20163] ][COLOR=$VAR[ColorHighlight]]$INFO[Container(50).NumPages,,[/COLOR] $LOCALIZE[31243]]</value>
    </variable>

    <variable name="Label_Statusbar_NextAired">
        <value condition="!String.IsEmpty(Window(Home).Property(NextAired.NextDate))">[COLOR=main_fg_70]$INFO[Window(Home).Property(NextAired.NextNumber),,. ]$INFO[Window(Home).Property(NextAired.NextTitle),,  ][/COLOR]$INFO[Window(Home).Property(NextAired.AirTime),, • ]$INFO[Window(Home).Property(NextAired.NextDate)]</value>
        <value condition="String.IsEmpty(Window(Home).Property(NextAired.NextDate)) + !String.IsEmpty(Window(Home).Property(NextAired.LatestTitle))">[COLOR=main_fg_70]$INFO[Window(Home).Property(NextAired.LatestNumber),,. ]$INFO[Window(Home).Property(NextAired.LatestTitle),,  ][/COLOR]$INFO[Window(Home).Property(NextAired.Status),, • ]$INFO[Window(Home).Property(NextAired.LatestDate)]</value>

        <value condition="!String.IsEmpty(Window(Home).Property(SkinHelper.ListItem.NextEpisode.Label))">[COLOR=main_fg_70]$INFO[Window(Home).Property(SkinHelper.ListItem.NextEpisode.Label),,  ][/COLOR]$INFO[Window(Home).Property(SkinHelper.ListItem.NextEpisode.AirDay),,: ]$INFO[Window(Home).Property(SkinHelper.ListItem.NextEpisode.AirTime),, • ]$INFO[Window(Home).Property(SkinHelper.ListItem.NextEpisode.Airdate)]</value>
        <value condition="!String.IsEmpty(Window(Home).Property(SkinHelper.ListItem.LastEpisode.Label))">[COLOR=main_fg_70]$INFO[Window(Home).Property(SkinHelper.ListItem.LastEpisode.Label),,  ][/COLOR]$INFO[Window(Home).Property(SkinHelper.ListItem.Status)]$INFO[Window(Home).Property(SkinHelper.ListItem.LastEpisode.Airdate), • ,]</value>
    </variable>

    <variable name="Label_SkinShortcuts_WidgetName">
        <value condition="!String.IsEmpty(Container(211).ListItem.Property(widgetName))">$INFO[Container(211).ListItem.Property(widgetName)]</value>
        <value condition="!String.IsEmpty(Container(211).ListItem.Property(background))">$LOCALIZE[31110]</value>
        <value>$LOCALIZE[31269]</value>
    </variable>

    <variable name="Label_SkinShortcuts_WidgetName_Fallback">
        <value condition="String.IsEqual(Skin.String(home.slideshowpath),special://skin/extras/backgrounds/default.jpg)">$LOCALIZE[16018]</value>
        <value condition="!String.IsEmpty(Skin.String(home.slideshowpath))">$INFO[Skin.String(home.slideshowpath)]</value>
        <value>$LOCALIZE[31266]$INFO[Skin.String(home.fallbackwidget.name), (,)]</value>
    </variable>

    <variable name="Label_Settings_Header">
        <value condition="Window.IsActive(systeminfo)">$LOCALIZE[130]</value>
        <value condition="Window.IsActive(systemsettings)">$LOCALIZE[13000]</value>
        <value condition="Window.IsActive(pvrsettings)">$LOCALIZE[19020]</value>
        <value condition="Window.IsActive(skinsettings)">$LOCALIZE[166]</value>
        <value condition="Window.IsActive(addonbrowser)">$LOCALIZE[24001]</value>
        <value condition="Window.IsActive(profiles)">$LOCALIZE[13200]</value>
        <value condition="Window.IsActive(servicesettings)">$LOCALIZE[14036]</value>
        <value condition="Window.IsActive(interfacesettings)">$LOCALIZE[14206]</value>
        <value condition="Window.IsActive(mediasettings)">$LOCALIZE[14202]</value>
        <value condition="Window.IsActive(playersettings)">$LOCALIZE[14200]</value>
        <value>$LOCALIZE[480]</value>
    </variable>

    <variable name="Label_Widget_Title">
        
        <value condition="Window.IsVisible(MyWeather.xml)"></value>
        <value condition="Window.IsVisible(script-script.extendedinfo-VideoList.xml)">$INFO[Container(500).ListItem.Label]</value>
        <value condition="Window.IsVisible(script-script.extendedinfo-DialogInfo.xml) + Control.IsVisible(150)">$INFO[Container(150).ListItem.Label]</value>
        <value condition="Window.IsVisible(script-script.extendedinfo-DialogInfo.xml) + Control.IsVisible(250)">$INFO[Container(250).ListItem.Label]</value>
        <value condition="Window.IsVisible(script-script.extendedinfo-DialogInfo.xml) + Control.IsVisible(350)">$INFO[Container(350).ListItem.Label]</value>
        <value condition="Window.IsVisible(script-script.extendedinfo-DialogInfo.xml) + Control.IsVisible(550)">$INFO[Container(550).ListItem.Label]</value>
        <value condition="Window.IsVisible(script-script.extendedinfo-DialogVideoInfo.xml) + Control.IsVisible(1000)">$INFO[Container(1000).ListItem.Label]</value>
        <value condition="Window.IsVisible(script-script.extendedinfo-DialogVideoInfo.xml) + Control.IsVisible(150)">$INFO[Container(150).ListItem.Label]</value>
        <value condition="Window.IsVisible(script-script.extendedinfo-DialogVideoInfo.xml) + Control.IsVisible(250)">$INFO[Container(250).ListItem.Label]</value>
        <value condition="Window.IsVisible(script-script.extendedinfo-DialogVideoInfo.xml) + Control.IsVisible(350)">$INFO[Container(350).ListItem.Label]</value>
        <value condition="Window.IsVisible(script-script.extendedinfo-DialogVideoInfo.xml) + Control.IsVisible(450)">$INFO[Container(450).ListItem.Label]</value>
        <value condition="Window.IsVisible(script-script.extendedinfo-DialogVideoInfo.xml) + Control.IsVisible(550)">$INFO[Container(550).ListItem.Label]</value>
        <value condition="Window.IsVisible(script-script.extendedinfo-DialogVideoInfo.xml) + Control.IsVisible(650)">$INFO[Container(650).ListItem.Label]</value>
        <value condition="Window.IsVisible(script-script.extendedinfo-DialogVideoInfo.xml) + Control.IsVisible(750)">$INFO[Container(750).ListItem.Label]</value>
        <value condition="Window.IsVisible(script-script.extendedinfo-DialogVideoInfo.xml) + Control.IsVisible(850)">$INFO[Container(850).ListItem.Label]</value>
        <value condition="Window.IsVisible(script-script.extendedinfo-DialogVideoInfo.xml) + Control.IsVisible(950)">$INFO[Container(950).ListItem.Label]</value>
        <value condition="Window.IsVisible(script-script.extendedinfo-DialogVideoInfo.xml) + Control.IsVisible(1050)">$INFO[Container(1050).ListItem.Label]</value>
        <value condition="Window.IsVisible(script-script.extendedinfo-DialogVideoInfo.xml) + Control.IsVisible(1150)">$INFO[Container(1150).ListItem.Label]</value>
        <value condition="Window.IsVisible(script-script.extendedinfo-DialogVideoInfo.xml) + Control.IsVisible(1250)">$INFO[Container(1250).ListItem.Label]</value>
        <value condition="Window.IsVisible(script-script.extendedinfo-DialogVideoInfo.xml) + Control.IsVisible(1350)">$INFO[Container(1350).ListItem.Label]</value>
        <value condition="Window.IsVisible(script-script.extendedinfo-DialogVideoInfo.xml) + Control.IsVisible(1450)">$INFO[Container(1450).ListItem.Label]</value>
        <value condition="Window.IsVisible(script-script.extendedinfo-DialogVideoInfo.xml) + String.IsEmpty(Window(Home).Property(FocusedList)) + !Control.IsVisible(1000) + !Control.IsVisible(150) + !Control.IsVisible(350) + !Control.IsVisible(750) + !Control.IsVisible(850) + !Control.IsVisible(950)">$INFO[Window.Property(label)]</value>
        <value condition="Window.IsVisible(script-script.extendedinfo-DialogInfo.xml) + String.IsEmpty(Window(Home).Property(FocusedList)) + !Control.IsVisible(150) + !Control.IsVisible(250) + !Control.IsVisible(350) + !Control.IsVisible(750)">$INFO[Window.Property(label)]</value>
        <value condition="String.IsEqual(Container(300).ListItem.Property(widget),NextAired) | String.IsEqual(Container(300).ListItem.Property(widget),Favourites)">$INFO[Container(301).ListItem.Label]</value>
        <value condition="!String.IsEqual(Container(301).ListItem.Title,Container(301).ListItem.TvShowTitle)">$INFO[Container(301).ListItem.Season,,x]$INFO[Container(301).ListItem.Episode,,. ]$INFO[Container(301).ListItem.Title]</value>
        <value condition="String.IsEqual(Container(301).ListItem.Title,Container(301).ListItem.TvShowTitle) +!String.IsEmpty(Container(301).ListItem.Title)">$INFO[Container(301).ListItem.Title]</value>
        <value>$INFO[Container(301).ListItem.Label]</value>
    </variable>

    <variable name="Label_Widget_Plot">
        <value condition="Skin.HasSetting(HidePlot) + !Window.IsActive(DialogVideoInfo.xml) + !Window.IsActive(script-script.extendedinfo-DialogVideoInfo.xml) + !Window.IsActive(script-script.extendedinfo-DialogInfo.xml)"></value>
        <value condition="Window.IsVisible(MyWeather.xml)"></value>
        <value condition="Window.IsVisible(script-script.extendedinfo-VideoList.xml) + !String.IsEmpty(Container(500).ListItem.Plot)">$INFO[Container(500).ListItem.Plot]</value>
        <value condition="Window.IsVisible(script-script.extendedinfo-DialogVideoInfo.xml) + !String.IsEmpty(Window.Property(plot)) + String.IsEmpty(Window(Home).Property(FocusedList)) + !Control.IsVisible(1000) + !Control.IsVisible(150) + !Control.IsVisible(350) + !Control.IsVisible(750) + !Control.IsVisible(850) + !Control.IsVisible(950)">$INFO[Window.Property(plot)]</value>
        <value condition="Window.IsVisible(script-script.extendedinfo-DialogInfo.xml) + !String.IsEmpty(Window.Property(Biography)) + String.IsEmpty(Window(Home).Property(FocusedList)) + !Control.IsVisible(150) + !Control.IsVisible(250) + !Control.IsVisible(350) + !Control.IsVisible(750)">$INFO[Window.Property(Biography)]</value>
        <value condition="Window.IsVisible(script-script.extendedinfo-DialogVideoInfo.xml) | Window.IsVisible(script-script.extendedinfo-DialogInfo.xml)"></value>
        <value condition="Window.IsVisible(DialogVideoInfo.xml) + [!String.IsEmpty(Window(Home).Property(FocusedList)) | Control.HasFocus(9501) | Control.HasFocus(9502)]"></value>
        <value condition="[Integer.IsEqual(Window(Home).Property(MenuBarFocus),302) + String.IsEqual(Container(302).ListItem.Property(widgetType),actors)] | [[!Integer.IsEqual(Window(Home).Property(MenuBarFocus),302) | String.IsEmpty(Container(302).ListItem.Property(widgetPath))] + String.IsEqual(Container(300).ListItem.Property(widgetType),actors)]"></value>
        <value condition="String.IsEqual(Container(300).ListItem.Property(widget),NextAired)">$INFO[Container(301).ListItem.Label2,,[CR]]$INFO[Container(301).ListItem.Property(Plot)]</value>
        <value condition="!String.IsEmpty(Container(301).ListItem.Plot)">$INFO[Container(301).ListItem.Plot]</value>
        <value condition="!String.IsEmpty(Container(301).ListItem.AddonDescription)">$INFO[Container(301).ListItem.AddonDescription]</value>
        <value condition="Container(301).ListItem.IsCollection">$INFO[Window(Home).Property(SkinHelper.ListItem.0.Label)]$INFO[Window(Home).Property(SkinHelper.ListItem.1.Label), / ,]$INFO[Window(Home).Property(SkinHelper.ListItem.2.Label), / ,]$INFO[Window(Home).Property(SkinHelper.ListItem.3.Label), / ,]$INFO[Window(Home).Property(SkinHelper.ListItem.4.Label), / ,]$INFO[Window(Home).Property(SkinHelper.ListItem.5.Label), / ,]$INFO[Window(Home).Property(SkinHelper.ListItem.6.Label), / ,]$INFO[Window(Home).Property(SkinHelper.ListItem.7.Label), / ,]$INFO[Window(Home).Property(SkinHelper.ListItem.8.Label), / ,]$INFO[Window(Home).Property(SkinHelper.ListItem.9.Label), / ,]$INFO[Window(Home).Property(SkinHelper.ListItem.10.Label), / ,]$INFO[Window(Home).Property(SkinHelper.ListItem.11.Label), / ,]$INFO[Window(Home).Property(SkinHelper.ListItem.12.Label), / ,]$INFO[Window(Home).Property(SkinHelper.ListItem.13.Label), / ,]$INFO[Window(Home).Property(SkinHelper.ListItem.14.Label), / ,]$INFO[Window(Home).Property(SkinHelper.ListItem.15.Label), / ,]$INFO[Window(Home).Property(SkinHelper.ListItem.16.Label), / ,]$INFO[Window(Home).Property(SkinHelper.ListItem.17.Label), / ,]$INFO[Window(Home).Property(SkinHelper.ListItem.18.Label), / ,]$INFO[Window(Home).Property(SkinHelper.ListItem.19.Label), / ,]$INFO[Window(Home).Property(SkinHelper.ListItem.20.Label), / ,]$INFO[Window(Home).Property(SkinHelper.ListItem.21.Label), / ,]$INFO[Window(Home).Property(SkinHelper.ListItem.Plot),[CR],]</value>
        <value>$LOCALIZE[19055]</value>
    </variable>

    <variable name="Label_Widget_InfoLine">
        <value condition="Window.IsVisible(MyWeather.xml)"></value>
        <value condition="Window.IsVisible(script-script.extendedinfo-VideoList.xml)">$INFO[Container(500).ListItem.Year,,  •  ]$INFO[Container(500).ListItem.Rating]</value>
        <value condition="Window.IsVisible(script-script.extendedinfo-DialogInfo.xml) + String.IsEmpty(Window(Home).Property(FocusedList)) + !Control.IsVisible(150) + !Control.IsVisible(250) + !Control.IsVisible(350) + !Control.IsVisible(550)">$INFO[Window.Property(AlsoKnownAs)]</value>
        <value condition="Window.IsVisible(script-script.extendedinfo-DialogVideoInfo.xml) + String.IsEmpty(Window(Home).Property(FocusedList)) + !Control.IsVisible(1000) + !Control.IsVisible(150) + !Control.IsVisible(350) + !Control.IsVisible(750) + !Control.IsVisible(850) + !Control.IsVisible(950)">$INFO[Window.Property(year)]$INFO[Window.Property(duration),  •  , $LOCALIZE[31102]]$INFO[Window.Property(rating),  •  ,]</value>
        <value condition="Window.IsVisible(script-script.extendedinfo-DialogVideoInfo.xml) + Control.IsVisible(1000)">$INFO[Container(1000).ListItem.Property(character),[COLOR=panel_fg_70]$LOCALIZE[20347][/COLOR] ,]</value>
        <value condition="Window.IsVisible(script-script.extendedinfo-DialogVideoInfo.xml) + Control.IsVisible(750)">$INFO[Container(750).ListItem.Property(job)] $INFO[Window(Home).Property(VideoInfo_InfoLine)]</value>
        <value condition="Window.IsVisible(script-script.extendedinfo-DialogInfo.xml) + Control.IsVisible(150)">$INFO[Container(150).ListItem.Property(character),[COLOR=panel_fg_70]$LOCALIZE[20347][/COLOR] ,]</value>
        <value condition="Window.IsVisible(script-script.extendedinfo-DialogInfo.xml) + Control.IsVisible(250)">$INFO[Container(250).ListItem.Property(character),[COLOR=panel_fg_70]$LOCALIZE[20347][/COLOR] ,]</value>
        <value condition="Window.IsVisible(script-script.extendedinfo-DialogInfo.xml) + Control.IsVisible(550)">$INFO[Container(550).ListItem.Property(job),[COLOR=panel_fg_70]$LOCALIZE[20347][/COLOR] ,]</value>
        <value condition="Window.IsVisible(script-script.extendedinfo-DialogVideoInfo.xml) | Window.IsVisible(script-script.extendedinfo-DialogInfo.xml)">$INFO[Window(Home).Property(VideoInfo_InfoLine)]</value>
        <value condition="!String.IsEmpty(Container(301).ListItem.AddonVersion)">$INFO[Container(301).ListItem.AddonVersion]$INFO[Container(301).ListItem.AddonSummary,  •  ,]</value>
        <value  condition="!String.IsEmpty(Container(301).ListItem.Artist)">$INFO[Container(301).ListItem.Artist]$INFO[Container(301).ListItem.Year,  •  ,]</value>
        <value condition="!String.IsEqual(Container(301).ListItem.Title,Container(301).ListItem.TvShowTitle) + !String.IsEmpty(Container(301).ListItem.TvShowTitle)">$INFO[Container(301).ListItem.TvShowTitle,,  •  ]$INFO[Container(301).ListItem.Premiered,,  •  ]$VAR[Label_Duration,,  •  ]$INFO[Container(301).ListItem.EndTime,$LOCALIZE[31106] ,  •  ]$VAR[Label_Rating]</value>
        <value condition="!String.IsEqual(Container(301).ListItem.Title,Container(301).ListItem.TvShowTitle) + String.IsEmpty(Container(301).ListItem.TvShowTitle) + [!String.IsEmpty(Container(301).ListItem.Year) | !String.IsEmpty(Container(301).ListItem.Duration) | !String.IsEmpty(Container(301).ListItem.Rating)]">$INFO[Container(301).ListItem.Year,,  •  ]$VAR[Label_Duration,,  •  ]$INFO[Container(301).ListItem.EndTime,$LOCALIZE[31106] ,  •  ]$VAR[Label_Rating]</value>
        <value condition="String.IsEqual(Container(301).ListItem.Title,Container(301).ListItem.TvShowTitle) + [!String.IsEmpty(Container(301).ListItem.Episode) | !String.IsEmpty(Container(301).ListItem.Duration) | !String.IsEmpty(Container(301).ListItem.Rating)]">$INFO[Container(301).ListItem.Episode,, $LOCALIZE[20360]  •  ]$INFO[Container(301).ListItem.Property(UnWatchedEpisodes),, $LOCALIZE[16101]  •  ]$VAR[Label_Duration,,  •  ]$VAR[Label_Rating]</value>
        <value condition="![Container(301).IsUpdating + Integer.IsEqual(Container(301).NumItems,0)] + !Integer.IsEqual(Container(301).NumItems) + !String.IsEmpty(Container(302).ListItem.Property(widgetName))">$INFO[Container(302).ListItem.Property(widgetName)]</value>
        <value condition="![Container(301).IsUpdating + Integer.IsEqual(Container(301).NumItems,0)] + !Integer.IsEqual(Container(301).NumItems) + !String.IsEmpty(Container(300).ListItem.Property(widgetName))">$INFO[Container(300).ListItem.Property(widgetName)]</value>
    </variable>

    <variable name="Label_VideoInfo_Title">
        <value condition="[Control.HasFocus(9501) | String.IsEqual(Window(Home).Property(FocusedList),9501)] + !Container(9501).IsUpdating">$INFO[Container(9501).ListItem.Label]</value>
        <value condition="[Control.HasFocus(9502) | String.IsEqual(Window(Home).Property(FocusedList),9502)] + !Container(9502).IsUpdating">$INFO[Container(9502).ListItem.Label]</value>
    </variable>

    <variable name="Label_VideoInfo_InfoLine">
        <value condition="[Control.HasFocus(9501) | String.IsEqual(Window(Home).Property(FocusedList),9501)] + !Container(9501).IsUpdating">$INFO[Container(9501).ListItem.Label2,[COLOR=panel_fg_70]$LOCALIZE[20347][/COLOR] ,]</value>
        <value condition="[Control.HasFocus(9502) | String.IsEqual(Window(Home).Property(FocusedList),9502)] + !Container(9502).IsUpdating">$INFO[Window(Home).Property(VideoInfo_InfoLine)]$INFO[Container(9502).ListItem.Year,  •  ,]</value>
    </variable>

    <variable name="Label_SquareTitle">
        <value condition="!String.IsEmpty(ListItem.Title)">$INFO[ListItem.Title]</value>
        <value>$INFO[ListItem.Label]</value>
    </variable>

    <variable name="Label_Title">
        <value condition="Window.IsVisible(MyWeather.xml)"></value>
        <value condition="Window.IsVisible(script-script.extendedinfo-DialogInfo.xml) + Control.IsVisible(150)">$INFO[Container(150).ListItem.Label]</value>
        <value condition="Window.IsVisible(script-script.extendedinfo-DialogInfo.xml) + Control.IsVisible(250)">$INFO[Container(250).ListItem.Label]</value>
        <value condition="Window.IsVisible(script-script.extendedinfo-DialogInfo.xml) + Control.IsVisible(350)">$INFO[Container(350).ListItem.Label]</value>
        <value condition="Window.IsVisible(script-script.extendedinfo-DialogInfo.xml) + Control.IsVisible(550)">$INFO[Container(550).ListItem.Label]</value>
        <value condition="Window.IsVisible(script-script.extendedinfo-DialogVideoInfo.xml) + Control.IsVisible(1000)">$INFO[Container(1000).ListItem.Label]</value>
        <value condition="Window.IsVisible(script-script.extendedinfo-DialogVideoInfo.xml) + Control.IsVisible(150)">$INFO[Container(150).ListItem.Label]</value>
        <value condition="Window.IsVisible(script-script.extendedinfo-DialogVideoInfo.xml) + Control.IsVisible(250)">$INFO[Container(250).ListItem.Label]</value>
        <value condition="Window.IsVisible(script-script.extendedinfo-DialogVideoInfo.xml) + Control.IsVisible(350)">$INFO[Container(350).ListItem.Label]</value>
        <value condition="Window.IsVisible(script-script.extendedinfo-DialogVideoInfo.xml) + Control.IsVisible(450)">$INFO[Container(450).ListItem.Label]</value>
        <value condition="Window.IsVisible(script-script.extendedinfo-DialogVideoInfo.xml) + Control.IsVisible(550)">$INFO[Container(550).ListItem.Label]</value>
        <value condition="Window.IsVisible(script-script.extendedinfo-DialogVideoInfo.xml) + Control.IsVisible(650)">$INFO[Container(650).ListItem.Label]</value>
        <value condition="Window.IsVisible(script-script.extendedinfo-DialogVideoInfo.xml) + Control.IsVisible(750)">$INFO[Container(750).ListItem.Label]</value>
        <value condition="Window.IsVisible(script-script.extendedinfo-DialogVideoInfo.xml) + Control.IsVisible(850)">$INFO[Container(850).ListItem.Label]</value>
        <value condition="Window.IsVisible(script-script.extendedinfo-DialogVideoInfo.xml) + Control.IsVisible(950)">$INFO[Container(950).ListItem.Label]</value>
        <value condition="Window.IsVisible(script-script.extendedinfo-DialogVideoInfo.xml) + Control.IsVisible(1050)">$INFO[Container(1050).ListItem.Label]</value>
        <value condition="Window.IsVisible(script-script.extendedinfo-DialogVideoInfo.xml) + Control.IsVisible(1150)">$INFO[Container(1150).ListItem.Label]</value>
        <value condition="Window.IsVisible(script-script.extendedinfo-DialogVideoInfo.xml) + Control.IsVisible(1250)">$INFO[Container(1250).ListItem.Label]</value>
        <value condition="Window.IsVisible(script-script.extendedinfo-DialogVideoInfo.xml) + Control.IsVisible(1350)">$INFO[Container(1350).ListItem.Label]</value>
        <value condition="Window.IsVisible(script-script.extendedinfo-DialogVideoInfo.xml) + Control.IsVisible(1450)">$INFO[Container(1450).ListItem.Label]</value>
        <value condition="Window.IsVisible(script-script.extendedinfo-DialogVideoInfo.xml) + String.IsEmpty(Window(Home).Property(FocusedList)) + !Control.IsVisible(1000) + !Control.IsVisible(150) + !Control.IsVisible(350) + !Control.IsVisible(750) + !Control.IsVisible(850) + !Control.IsVisible(950)">$INFO[Window.Property(label)]</value>
        <value condition="Window.IsVisible(script-script.extendedinfo-DialogInfo.xml) + String.IsEmpty(Window(Home).Property(FocusedList)) + !Control.IsVisible(150) + !Control.IsVisible(250) + !Control.IsVisible(350) + !Control.IsVisible(750)">$INFO[Window.Property(label)]</value>
        <value condition="[Window.IsVisible(MyPVRChannels.xml) | Window.IsVisible(MyPVRSearch.xml) | Window.IsVisible(MyPVRRecordings.xml) | Window.IsVisible(MyPVRTimers.xml)] + !String.IsEmpty(ListItem.Title)">$INFO[ListItem.Title]</value>
        <value condition="Container.Content(songs)">$INFO[ListItem.TrackNumber,,. ]$INFO[ListItem.Title]</value>
        <value condition="!String.IsEmpty(Container(50).ListItem.Label) + !String.IsEqual(Container(50).ListItem.Label,..)">$INFO[Container(50).ListItem.Label]</value>
        <value condition="!String.IsEqual(ListItem.Label,..)">$INFO[ListItem.Label]</value>
    </variable>

    <variable name="Label_InfoLine">
        <value condition="Window.IsVisible(MyWeather.xml)"></value>
        <value condition="Window.IsVisible(script-script.extendedinfo-DialogInfo.xml) + String.IsEmpty(Window(Home).Property(FocusedList)) + !Control.IsVisible(150) + !Control.IsVisible(250) + !Control.IsVisible(350) + !Control.IsVisible(550)">$INFO[Window.Property(AlsoKnownAs)]</value>
        <value condition="Window.IsVisible(script-script.extendedinfo-DialogVideoInfo.xml) + String.IsEmpty(Window(Home).Property(FocusedList)) + !Control.IsVisible(1000) + !Control.IsVisible(150) + !Control.IsVisible(350) + !Control.IsVisible(750) + !Control.IsVisible(850) + !Control.IsVisible(950)">$INFO[Window.Property(year)]$INFO[Window.Property(duration),  •  , $LOCALIZE[31102]]$INFO[Window.Property(rating),  •  ,]</value>
        <value condition="Window.IsVisible(script-script.extendedinfo-DialogVideoInfo.xml) + Control.IsVisible(1000)">$INFO[Container(1000).ListItem.Property(character),[COLOR=panel_fg_70]$LOCALIZE[20347][/COLOR] ,]</value>
        <value condition="Window.IsVisible(script-script.extendedinfo-DialogVideoInfo.xml) + Control.IsVisible(750)">$INFO[Container(750).ListItem.Property(job)] $INFO[Window(Home).Property(VideoInfo_InfoLine)]</value>
        <value condition="Window.IsVisible(script-script.extendedinfo-DialogInfo.xml) + Control.IsVisible(150)">$INFO[Container(150).ListItem.Property(character),[COLOR=panel_fg_70]$LOCALIZE[20347][/COLOR] ,]</value>
        <value condition="Window.IsVisible(script-script.extendedinfo-DialogInfo.xml) + Control.IsVisible(250)">$INFO[Container(250).ListItem.Property(character),[COLOR=panel_fg_70]$LOCALIZE[20347][/COLOR] ,]</value>
        <value condition="Window.IsVisible(script-script.extendedinfo-DialogInfo.xml) + Control.IsVisible(550)">$INFO[Container(550).ListItem.Property(job),[COLOR=panel_fg_70]$LOCALIZE[20347][/COLOR] ,]</value>
        <value condition="Window.IsVisible(script-script.extendedinfo-DialogVideoInfo.xml) | Window.IsVisible(script-script.extendedinfo-DialogInfo.xml)">$INFO[Window(Home).Property(VideoInfo_InfoLine)]</value>
        <value condition="String.IsEqual(ListItem.Label,..)"></value>
        <value condition="ListItem.IsCollection">$INFO[Window(Home).Property(SkinHelper.ListItem.Count),, $LOCALIZE[36901]  •  ]$INFO[Window(Home).Property(SkinHelper.ListItem.Year),,  •  ]$VAR[Label_Duration,,  •  ]$VAR[Label_Rating]</value>
        <value condition="[Container.Content(movies) | Window.IsVisible(script-script.extendedinfo-VideoList.xml)] + [!String.IsEmpty(ListItem.Year) | !String.IsEmpty(ListItem.Duration) | !String.IsEmpty(ListItem.Rating)]">$INFO[ListItem.Year,,  •  ]$VAR[Label_Duration,,  •  ]$INFO[ListItem.EndTime,$LOCALIZE[31106] ,  •  ]$VAR[Label_Rating,,  •  ]$INFO[ListItem.MPAA]</value>
        <value condition="Container.Content(episodes) + !String.IsEmpty(ListItem.TvShowTitle)">$INFO[ListItem.TvShowTitle,,  •  ]$INFO[ListItem.Premiered,,  •  ]$VAR[Label_Duration,,  •  ]$INFO[ListItem.EndTime,$LOCALIZE[31106] ,  •  ]$VAR[Label_Rating]</value>
        <value condition="Container.Content(tvshows) + !String.IsEmpty(ListItem.Property(UnWatchedEpisodes))">$INFO[ListItem.Property(TotalSeasons),, $LOCALIZE[33054]  •  ]$INFO[ListItem.Property(TotalEpisodes),, $LOCALIZE[20360]  •  ]$INFO[ListItem.Property(UnWatchedEpisodes),, $LOCALIZE[31215]  •  ]$VAR[Label_Duration,,  •  ]$VAR[Label_Rating]</value>
        <value condition="Container.Content(seasons) + !String.IsEmpty(ListItem.Property(UnWatchedEpisodes))">$INFO[ListItem.Property(TotalEpisodes),, $LOCALIZE[20360]  •  ]$INFO[ListItem.Property(UnWatchedEpisodes),, $LOCALIZE[31215]]$INFO[ListItem.Year,  •  ,]</value>
        <value condition="Container.Content(songs) + !String.IsEmpty(ListItem.Artist)">$INFO[ListItem.Artist,,  •  ]$INFO[ListItem.Album,,  •  ]$INFO[Container.Property(Album_Label),,  •  ]$INFO[ListItem.Year]</value>
        <value condition="Container.Content(albums) + !String.IsEmpty(ListItem.Artist)">$INFO[ListItem.Artist,,  •  ]$INFO[ListItem.Property(Album_Label),,  •  ]$INFO[ListItem.Year]</value>
        <value condition="Container.Content(artists)">$INFO[ListItem.Property(Artist_YearsActive),,  •  ]$INFO[Window(Home).Property(SkinHelper.ListItem.AlbumCount),, $LOCALIZE[36919]]</value>
        <value condition="[Window.IsVisible(MyPVRChannels.xml) | Window.IsVisible(MyPVRSearch.xml) | Window.IsVisible(MyPVRRecordings.xml) | Window.IsVisible(MyPVRTimers.xml)] + [!String.IsEmpty(ListItem.EndTime) | !String.IsEmpty(ListItem.Plot)]">$INFO[ListItem.EndTime,$LOCALIZE[31106] ,]$INFO[ListItem.Plot,  •  ,]</value>
        <value condition="String.Contains(Container.FolderPath,/tvshows/)">$LOCALIZE[20343]$INFO[Container.FolderName,  •  ,]</value>
        <value condition="String.Contains(Container.FolderPath,/movies/)">$LOCALIZE[20342]$INFO[Container.FolderName,  •  ,]</value>
        <value condition="!String.IsEmpty(System.CurrentWindow) + !Window.IsVisible(SettingsCategory.xml) + !Window.IsVisible(Settings.xml)">$INFO[System.CurrentWindow]$INFO[Container.FolderName,  •  ,]$INFO[ListItem.Premiered,  •  ,]</value>
        <value condition="!String.IsEmpty(Container.FolderName)">$INFO[Container.FolderName]</value>
    </variable>

    <variable name="Label_OverlayPlot">
        <value condition="!String.IsEmpty(ListItem.Plot)">$INFO[ListItem.Plot]</value>
        <value>$INFO[Window(Home).Property(SkinHelper.ListItem.Plot)]</value>
    </variable>
    
    <variable name="Label_Plot">
        <value condition="Skin.HasSetting(HidePlot) + !Window.IsActive(DialogVideoInfo.xml) + !Window.IsActive(script-script.extendedinfo-DialogVideoInfo.xml) + !Window.IsActive(script-script.extendedinfo-DialogInfo.xml)"></value>
        <value condition="Window.IsVisible(MyWeather.xml)"></value>
        <value condition="Window.IsVisible(script-script.extendedinfo-DialogVideoInfo.xml) + !String.IsEmpty(Window.Property(plot)) + String.IsEmpty(Window(Home).Property(FocusedList)) + !Control.IsVisible(1000) + !Control.IsVisible(150) + !Control.IsVisible(350) + !Control.IsVisible(750) + !Control.IsVisible(850) + !Control.IsVisible(950)">$INFO[Window.Property(plot)]</value>
        <value condition="Window.IsVisible(script-script.extendedinfo-DialogInfo.xml) + !String.IsEmpty(Window.Property(Biography)) + String.IsEmpty(Window(Home).Property(FocusedList)) + !Control.IsVisible(150) + !Control.IsVisible(250) + !Control.IsVisible(350) + !Control.IsVisible(750)">$INFO[Window.Property(Biography)]</value>
        <value condition="Window.IsVisible(script-script.extendedinfo-DialogVideoInfo.xml) | Window.IsVisible(script-script.extendedinfo-DialogInfo.xml)"></value>
        <value condition="Window.IsVisible(DialogVideoInfo.xml) + [!String.IsEmpty(Window(Home).Property(FocusedList)) | Control.HasFocus(9501) | Control.HasFocus(9502)]"></value>
        <value condition="Window.IsVisible(MyPVRGuide.xml) + Player.HasVideo + Skin.HasSetting(global.showvideo)"></value>
        <value condition="Window.IsVisible(MyPVRGuide.xml)">$INFO[ListItem.Plot]</value>
        <value condition="Window.IsVisible(MyPVRChannels.xml) | Window.IsVisible(MyPVRRecordings.xml) | Window.IsVisible(MyPVRTimers.xml) | Window.IsVisible(MyPVRSearch.xml)"></value>
        <value condition="Window.IsVisible(Home) + !Window.IsVisible(DialogVideoInfo.xml) + !Window.IsVisible(DialogMusicInfo.xml)">$VAR[Label_Widget_Plot]</value>
        <value condition="![Container.Content(movies) | Container.Content(episodes) | Container.Content(seasons) | Container.Content(sets) | Container.Content(actors) | Container.Content(tvshows) | Container.Content(videos)]"></value>
        <value condition="ListItem.IsCollection">$INFO[Window(Home).Property(SkinHelper.ListItem.0.Label)]$INFO[Window(Home).Property(SkinHelper.ListItem.1.Label), / ,]$INFO[Window(Home).Property(SkinHelper.ListItem.2.Label), / ,]$INFO[Window(Home).Property(SkinHelper.ListItem.3.Label), / ,]$INFO[Window(Home).Property(SkinHelper.ListItem.4.Label), / ,]$INFO[Window(Home).Property(SkinHelper.ListItem.5.Label), / ,]$INFO[Window(Home).Property(SkinHelper.ListItem.6.Label), / ,]$INFO[Window(Home).Property(SkinHelper.ListItem.7.Label), / ,]$INFO[Window(Home).Property(SkinHelper.ListItem.8.Label), / ,]$INFO[Window(Home).Property(SkinHelper.ListItem.9.Label), / ,]$INFO[Window(Home).Property(SkinHelper.ListItem.10.Label), / ,]$INFO[Window(Home).Property(SkinHelper.ListItem.11.Label), / ,]$INFO[Window(Home).Property(SkinHelper.ListItem.12.Label), / ,]$INFO[Window(Home).Property(SkinHelper.ListItem.13.Label), / ,]$INFO[Window(Home).Property(SkinHelper.ListItem.14.Label), / ,]$INFO[Window(Home).Property(SkinHelper.ListItem.15.Label), / ,]$INFO[Window(Home).Property(SkinHelper.ListItem.16.Label), / ,]$INFO[Window(Home).Property(SkinHelper.ListItem.17.Label), / ,]$INFO[Window(Home).Property(SkinHelper.ListItem.18.Label), / ,]$INFO[Window(Home).Property(SkinHelper.ListItem.19.Label), / ,]$INFO[Window(Home).Property(SkinHelper.ListItem.20.Label), / ,]$INFO[Window(Home).Property(SkinHelper.ListItem.21.Label), / ,]$INFO[Window(Home).Property(SkinHelper.ListItem.Plot),[CR],]</value>
        <value>$INFO[ListItem.Plot]</value>
    </variable>

    <variable name="Label_Rating">
        <value condition="Window.IsVisible(Home) + !String.IsEmpty(Container(301).ListItem.Rating)">$INFO[Container(301).ListItem.Rating]$VAR[Label_Top250]</value>
        <value condition="!String.IsEmpty(ListItem.Rating)">$INFO[ListItem.Rating]$VAR[Label_Top250]</value>
        <value>0.0$VAR[Label_Top250]</value>
    </variable>

    <variable name="Label_PlayerStatus">
        <value condition="Player.Caching">$LOCALIZE[439] $INFO[Player.CacheLevel,,%]</value>
        <value condition="Player.Forwarding32x">FF 32x</value>
        <value condition="Player.Forwarding16x">FF 16x</value>
        <value condition="Player.Forwarding8x">FF 8x</value>
        <value condition="Player.Forwarding4x">FF 4x</value>
        <value condition="Player.Forwarding2x">FF 2x</value>
        <value condition="Player.Forwarding">FF</value>
        <value condition="Player.Rewinding32x">RW 32x</value>
        <value condition="Player.Rewinding16x">RW 16x</value>
        <value condition="Player.Rewinding8x">RW 8x</value>
        <value condition="Player.Rewinding4x">RW 4x</value>
        <value condition="Player.Rewinding2x">RW 2x</value>
        <value condition="Player.Rewinding">RW</value>
        <value condition="[Player.Seeking | Player.DisplayAfterSeek] + !String.IsEmpty(Player.SeekOffset)">$LOCALIZE[773]$INFO[Player.SeekOffset, ,]</value>
        <value condition="Player.Seeking + String.IsEmpty(Player.SeekOffset)">$LOCALIZE[773]$INFO[Player.SeekStepSize, ,]</value>
        <value condition="Player.Paused">$LOCALIZE[112]</value>
        <value condition="Player.Playing">$LOCALIZE[31236]</value>
        <value>$INFO[Player.FinishTime,$LOCALIZE[31106] ,]</value>
    </variable>

    <variable name="Label_VideoHWDecoder">
        <value condition="Player.Process(videohwdecoder)">HW</value>
        <value>SW</value>
    </variable>

    <variable name="Label_SkinSettings_Info">
        <value condition="Control.HasFocus(9211)">$LOCALIZE[31041]</value>
        <value condition="Control.HasFocus(9212)">$LOCALIZE[31042]</value>
        <value condition="Control.HasFocus(9213)">$LOCALIZE[31043]</value>
        <value condition="Control.HasFocus(9214)">$LOCALIZE[31044]</value>
        <value condition="Control.HasFocus(9215)">$LOCALIZE[31045]</value>
        <value condition="Control.HasFocus(9216)">$LOCALIZE[31046]</value>
        <value condition="Control.HasFocus(9217)">$LOCALIZE[31077]</value>
        <value condition="Control.HasFocus(9221)">$LOCALIZE[31047]</value>
        <value condition="Control.HasFocus(9222)">$LOCALIZE[31048]</value>
        <value condition="Control.HasFocus(9231)">$LOCALIZE[31049]</value>
        <value condition="Control.HasFocus(9232)">$LOCALIZE[31050]</value>
        <value condition="Control.HasFocus(9233)">$LOCALIZE[31051]</value>
        <value condition="Control.HasFocus(9234)">$LOCALIZE[31052]</value>
        <value condition="Control.HasFocus(9236)">$LOCALIZE[31156]</value>
        <value condition="Control.HasFocus(9237)">$LOCALIZE[31157]</value>
        <value condition="Control.HasFocus(9242)">$LOCALIZE[31053]</value>
        <value condition="Control.HasFocus(9243)">$LOCALIZE[31054]</value>
        <value condition="Control.HasFocus(9244)">$LOCALIZE[31055]</value>
        <value condition="Control.HasFocus(9245)">$LOCALIZE[31056]</value>
        <value condition="Control.HasFocus(9251)">$LOCALIZE[31058]</value>
        <value condition="Control.HasFocus(9252)">$LOCALIZE[31059]</value>
        <value condition="Control.HasFocus(9271)">$LOCALIZE[31060]</value>
        <value condition="Control.HasFocus(9272)">$LOCALIZE[31061]</value>
        <value condition="Control.HasFocus(9273)">$LOCALIZE[31062]</value>
        <value condition="Control.HasFocus(9274)">$LOCALIZE[31063]</value>
        <value condition="Control.HasFocus(9275)">$LOCALIZE[31154]</value>
        <value condition="Control.HasFocus(9278)">$LOCALIZE[31155]</value>
        <value condition="Control.HasFocus(9261)">$LOCALIZE[31064]</value>
        <value condition="Control.HasFocus(9262)">$LOCALIZE[31065]</value>
        <value condition="Control.HasFocus(9263)">$LOCALIZE[31066]</value>
        <value condition="Control.HasFocus(9264)">$LOCALIZE[31067]</value>
    </variable>
</includes>
