<?xml version="1.0" encoding="UTF-8"?>
<window id="1127" type="dialog">
    <defaultcontrol always="true">90100</defaultcontrol>
    <animation effect="slide" start="608" end="0" time="300" tween="quadratic" easing="out">WindowOpen</animation>
    <animation effect="slide" start="0" end="608" time="300" tween="quadratic" easing="out">WindowClose</animation>
    <coordinates>
        <system>1</system>
        <left>1312</left>
        <top>0</top>
    </coordinates>
    <controls>
        <control type="image">
            <width>608</width>
            <height>1080</height>
            <texture colordiffuse="background">$VAR[CommonBackgroundOverlay]</texture>
        </control>
        <control type="image">
            <left>8</left>
            <width>600</width>
            <height>1080</height>
            <texture colordiffuse="background">dialog.png</texture>
        </control>
        <control type="grouplist" id="90100">
            <left>8</left>
            <top>0</top>
            <width>600</width>
            <height>1080</height>
            <itemgap>0</itemgap>
            <onup>90100</onup>
            <ondown>90100</ondown>
            <onleft>90100</onleft>
            <onright>90100</onright>
            <align>center</align>
            <control type="radiobutton" id="90101">
                <height>90</height>
                <width>660</width>
                <label>13404</label>
                <onclick>Skin.ToggleSetting(Disable.ResumableOverlay)</onclick>
                <selected>!Skin.HasSetting(Disable.ResumableOverlay)</selected>
                <textoffsetx>80</textoffsetx>
            </control>
            <control type="radiobutton" id="90102">
                <height>90</height>
                <width>660</width>
                <label>16102</label>
                <onclick>Skin.ToggleSetting(Disable.WatchedOverlay)</onclick>
                <selected>!Skin.HasSetting(Disable.WatchedOverlay)</selected>
                <textoffsetx>80</textoffsetx>
            </control>
            <control type="radiobutton" id="90103">
                <height>90</height>
                <width>660</width>
                <label>16101</label>
                <onclick>Skin.ToggleSetting(Enable.UnwatchedOverlay)</onclick>
                <selected>Skin.HasSetting(Enable.UnwatchedOverlay)</selected>
                <textoffsetx>80</textoffsetx>
            </control>
        </control>
        <control type="group">
            <top>320</top>
            <left>8</left>
            <control type="label">
                <top>81</top>
                <width>80</width>
                <height>100</height>
                <font>IconSmall</font>
                <align>center</align>
                <label>S</label>
            </control>
            <control type="label">
                <top>171</top>
                <width>80</width>
                <height>100</height>
                <font>IconSmall</font>
                <align>center</align>
                <label>T</label>
            </control>
            <control type="label">
                <top>261</top>
                <width>80</width>
                <height>100</height>
                <font>IconSmall</font>
                <align>center</align>
                <label>R</label>
            </control>
            <control type="label">
                <top>170</top>
                <width>80</width>
                <height>100</height>
                <align>center</align>
                <font>IconTiny</font>
                <textcolor>highlight</textcolor>
                <label>A</label>
            </control>
        </control>
    </controls>
</window>