<?xml version="1.0" encoding="UTF-8"?>
<window id="1119" type="window">
    <defaultcontrol always="true">50</defaultcontrol>
    <controls>
        <include>CommonBackground</include>
        <control type="group">
            <include>MenuSlideAnimation</include>
            <top>0</top>
            <left>-430</left>
            <include>Submenu</include>
            <include>MainMenu</include>
            <include>Topbar</include>
            <control type="group">
                <include>Animation.Common</include>
                <left>620</left>
                <top>0</top>        
                <control type="group">
                    <control type="panel" id="50">
                        <left>0</left>
                        <top>180</top>
                        <width>550</width>
                        <height>840</height>
                        <onleft>9000</onleft>
                        <onright condition="Integer.IsGreater(Container(51).NumItems,0)">51</onright>
                        <onup>50</onup>
                        <ondown>50</ondown>
                        <viewtype label="535">list</viewtype>
                        <scrolltime tween="quadratic" easing="out">200</scrolltime>
                        <itemlayout height="120" width="550">
                            <control type="image">
                                <left>10</left>
                                <top>10</top>
                                <width>100</width>
                                <height>100</height>
                                <aspectratio>keep</aspectratio>
                                <texture background="true">$INFO[ListItem.Icon]</texture>
                            </control>
                            <control type="label">
                                <left>140</left>
                                <top>3</top>
                                <right>20</right>
                                <height>110</height>
                                <font>font30</font>
                                <label>$INFO[ListItem.Label]</label>
                            </control>
                        </itemlayout>
                        <focusedlayout height="120" width="550">
                            <control type="image">
                                <width>550</width>
                                <height>120</height>
                                <texture colordiffuse="highlight">selecteditem_bg.png</texture>
                            </control>
                            <control type="image">
                                <width>120</width>
                                <height>120</height>
                                <texture>overlays/diffuse-overlay.png</texture>
                            </control>
                            <control type="image">
                                <left>10</left>
                                <top>10</top>
                                <width>100</width>
                                <height>100</height>
                                <aspectratio>keep</aspectratio>
                                <texture background="true">$INFO[ListItem.Icon]</texture>
                            </control>
                            <control type="label">
                                <left>140</left>
                                <top>3</top>
                                <right>20</right>
                                <height>110</height>
                                <font>font30</font>
                                <label>$INFO[ListItem.Label]</label>
                            </control>
                        </focusedlayout>
                        <content>
                            <item id="1">
                                <label>$LOCALIZE[1037]</label>
                                <icon>DefaultAddonVideo.png</icon>
                                <property name="AppsTarget">videos</property>
                                <property name="AppsContent">addons://sources/video/</property>
                                <property name="AppsSortBy">lastused</property>
                                <onclick>ActivateWindow(Videos,Addons,return)</onclick>
                            </item>
                            <item id="2">
                                <label>$LOCALIZE[1038]</label>
                                <icon>DefaultAddonMusic.png</icon>
                                <property name="AppsTarget">music</property>
                                <property name="AppsContent">addons://sources/audio/</property>
                                <property name="AppsSortBy">lastused</property>
                                <onclick>ActivateWindow(Music,Addons,return)</onclick>
                            </item>
                            <item id="3">
                                <label>$LOCALIZE[1039]</label>
                                <icon>DefaultAddonPicture.png</icon>
                                <property name="AppsTarget">pictures</property>
                                <property name="AppsContent">addons://sources/image/</property>
                                <property name="AppsSortBy">lastused</property>
                                <onclick>ActivateWindow(Pictures,Addons,return)</onclick>
                            </item>
                            <item id="4">
                                <label>$LOCALIZE[1043]</label>
                                <icon>DefaultAddonProgram.png</icon>
                                <property name="AppsTarget">programs</property>
                                <property name="AppsContent">addons://sources/executable/</property>
                                <property name="AppsSortBy">lastused</property>
                                <onclick>ActivateWindow(Programs,Addons,return)</onclick>
                            </item>
                            <item id="5">
                                <label>$LOCALIZE[20244]</label>
                                <icon>DefaultIconAndroid.png</icon>
                                <property name="AppsTarget">programs</property>
                                <property name="AppsContent">androidapp://sources/apps/</property>
                                <property name="AppsSortBy">lastused</property>
                                <onclick>ActivateWindow(Programs,return)</onclick>
                                <visible>System.Platform.Android</visible>
                            </item>
                            <item id="6">
                                <label>$LOCALIZE[31090]</label>
                                <icon>DefaultAddonGame.png</icon>
                                <property name="AppsTarget">games</property>
                                <property name="AppsContent">addons://sources/game/</property>
                                <property name="AppsSortBy">lastused</property>
                                <onclick>ActivateWindow(Games,Addons,return)</onclick>
                            </item>
                            <item id="7">
                                <label>$LOCALIZE[21452]</label>
                                <icon>DefaultFolder.png</icon>
                                <property name="AppsTarget">addonbrowser</property>
                                <property name="AppsContent">addons://all</property>
                                <property name="AppsSortBy"></property>
                                <onclick>ActivateWindow(AddonBrowser,return)</onclick>
                            </item>
                        </content>
                    </control>
                </control>
                <control type="group">
                    <control type="panel" id="51">
                        <top>180</top>
                        <left>615</left>
                        <width>1050</width>
                        <height>840</height>
                        <onleft>50</onleft>
                        <onright condition="Container(51).HasNext | Container(51).HasPrevious">60</onright>
                        <onup>51</onup>
                        <ondown>51</ondown>
                        <animation effect="fade" start="100" end="0" time="300" condition="Container(51).IsUpdating">conditional</animation>
                        <viewtype label="535">list</viewtype>
                        <pagecontrol>60</pagecontrol>
                        <scrolltime tween="quadratic" easing="out">200</scrolltime>
                        <itemlayout height="120" width="1050">
                            <control type="image">
                                <left>10</left>
                                <top>10</top>
                                <width>100</width>
                                <height>100</height>
                                <aspectratio>keep</aspectratio>
                                <texture background="true" fallback="DefaultFolder.png">$INFO[ListItem.Icon]</texture>
                            </control>
                            <control type="label">
                                <visible>!String.IsEmpty(ListItem.AddonSummary)</visible>
                                <left>140</left>
                                <top>3</top>
                                <right>20</right>
                                <height>70</height>
                                <font>font30</font>
                                <label>$INFO[ListItem.Label]</label>
                            </control>
                            <control type="label">
                                <visible>String.IsEmpty(ListItem.AddonSummary)</visible>
                                <left>140</left>
                                <top>3</top>
                                <right>20</right>
                                <height>110</height>
                                <font>font30</font>
                                <label>$INFO[ListItem.Label]</label>
                            </control>
                            <control type="label">
                                <visible>!String.IsEmpty(ListItem.AddonSummary)</visible>
                                <left>140</left>
                                <top>52</top>
                                <right>20</right>
                                <height>60</height>
                                <label>$INFO[ListItem.AddonSummary]</label>
                            </control>
                        </itemlayout>
                        <focusedlayout height="120" width="1050">
                            <control type="image">
                                <width>1050</width>
                                <height>120</height>
                                <texture colordiffuse="highlight">selecteditem_bg.png</texture>
                            </control>
                            <control type="image">
                                <width>120</width>
                                <height>120</height>
                                <texture>overlays/diffuse-overlay.png</texture>
                            </control>
                            <control type="image">
                                <left>10</left>
                                <top>10</top>
                                <width>100</width>
                                <height>100</height>
                                <aspectratio>keep</aspectratio>
                                <texture background="true" fallback="DefaultFolder.png">$INFO[ListItem.Icon]</texture>
                            </control>
                            <control type="label">
                                <visible>!String.IsEmpty(ListItem.AddonSummary)</visible>
                                <left>140</left>
                                <top>3</top>
                                <right>20</right>
                                <height>70</height>
                                <font>font30</font>
                                <label>$INFO[ListItem.Label]</label>
                            </control>
                            <control type="label">
                                <visible>String.IsEmpty(ListItem.AddonSummary)</visible>
                                <left>140</left>
                                <top>3</top>
                                <right>20</right>
                                <height>110</height>
                                <font>font30</font>
                                <label>$INFO[ListItem.Label]</label>
                            </control>
                            <control type="label">
                                <visible>!String.IsEmpty(ListItem.AddonSummary)</visible>
                                <left>140</left>
                                <top>52</top>
                                <right>20</right>
                                <height>60</height>
                                <label>$INFO[ListItem.AddonSummary]</label>
                            </control>
                        </focusedlayout>
                        <content target="$INFO[Container(50).ListItem.Property(AppsTarget)]" sortby="$INFO[Container(50).ListItem.Property(AppsSortBy)]" sortorder="descending">$INFO[Container(50).ListItem.Property(AppsContent)]</content>
                    </control>
                </control>
            </control>
            <control type="scrollbar" id="60">
                <visible allowhiddenfocus="true">Control.HasFocus(60) | Container(51).Scrolling</visible>
                <animation effect="fade" time="300" tween="sine" easing="inout" start="0" end="100">Visible</animation>
                <left>2340</left>
                <top>120</top>
                <width>10</width>
                <height>960</height>
                <onup>60</onup>
                <ondown>60</ondown>
                <onleft>51</onleft>
                <onright>51</onright>
                <orientation>vertical</orientation>
            </control>
        </control>
    </controls>
</window>