<?xml version="1.0" encoding="UTF-8"?>
<window>
    <defaultcontrol always="true">50</defaultcontrol>
    <menucontrol>9051</menucontrol>
    <allowoverlay>no</allowoverlay>
    <views>50</views>
    <onload>ClearProperty(MediaMenu,home)</onload>
    <onunload>ClearProperty(MediaMenu,home)</onunload>
    <controls>
        <include>CommonBackground</include>
        <control type="group">
            <include>MenuSlideAnimation</include>
            <top>0</top>
            <left>-430</left>
            <control type="group">
                <include>Animation.Common</include>
                <!-- view id = 50 -->
                <control type="group">
                    <visible>Control.IsVisible(50) + !$EXP[isInfoDialog]</visible>
                    <include>Animation.Common</include>
                    <control type="group">
                        <control type="panel" id="50">
                            <left>620</left>
                            <top>180</top>
                            <width>1670</width>
                            <height>840</height>
                            <onleft>9000</onleft>
                            <onright condition="Container(50).HasNext | Container(50).HasPrevious">60</onright>
                            <onright condition="!Container(50).HasNext + !Container(50).HasPrevious">SetProperty(MediaMenu,true,home)</onright>
                            <onright condition="!Container(50).HasNext + !Container(50).HasPrevious">SetFocus(9050)</onright>
                            <onup>50</onup>
                            <ondown>50</ondown>
                            <viewtype label="535">list</viewtype>
                            <pagecontrol>60</pagecontrol>
                            <scrolltime tween="quadratic" easing="out">200</scrolltime>
                            <itemlayout height="120" width="1670">
                                <control type="image">
                                    <left>10</left>
                                    <top>10</top>
                                    <width>100</width>
                                    <height>100</height>
                                    <aspectratio>keep</aspectratio>
                                    <texture background="true">$INFO[ListItem.Icon,views/list/]</texture>
                                    <colordiffuse>maintext</colordiffuse>
                                    <visible>String.Contains(ListItem.Icon,Default)</visible>
                                </control>
                                <control type="image">
                                    <left>10</left>
                                    <top>10</top>
                                    <width>100</width>
                                    <height>100</height>
                                    <aspectratio>keep</aspectratio>
                                    <texture background="true">$INFO[ListItem.Icon]</texture>
                                    <visible>!String.Contains(ListItem.Icon,Default)</visible>
                                </control>
                                <control type="label">
                                    <left>140</left>
                                    <right>20</right>
                                    <height>70</height>
                                    <font>font30</font>
                                    <label>$INFO[ListItem.Label]</label>
                                    <animation effect="slide" start="0,0" end="0,25" time="0" condition="String.IsEmpty(ListItem.Property(Event.Description))">Conditional</animation>
                                </control>
                                <control type="label">
                                    <left>140</left>
                                    <top>50</top>
                                    <right>20</right>
                                    <height>60</height>
                                    <label>$INFO[ListItem.Property(Event.Description)]</label>
                                </control>
                                <control type="label">
                                    <left>140</left>
                                    <right>20</right>
                                    <height>120</height>
                                    <font>font15</font>
                                    <align>right</align>
                                    <label>$INFO[ListItem.Label2]</label>
                                </control>
                            </itemlayout>
                            <focusedlayout height="120" width="1670">
                                <include content="SelectedItemBackground">
                                    <param name="Left" value="0" />
                                    <param name="Top" value="0" />
                                    <param name="Width" value="1670" />
                                    <param name="Height" value="120" />
                                </include>
                                <control type="image">
                                    <width>120</width>
                                    <height>120</height>
                                    <texture>overlays/diffuse-overlay.png</texture>
                                </control>
                                <control type="image">
                                    <left>10</left>
                                    <top>10</top>
                                    <width>100</width>
                                    <height>100</height>
                                    <aspectratio>keep</aspectratio>
                                    <texture background="true">$INFO[ListItem.Icon,views/list/]</texture>
                                    <colordiffuse>maintext</colordiffuse>
                                    <visible>String.Contains(ListItem.Icon,Default)</visible>
                                </control>
                                <control type="image">
                                    <left>10</left>
                                    <top>10</top>
                                    <width>100</width>
                                    <height>100</height>
                                    <aspectratio>keep</aspectratio>
                                    <texture background="true">$INFO[ListItem.Icon]</texture>
                                    <visible>!String.Contains(ListItem.Icon,Default)</visible>
                                </control>
                                <control type="label">
                                    <left>140</left>
                                    <right>20</right>
                                    <height>70</height>
                                    <font>font30</font>
                                    <label>$INFO[ListItem.Label]</label>
                                    <animation effect="slide" start="0,0" end="0,25" time="0" condition="String.IsEmpty(ListItem.Property(Event.Description))">Conditional</animation>
                                </control>
                                <control type="label">
                                    <left>140</left>
                                    <top>50</top>
                                    <right>20</right>
                                    <height>60</height>
                                    <label>$INFO[ListItem.Property(Event.Description)]</label>
                                </control>
                                <control type="label">
                                    <left>140</left>
                                    <right>20</right>
                                    <height>120</height>
                                    <font>font15</font>
                                    <align>right</align>
                                    <label>$INFO[ListItem.Label2]</label>
                                </control>
                            </focusedlayout>
                        </control>
                    </control>
                </control>
            </control>
            <control type="group">
                <visible>Control.IsVisible(50)</visible>
                <top>0</top>
                <include>Scrollbar_Vertical</include>
            </control>
            <control type="group">
                <left>2350</left>
                <include>SideBladeRight</include>
                <control type="grouplist" id="9050">
                    <include>MediaMenuTop</include>
                    <control type="button" id="21">
                        <description>Log level</description>
                        <include>ButtonCommonValues</include>
                    </control>
                    <control type="radiobutton" id="22">
                        <description>Only show current level</description>
                        <include>ButtonCommonValues</include>
                    </control>
                    <control type="button" id="20">
                        <description>Clear button</description>
                        <include>ButtonCommonValues</include>
                        <label>192</label>
                    </control>
                    <include>PlaylistButtons</include>
                    <include content="MenuPlayerControls">
                        <param name="PlayerControlsOnDown" value="2202" />
                    </include>
                </control>
            </control>
            <include>Submenu</include>
            <include>MainMenu</include>
            <include>Topbar</include>
        </control>
    </controls>
</window>
