<?xml version="1.0" encoding="UTF-8"?>
<window>
    <defaultcontrol always="true">50</defaultcontrol>
    <menucontrol>9051</menucontrol>
    <allowoverlay>no</allowoverlay>
    <onload>ClearProperty(MediaMenu,home)</onload>
    <onunload>ClearProperty(MediaMenu,home)</onunload>
    <views>50,500</views>
    <controls>
        <include>CommonBackground</include>
        <control type="group">
            <include>MenuSlideAnimation</include>
            <top>0</top>
            <left>-430</left>
            <include>View_50_List</include>
            <!-- view id = 50 -->
            <include>View_500_Wall</include>
            <!-- view id = 500 -->
            <control type="group">
                <left>2350</left>
                <include>SideBladeRight</include>
                <control type="grouplist" id="9050">
                    <include>MediaMenuTop</include>
                    <control type="edit" id="19">
                        <visible>Container.CanFilter + !Container.CanFilterAdvanced</visible>
                        <description>Filter</description>
                        <include>ButtonCommonValues</include>
                        <label>587</label>
                    </control>
                    <control type="radiobutton" id="20">
                        <visible>Container.CanFilterAdvanced</visible>
                        <description>Filter</description>
                        <include>ButtonCommonValues</include>
                        <label>587</label>
                        <onclick>right</onclick>
                        <onclick>Filter</onclick>
                    </control>
                    <control type="button" id="205">
                        <include>ButtonCommonValues</include>
                        <label>10140</label>
                        <onclick>Addon.OpenSettings($INFO[Container.PluginName])</onclick>
                        <visible>!String.IsEmpty(Container.PluginName)</visible>
                    </control>
                    <include>PlaylistButtons</include>
                    <include content="MenuPlayerControls">
                        <param name="PlayerControlsOnDown" value="1802" />
                    </include>
                </control>
            </control>
            <include>Submenu</include>
            <include>MainMenu</include>
            <include>Topbar</include>
        </control>
    </controls>
</window>