<?xml version="1.0" encoding="UTF-8"?>
<window id="1120" type="dialog">
    <defaultcontrol always="true">90200</defaultcontrol>
    <animation effect="slide" start="0,708" end="0,0" time="300" tween="quadratic" easing="out">WindowOpen</animation>
    <animation effect="slide" start="0,0" end="0,708" time="300" tween="quadratic" easing="out">WindowClose</animation>
    <coordinates>
        <system>1</system>
        <left>0</left>
        <top>372</top>
    </coordinates>
    <controls>
        <control type="group">
            <visible>!Window.IsActive(selectdialog)</visible>
            <animation effect="slide" start="0,708" end="0,0" time="300" tween="quadratic" easing="out">Visible</animation>
            <animation effect="slide" start="0,0" end="0,708" time="300" tween="quadratic" easing="out">Hidden</animation>
            <control type="image">
                <width>1920</width>
                <height>708</height>
                <texture colordiffuse="background">$VAR[CommonBackgroundOverlay]</texture>
            </control>
            <control type="image">
                <top>8</top>
                <width>1920</width>
                <height>700</height>
                <texture colordiffuse="background">dialog.png</texture>
            </control>
            <control type="grouplist" id="90200">
                <description>control area</description>
                <left>50</left>
                <top>58</top>
                <width>1365</width>
                <height>600</height>
                <itemgap>0</itemgap>
                <onup>90200</onup>
                <ondown>90200</ondown>
                <onleft>9001</onleft>
                <onright>9001</onright>
                <control type="button" id="90201">
                    <description>Background Button</description>
                    <width>1365</width>
                    <height>100</height>
                    <textoffsetx>20</textoffsetx>
                    <font>font15</font>
                    <label>$LOCALIZE[31102]</label>
                    <label2>$VAR[VizBackgroundLabelVar]</label2>
                    <onclick>SetProperty(Dialog.1.Label,$LOCALIZE[231])</onclick>
                    <onclick>SetProperty(Dialog.1.BuiltIn,Skin.SetString(musicvis.background,none))</onclick>
                    <onclick>SetProperty(Dialog.2.Label,$LOCALIZE[20445])</onclick>
                    <onclick>SetProperty(Dialog.2.BuiltIn,Skin.SetString(musicvis.background,fanart))</onclick>
                    <onclick condition="System.HasAddon(script.artistslideshow)">SetProperty(Dialog.3.Label,$INFO[System.AddonTitle(script.artistslideshow)])</onclick>
                    <onclick condition="System.HasAddon(script.artistslideshow)">SetProperty(Dialog.3.BuiltIn,Skin.SetString(musicvis.background,artistslideshow))</onclick>
                    <onclick>SetProperty(Dialog.4.Label,$LOCALIZE[31068])</onclick>
                    <onclick>SetProperty(Dialog.4.BuiltIn,Skin.SetString(musicvis.background,albumwall))</onclick>
                    <onclick>RunScript(script.toolbox,info=selectdialog,header=$LOCALIZE[31167])</onclick>
                </control>
                <control type="radiobutton" id="90205">
                    <width>1365</width>
                    <height>100</height>
                    <textoffsetx>20</textoffsetx>
                    <font>font15</font>
                    <label>31905</label>
                    <onclick>Skin.ToggleSetting(Disable.AnimateFanart)</onclick>
                    <selected>!Skin.HasSetting(Disable.AnimateFanart)</selected>
                    <enable>!String.IsEqual(Skin.String(musicvis.background),albumwall)</enable>
                </control>
                <control type="radiobutton" id="90202">
                    <description>Background Button</description>
                    <width>1365</width>
                    <height>100</height>
                    <textoffsetx>20</textoffsetx>
                    <font>font15</font>
                    <label>$LOCALIZE[31129]</label>
                    <onclick>Skin.ToggleSetting(HideVisualizationFanart)</onclick>
                    <selected>Skin.HasSetting(HideVisualizationFanart)</selected>
                    <enable>Visualisation.Enabled + ![String.IsEqual(Visualisation.Name,waveform) | String.IsEqual(Visualisation.Name,opengl spectrum) | String.IsEqual(Visualisation.Name,directx spectrum)]</enable>
                </control>
                <control type="radiobutton" id="90203">
                    <description>Big Ass Label Button</description>
                    <width>1365</width>
                    <height>100</height>
                    <textoffsetx>20</textoffsetx>
                    <font>font15</font>
                    <label>$LOCALIZE[31042]</label>
                    <onclick>Skin.ToggleSetting(BigAssLabel)</onclick>
                    <selected>Skin.HasSetting(BigAssLabel)</selected>
                </control>
                <control type="button" id="90204">
                    <description>Artist Info Button</description>
                    <width>1365</width>
                    <height>100</height>
                    <textoffsetx>20</textoffsetx>
                    <font>font15</font>
                    <label>$LOCALIZE[31108]</label>
                    <label2>$VAR[VizArtistInfoVar]</label2>
                    <onclick condition="!Skin.HasSetting(Enable.VizInfo) + !Skin.HasSetting(Enable.VizPersistent)">Skin.SetBool(Enable.VizInfo)</onclick>
                    <onclick condition="Skin.HasSetting(Enable.VizInfo)">Skin.SetBool(Enable.VizPersistent)</onclick>
                    <onclick condition="Skin.HasSetting(Enable.VizInfo)">Skin.Reset(Enable.VizInfo)</onclick>
                    <onclick condition="Skin.HasSetting(Enable.VizPersistent)">Skin.Reset(Enable.VizPersistent)</onclick>
                    <visible>System.HasAddon(script.artistslideshow)</visible>
                </control>
            </control>
            <control type="grouplist" id="9001">
                <top>58</top>
                <left>1470</left>
                <height>60</height>
                <width>400</width>
                <onleft>90200</onleft>
                <onright>90200</onright>
                <itemgap>20</itemgap>
                <control type="button" id="9002">
                    <description>Cancel button</description>
                    <font>font15_title</font>
                    <align>center</align>
                    <width>400</width>
                    <label>15067</label>
                    <onclick>Close</onclick>
                    <texturenofocus colordiffuse="33787878">selecteditem_bg.png</texturenofocus>
                </control>
            </control>
        </control>
    </controls>
</window>