<?xml version="1.0" encoding="UTF-8"?>
<window>
    <defaultcontrol always="true">9</defaultcontrol>
    <animation effect="slide" start="0,580" end="0,0" time="300" tween="quadratic" easing="out">WindowOpen</animation>
    <animation effect="slide" start="0,0" end="0,580" time="300" tween="quadratic" easing="out">WindowClose</animation>
    <coordinates>
        <system>1</system>
        <left>0</left>
        <top>492</top>
    </coordinates>
    <controls>
        <control type="image">
            <width>1920</width>
            <height>588</height>
            <texture colordiffuse="background">$VAR[CommonBackgroundOverlay]</texture>
        </control>
        <control type="image">
            <top>8</top>
            <width>1920</width>
            <height>580</height>
            <texture colordiffuse="background">dialog.png</texture>
        </control>
        <control type="label" id="2">
            <include>HiddenObject</include>
        </control>
        <!-- left group -->
        <control type="group">
            <left>50</left>
            <top>58</top>
            <control type="grouplist" id="3">
                <description>button area</description>
                <width>350</width>
                <height>480</height>
                <itemgap>0</itemgap>
                <onleft>9001</onleft>
                <onright>5</onright>
                <onup>3</onup>
                <ondown>3</ondown>
                <scrolltime>0</scrolltime>
            </control>
        </control>
        <!-- right group -->
        <control type="group">
            <left>450</left>
            <top>58</top>
            <control type="grouplist" id="5">
                <description>control area</description>
                <width>970</width>
                <height>480</height>
                <itemgap>0</itemgap>
                <pagecontrol>65</pagecontrol>
                <onleft>3</onleft>
                <onright condition="Container(5).HasNext | Container(5).HasPrevious">65</onright>
                <onright condition="![Container(5).HasNext | Container(5).HasPrevious]">9001</onright>
                <onup>5</onup>
                <ondown>5</ondown>
                <scrolltime tween="cubic" easing="out">500</scrolltime>
            </control>
            <control type="scrollbar" id="65">
                <visible allowhiddenfocus="true">[Control.HasFocus(65) | ControlGroup(5).HasFocus]</visible>
                <animation effect="fade" time="300" tween="sine" easing="inout" start="0" end="100">Visible</animation>
                <left>980</left>
                <width>10</width>
                <height>480</height>
                <onleft>5</onleft>
                <onright>9001</onright>
                <orientation>vertical</orientation>
            </control>
        </control>
        <!-- button group -->
        <control type="grouplist" id="9001">
            <left>1470</left>
            <top>58</top>
            <width>400</width>
            <height>220</height>
            <onleft>5</onleft>
            <onright>3</onright>
            <onup>9001</onup>
            <ondown>9001</ondown>
            <align>center</align>
            <itemgap>20</itemgap>
            <control type="button" id="28">
                <description>OK Button</description>
                <width>400</width>
                <label>186</label>
                <align>center</align>
                <font>font15_title</font>
                <texturenofocus colordiffuse="33787878">selecteditem_bg.png</texturenofocus>
            </control>
            <control type="button" id="29">
                <description>Cancel Button</description>
                <width>400</width>
                <label>222</label>
                <align>center</align>
                <font>font15_title</font>
                <texturenofocus colordiffuse="33787878">selecteditem_bg.png</texturenofocus>
            </control>
            <control type="button" id="30">
                <description>Defaults Button</description>
                <width>400</width>
                <label>409</label>
                <align>center</align>
                <font>font15_title</font>
                <texturenofocus colordiffuse="33787878">selecteditem_bg.png</texturenofocus>
            </control>
        </control>
        <control type="image">
            <top>328</top>
            <left>1660</left>
            <width>210</width>
            <height>210</height>
            <texture>$INFO[Window.Property(Addon.ID),special://home/addons/,/icon.png]</texture>
        </control>
        <control type="button" id="7">
            <description>Default Button</description>
            <width>970</width>
            <focusedcolor>maintext</focusedcolor>
        </control>
        <control type="radiobutton" id="8">
            <description>Default RadioButton</description>
            <width>970</width>
            <focusedcolor>maintext</focusedcolor>
        </control>
        <control type="spincontrolex" id="9">
            <description>Default spincontrolex</description>
            <width>970</width>
            <focusedcolor>maintext</focusedcolor>
            <reverse>yes</reverse>
        </control>
        <control type="button" id="10">
            <description>Default Category Button</description>
            <width>350</width>
            <align>right</align>
            <textcolor>maintext</textcolor>
        </control>
        <control type="image" id="11">
            <description>Default Separator</description>
            <height>0</height>
            <include>HiddenObject</include>
        </control>
        <control type="edit" id="12">
            <width>970</width>
            <focusedcolor>maintext</focusedcolor>
        </control>
        <control type="sliderex" id="13">
            <description>Default Slider</description>
            <width>970</width>
            <focusedcolor>maintext</focusedcolor>
        </control>
        <control type="label" id="14">
            <width>970</width>
            <height>60</height>
            <font>font14_title</font>
            <label />
            <textcolor>highlight</textcolor>
            <textoffsetx>15</textoffsetx>
        </control>
    </controls>
</window>