<?xml version="1.0" encoding="UTF-8"?>
<window>
    <defaultcontrol>9000</defaultcontrol>
    <animation effect="slide" start="510" end="0" time="300" tween="quadratic" easing="out">WindowOpen</animation>
    <animation effect="slide" start="0" end="510" time="300" tween="quadratic" easing="out">WindowClose</animation>
    <onload condition="Window.IsVisible(contextmenu)">Dialog.Close(contextmenu)</onload>
    <coordinates>
        <system>1</system>
        <left>0</left>
        <top>0</top>
    </coordinates>
    <controls>
        <control type="group">
            <left>1402</left>
            <control type="image">
                <width>518</width>
                <height>1080</height>
                <texture colordiffuse="background">$VAR[CommonBackgroundOverlay]</texture>
            </control>
            <control type="image">
                <left>8</left>
                <width>510</width>
                <height>1080</height>
                <texture colordiffuse="background">dialog.png</texture>
            </control>
            <control type="grouplist" id="9000">
                <left>8</left>
                <top>0</top>
                <width>510</width>
                <height>1080</height>
                <onleft>9000</onleft>
                <onright>9000</onright>
                <onup>9000</onup>
                <ondown>9000</ondown>
                <itemgap>0</itemgap>
                <align>center</align>
                <control type="button" id="2">
                    <description>Exit button</description>
                    <width>510</width>
                    <include>ButtonCommonValues</include>
                    <onclick>Quit()</onclick>
                    <label>13012</label>
                    <visible>System.ShowExitButton</visible>
                </control>
                <control type="button" id="3">
                    <description>Shutdown button</description>
                    <width>510</width>
                    <include>ButtonCommonValues</include>
                    <onclick>Powerdown()</onclick>
                    <visible>System.CanPowerDown</visible>
                    <label>13016</label>
                </control>
                <control type="button" id="4">
                    <description>Custom Shutdown Timer</description>
                    <width>510</width>
                    <include>ButtonCommonValues</include>
                    <onclick>AlarmClock(shutdowntimer,Shutdown())</onclick>
                    <label>20150</label>
                    <visible>!System.HasAlarm(shutdowntimer)</visible>
                    <visible>System.CanPowerDown | System.CanSuspend | System.CanHibernate</visible>
                </control>
                <control type="button" id="5">
                    <description>Cancel Shutdown Timer</description>
                    <width>510</width>
                    <include>ButtonCommonValues</include>
                    <onclick>CancelAlarm(shutdowntimer)</onclick>
                    <label>$LOCALIZE[20151]$INFO[System.Alarmpos, (,)]</label>
                    <visible>System.HasAlarm(shutdowntimer)</visible>
                </control>
                <control type="button" id="6">
                    <description>Suspend button</description>
                    <width>510</width>
                    <include>ButtonCommonValues</include>
                    <onclick>Suspend()</onclick>
                    <visible>System.CanSuspend</visible>
                    <label>13011</label>
                </control>
                <control type="button" id="7">
                    <description>Hibernate button</description>
                    <width>510</width>
                    <include>ButtonCommonValues</include>
                    <onclick>Hibernate()</onclick>
                    <visible>System.CanHibernate</visible>
                    <label>13010</label>
                </control>
                <control type="button" id="8">
                    <description>Reboot button</description>
                    <width>510</width>
                    <include>ButtonCommonValues</include>
                    <onclick>Reset()</onclick>
                    <visible>System.CanReboot</visible>
                    <label>13013</label>
                </control>
                <control type="button" id="9">
                    <description>Logoff button</description>
                    <width>510</width>
                    <include>ButtonCommonValues</include>
                    <onclick>dialog.close(all,true)</onclick>
                    <onclick>System.LogOff</onclick>
                    <label>$LOCALIZE[20126] $INFO[system.profilename]</label>
                    <visible>System.HasLoginScreen | Integer.IsGreater(System.ProfileCount,1)</visible>
                    <visible>System.Loggedon</visible>
                </control>
                <control type="togglebutton" id="10">
                    <description>Master mode button</description>
                    <width>510</width>
                    <include>ButtonCommonValues</include>
                    <usealttexture>!System.IsMaster</usealttexture>
                    <alttexturefocus>selecteditem_bg.png</alttexturefocus>
                    <alttexturenofocus />
                    <onclick>mastermode</onclick>
                    <label>20046</label>
                    <altlabel>20045</altlabel>
                    <visible>System.HasLocks</visible>
                </control>
                <control type="button" id="12">
                    <description>Inhibit idle shutdown</description>
                    <width>510</width>
                    <include>ButtonCommonValues</include>
                    <onclick>InhibitIdleShutdown(true)</onclick>
                    <label>13017</label>
                    <visible>System.HasShutdown +!System.IsInhibit</visible>
                </control>
                <control type="button" id="13">
                    <description>Allow idle shutdown</description>
                    <width>510</width>
                    <include>ButtonCommonValues</include>
                    <onclick>InhibitIdleShutdown(false)</onclick>
                    <label>13018</label>
                    <visible>System.HasShutdown + System.IsInhibit</visible>
                </control>
                <control type="button" id="14">
                    <description>Settings</description>
                    <width>510</width>
                    <include>ButtonCommonValues</include>
                    <onclick>Dialog.Close(all,true)</onclick>
                    <onclick>ActivateWindow(settings)</onclick>
                    <label>$LOCALIZE[5]</label>
                </control>
                <control type="button" id="15">
                    <description>Reload Skin</description>
                    <width>510</width>
                    <include>ButtonCommonValues</include>
                    <onclick>Dialog.Close(all,true)</onclick>
                    <onclick>ReloadSkin()</onclick>
                    <label>20183</label>
                </control>
            </control>
        </control>
    </controls>
</window>