<?xml version="1.0" encoding="UTF-8"?>
<window>
    <defaultcontrol always="true">20</defaultcontrol>
    <animation effect="slide" start="0,708" end="0,0" time="300" tween="quadratic" easing="out">WindowOpen</animation>
    <animation effect="slide" start="0,0" end="0,708" time="300" tween="quadratic" easing="out">WindowClose</animation>
    <allowoverlay>no</allowoverlay>
    <coordinates>
        <system>1</system>
        <left>0</left>
        <top>372</top>
    </coordinates>
    <controls>
        <control type="image">
            <width>1920</width>
            <height>708</height>
            <texture colordiffuse="background">$VAR[CommonBackgroundOverlay]</texture>
        </control>
        <control type="image">
            <top>8</top>
            <width>1920</width>
            <height>700</height>
            <texture colordiffuse="background">dialog.png</texture>
        </control>
        <control type="list" id="20">
            <left>50</left>
            <top>58</top>
            <width>660</width>
            <height>600</height>
            <onup>20</onup>
            <ondown>20</ondown>
            <onleft>9001</onleft>
            <onright condition="Container(20).HasNext | Container(20).HasPrevious">60</onright>
            <onright condition="![Container(20).HasNext | Container(20).HasPrevious]">9002</onright>
            <pagecontrol>60</pagecontrol>
            <scrolltime>200</scrolltime>
            <itemlayout height="60" width="660">
                <control type="image">
                    <left>5</left>
                    <top>5</top>
                    <width>50</width>
                    <height>50</height>
                    <aspectratio align="center" aligny="center">keep</aspectratio>
                    <texture fallback="DefaultAddonPVRClient.png">$INFO[ListItem.Property(Icon)]</texture>
                </control>
                <control type="label">
                    <left>80</left>
                    <right>20</right>
                    <height>60</height>
                    <font>font14</font>
                    <label>$INFO[ListItem.Property(Number),(,) - ]$INFO[ListItem.Property(Name)]</label>
                    <visible>ListItem.Property(ActiveChannel)</visible>
                </control>
                <control type="label">
                    <left>80</left>
                    <right>20</right>
                    <height>60</height>
                    <font>font14</font>
                    <textcolor>disabled</textcolor>
                    <label>$INFO[ListItem.Property(Number),(,) - ]$INFO[ListItem.Property(Name)]</label>
                    <visible>!ListItem.Property(ActiveChannel)</visible>
                </control>
                <control type="label">
                    <left>80</left>
                    <right>20</right>
                    <height>60</height>
                    <font>IconTiny</font>
                    <align>right</align>
                    <label>T</label>
                    <visible>ListItem.Property(Changed)</visible>
                </control>
            </itemlayout>
            <focusedlayout height="120" width="660">
                <control type="image">
                    <animation effect="fade" time="50" start="100" end="50" condition="!Control.HasFocus(20)">Conditional</animation>
                    <width>660</width>
                    <height>120</height>
                    <texture>selecteditem_bg.png</texture>
                    <colordiffuse>highlight</colordiffuse>
                </control>
                <control type="image">
                    <width>120</width>
                    <height>120</height>
                    <texture>overlays/diffuse-overlay.png</texture>
                </control>
                <control type="image">
                    <left>10</left>
                    <top>10</top>
                    <width>100</width>
                    <height>100</height>
                    <aspectratio align="center" aligny="center">keep</aspectratio>
                    <texture fallback="DefaultAddonPVRClient.png">$INFO[ListItem.Property(Icon)]</texture>
                </control>
                <control type="label">
                    <top>3</top>
                    <left>140</left>
                    <right>20</right>
                    <height>70</height>
                    <font>font30</font>
                    <label>$INFO[ListItem.Property(Number),(,) - ]$INFO[ListItem.Property(Name)]</label>
                    <visible>ListItem.Property(ActiveChannel)</visible>
                </control>
                <control type="label">
                    <top>3</top>
                    <left>140</left>
                    <right>20</right>
                    <height>70</height>
                    <font>font30</font>
                    <label>$INFO[ListItem.Property(Number),(,) - ]$INFO[ListItem.Property(Name)]</label>
                    <visible>!ListItem.Property(ActiveChannel)</visible>
                </control>
                <control type="label">
                    <left>140</left>
                    <right>20</right>
                    <top>52</top>
                    <height>60</height>
                    <label>$LOCALIZE[19210]: $INFO[ListItem.Property(ClientName)]</label>
                </control>
                <control type="label">
                    <left>140</left>
                    <right>20</right>
                    <height>60</height>
                    <font>IconTiny</font>
                    <align>right</align>
                    <label>T</label>
                    <visible>ListItem.Property(Changed)</visible>
                </control>
            </focusedlayout>
        </control>
        <control type="scrollbar" id="60">
            <visible allowhiddenfocus="true">Control.HasFocus(60) | Control.HasFocus(20)</visible>
            <animation effect="fade" time="300" tween="sine" easing="inout" start="0" end="100">Visible</animation>
            <left>720</left>
            <top>58</top>
            <width>10</width>
            <height>600</height>
            <onleft>20</onleft>
            <onright>9002</onright>
            <ondown>60</ondown>
            <onup>60</onup>
            <orientation>vertical</orientation>
        </control>
        <control type="group">
            <left>760</left>
            <top>58</top>
            <control type="grouplist" id="9002">
                <description>control area</description>
                <left>0</left>
                <top>0</top>
                <width>660</width>
                <height>600</height>
                <itemgap>0</itemgap>
                <pagecontrol />
                <onup>9002</onup>
                <ondown>9002</ondown>
                <onleft>20</onleft>
                <onright>9001</onright>
                <!--<control type="label" id="201">
                    <description>channel options Header</description>
                    <width>660</width>
                    <height>60</height>
                    <font>font14</font>
                    <label>$LOCALIZE[31511]</label>
                    <textcolor>highlight</textcolor>
                    <textoffsetx>15</textoffsetx>
                </control>-->
                <control type="radiobutton" id="7">
                    <description>Channel activated</description>
                    <width>660</width>
                    <label>19074</label>
                </control>
                <control type="edit" id="8">
                    <description>Channel name</description>
                    <width>660</width>
                    <label>19201</label>
                </control>
                <control type="button" id="9">
                    <description>Channel logo Button</description>
                    <width>660</width>
                    <label>19202</label>
                </control>
                <control type="radiobutton" id="12">
                    <description>EPG activated</description>
                    <width>660</width>
                    <label>19206</label>
                </control>
                <control type="spincontrolex" id="13">
                    <description>EPG source</description>
                    <width>660</width>
                    <label>19200</label>
                </control>
                <control type="radiobutton" id="14">
                    <description>Parental locked</description>
                    <width>660</width>
                    <label>19267</label>
                </control>
                <control type="label" id="200">
                    <description>channel options Header</description>
                    <width>660</width>
                    <height>60</height>
                    <font>font14</font>
                    <label>$LOCALIZE[31026]</label>
                    <textcolor>highlight</textcolor>
                    <textoffsetx>15</textoffsetx>
                </control>
                <control type="button" id="31">
                    <description>New channel Button</description>
                    <width>660</width>
                    <label>19204</label>
                </control>
                <control type="button" id="30">
                    <description>Group Manager Button</description>
                    <width>660</width>
                    <label>19205</label>
                </control>
                <control type="togglebutton" id="34">
                    <description>TV/Radio Button</description>
                    <width>660</width>
                    <label>19024</label>
                    <altlabel>19023</altlabel>
                    <usealttexture>!String.IsEmpty(Window.Property(IsRadio))</usealttexture>
                </control>
            </control>
            <control type="image" id="10">
                <description>Current Channel Icon</description>
                <left>555</left>
                <top>125</top>
                <width>100</width>
                <height>50</height>
                <aspectratio align="right" aligny="center">keep</aspectratio>
                <info>ListItem.Property(Icon)</info>
            </control>
        </control>
        <control type="grouplist" id="9001">
            <left>1470</left>
            <top>58</top>
            <width>400</width>
            <height>220</height>
            <onright>20</onright>
            <onleft>9002</onleft>
            <align>center</align>
            <itemgap>20</itemgap>
            <control type="button" id="4">
                <description>OK button</description>
                <width>400</width>
                <label>186</label>
                <font>font15_title</font>
                <align>center</align>
                <texturenofocus colordiffuse="33787878">selecteditem_bg.png</texturenofocus>
            </control>
            <control type="button" id="5">
                <description>Apply changes button</description>
                <width>400</width>
                <label>14070</label>
                <font>font15_title</font>
                <align>center</align>
                <texturenofocus colordiffuse="33787878">selecteditem_bg.png</texturenofocus>
            </control>
            <control type="button" id="6">
                <description>Clear button</description>
                <width>400</width>
                <label>222</label>
                <font>font15_title</font>
                <align>center</align>
                <texturenofocus colordiffuse="33787878">selecteditem_bg.png</texturenofocus>
            </control>
        </control>
    </controls>
</window>