<?xml version="1.0" encoding="UTF-8"?>
<window>
    <defaultcontrol always="true">29</defaultcontrol>
    <animation effect="slide" start="0,708" end="0,0" time="300" tween="quadratic" easing="out">WindowOpen</animation>
    <animation effect="slide" start="0,0" end="0,708" time="300" tween="quadratic" easing="out">WindowClose</animation>
    <coordinates>
        <system>1</system>
        <left>0</left>
        <top>372</top>
    </coordinates>
    <controls>
        <control type="group">
            <control type="image">
                <width>1920</width>
                <height>708</height>
                <texture colordiffuse="background">$VAR[CommonBackgroundOverlay]</texture>
            </control>
            <control type="image">
                <top>8</top>
                <width>1920</width>
                <height>700</height>
                <texture colordiffuse="background">dialog.png</texture>
            </control>
            <control type="group">
                <top>58</top>
                <control type="group">
                    <description>Group list</description>
                    <control type="label">
                        <description>name label</description>
                        <left>50</left>
                        <top>-15</top>
                        <width>430</width>
                        <height>50</height>
                        <font>font15_title</font>
                        <textcolor>highlight</textcolor>
                        <label>31049</label>
                    </control>
                    <control type="list" id="13">
                        <left>50</left>
                        <top>60</top>
                        <width>430</width>
                        <height>540</height>
                        <onup>13</onup>
                        <ondown>13</ondown>
                        <onleft>9000</onleft>
                        <onright condition="Container(13).HasNext | Container(13).HasPrevious">73</onright>
                        <onright condition="![Container(13).HasNext | Container(13).HasPrevious]">11</onright>
                        <pagecontrol>73</pagecontrol>
                        <scrolltime tween="quadratic" easing="out">200</scrolltime>
                        <orientation>vertical</orientation>
                        <itemlayout height="60">
                            <control type="label">
                                <width>430</width>
                                <height>60</height>
                                <font>font14</font>
                                <textoffsetx>15</textoffsetx>
                                <info>ListItem.Label</info>
                            </control>
                        </itemlayout>
                        <focusedlayout height="60">
                            <control type="image">
                                <width>430</width>
                                <height>60</height>
                                <texture>selecteditem_bg.png</texture>
                                <colordiffuse>highlight</colordiffuse>
                                <visible>Control.HasFocus(13)</visible>
                                <include>VisibleFadeEffect</include>
                            </control>
                            <control type="label">
                                <width>430</width>
                                <height>60</height>
                                <font>font14</font>
                                <textoffsetx>15</textoffsetx>
                                <info>ListItem.Label</info>
                            </control>
                        </focusedlayout>
                    </control>
                    <control type="scrollbar" id="73">
                        <visible allowhiddenfocus="true">Control.HasFocus(73) | Control.HasFocus(13)</visible>
                        <animation effect="fade" time="300" tween="sine" easing="inout" start="0" end="100">Visible</animation>
                        <left>490</left>
                        <top>60</top>
                        <width>10</width>
                        <height>540</height>
                        <onleft>13</onleft>
                        <onright>11</onright>
                        <ondown>73</ondown>
                        <onup>73</onup>
                        <orientation>vertical</orientation>
                    </control>
                </control>
                <control type="group">
                    <description>Channels list</description>
                    <control type="label" id="21">
                        <description>name label</description>
                        <left>510</left>
                        <top>-15</top>
                        <width>450</width>
                        <height>50</height>
                        <font>font15_title</font>
                        <textcolor>highlight</textcolor>
                    </control>
                    <control type="list" id="11">
                        <left>510</left>
                        <top>60</top>
                        <width>450</width>
                        <height>540</height>
                        <onup>11</onup>
                        <ondown>11</ondown>
                        <onleft>13</onleft>
                        <onright condition="Container(11).HasNext | Container(11).HasPrevious">71</onright>
                        <onright condition="![Container(11).HasNext | Container(11).HasPrevious]">12</onright>
                        <pagecontrol>71</pagecontrol>
                        <scrolltime>200</scrolltime>
                        <itemlayout height="60">
                            <control type="label">
                                <width>450</width>
                                <height>60</height>
                                <font>font14</font>
                                <textoffsetx>15</textoffsetx>
                                <info>ListItem.Label</info>
                            </control>
                        </itemlayout>
                        <focusedlayout height="60">
                            <control type="image">
                                <width>450</width>
                                <height>60</height>
                                <texture>selecteditem_bg.png</texture>
                                <colordiffuse>highlight</colordiffuse>
                                <visible>Control.HasFocus(11)</visible>
                                <include>VisibleFadeEffect</include>
                            </control>
                            <control type="label">
                                <width>450</width>
                                <height>60</height>
                                <font>font14</font>
                                <textoffsetx>15</textoffsetx>
                                <info>ListItem.Label</info>
                            </control>
                        </focusedlayout>
                    </control>
                    <control type="scrollbar" id="71">
                        <visible allowhiddenfocus="true">Control.HasFocus(71) | Control.HasFocus(11)</visible>
                        <animation effect="fade" time="300" tween="sine" easing="inout" start="0" end="100">Visible</animation>
                        <left>970</left>
                        <top>60</top>
                        <width>10</width>
                        <height>540</height>
                        <onleft>11</onleft>
                        <onright>12</onright>
                        <ondown>71</ondown>
                        <onup>71</onup>
                        <orientation>vertical</orientation>
                    </control>
                </control>
                <control type="group">
                    <description>Grouped Channels list</description>
                    <control type="label" id="22">
                        <description>name label</description>
                        <left>990</left>
                        <top>-15</top>
                        <width>430</width>
                        <height>50</height>
                        <font>font15_title</font>
                        <textcolor>highlight</textcolor>
                    </control>
                    <control type="list" id="12">
                        <left>990</left>
                        <top>60</top>
                        <width>430</width>
                        <height>540</height>
                        <onup>12</onup>
                        <ondown>12</ondown>
                        <onleft>11</onleft>
                        <onright>72</onright>
                        <onright condition="Container(12).HasNext | Container(12).HasPrevious">72</onright>
                        <onright condition="![Container(12).HasNext | Container(12).HasPrevious]">9000</onright>
                        <pagecontrol>72</pagecontrol>
                        <scrolltime>200</scrolltime>
                        <itemlayout height="60">
                            <control type="label">
                                <width>430</width>
                                <height>60</height>
                                <font>font14</font>
                                <textoffsetx>15</textoffsetx>
                                <info>ListItem.Label</info>
                            </control>
                        </itemlayout>
                        <focusedlayout height="60">
                            <control type="image">
                                <width>430</width>
                                <height>60</height>
                                <texture>selecteditem_bg.png</texture>
                                <colordiffuse>highlight</colordiffuse>
                                <visible>Control.HasFocus(12)</visible>
                                <include>VisibleFadeEffect</include>
                            </control>
                            <control type="label">
                                <width>430</width>
                                <height>60</height>
                                <font>font14</font>
                                <textoffsetx>15</textoffsetx>
                                <info>ListItem.Label</info>
                            </control>
                        </focusedlayout>
                    </control>
                    <control type="scrollbar" id="72">
                        <visible allowhiddenfocus="true">Control.HasFocus(72) | Control.HasFocus(12)</visible>
                        <animation effect="fade" time="300" tween="sine" easing="inout" start="0" end="100">Visible</animation>
                        <left>1430</left>
                        <top>60</top>
                        <width>10</width>
                        <height>540</height>
                        <onleft>12</onleft>
                        <onright>26</onright>
                        <ondown>72</ondown>
                        <onup>72</onup>
                        <orientation>vertical</orientation>
                    </control>
                </control>
            </control>
            <!-- right group -->
            <control type="group">
                <left>1470</left>
                <top>58</top>
                <control type="grouplist" id="9000">
                    <width>400</width>
                    <height>460</height>
                    <onleft>12</onleft>
                    <onright>13</onright>
                    <onup>9000</onup>
                    <ondown>9000</ondown>
                    <itemgap>20</itemgap>
                    <control type="button" id="29">
                        <description>OK</description>
                        <width>400</width>
                        <label>186</label>
                        <align>center</align>
                        <font>font15_title</font>
                        <texturenofocus colordiffuse="33787878">selecteditem_bg.png</texturenofocus>
                    </control>
                    <control type="button" id="26">
                        <description>Add Group</description>
                        <width>400</width>
                        <label>31503</label>
                        <align>center</align>
                        <font>font15_title</font>
                        <texturenofocus colordiffuse="33787878">selecteditem_bg.png</texturenofocus>
                    </control>
                    <control type="button" id="27">
                        <description>Rename Group</description>
                        <width>400</width>
                        <label>31504</label>
                        <align>center</align>
                        <font>font15_title</font>
                        <texturenofocus colordiffuse="33787878">selecteditem_bg.png</texturenofocus>
                    </control>
                    <control type="radiobutton" id="25">
                        <description>Hide Group</description>
                        <width>400</width>
                        <label>19289</label>
                        <font>font15_title</font>
                        <textoffsetx>40</textoffsetx>
                        <texturenofocus colordiffuse="33787878">selecteditem_bg.png</texturenofocus>
                    </control>
                    <control type="button" id="28">
                        <description>Delete Group</description>
                        <width>400</width>
                        <label>31505</label>
                        <align>center</align>
                        <font>font15_title</font>
                        <texturenofocus colordiffuse="33787878">selecteditem_bg.png</texturenofocus>
                    </control>
                    <control type="togglebutton" id="34">
                        <description>Radio/TV</description>
                        <width>400</width>
                        <label>19024</label>
                        <altlabel>19023</altlabel>
                        <align>center</align>
                        <font>font15_title</font>
                        <texturenofocus colordiffuse="33787878">selecteditem_bg.png</texturenofocus>
                    </control>
                </control>
            </control>
        </control>
    </controls>
</window>