<?xml version="1.0" encoding="UTF-8"?>
<window>
    <defaultcontrol>3</defaultcontrol>
    <animation effect="slide" start="0,708" end="0,0" time="300" tween="quadratic" easing="out">WindowOpen</animation>
    <animation effect="slide" start="0,0" end="0,708" time="300" tween="quadratic" easing="out">WindowClose</animation>
    <coordinates>
        <left>0</left>
        <top>372</top>
    </coordinates>
    <controls>
        <control type="image">
            <width>1920</width>
            <height>708</height>
            <texture colordiffuse="background">$VAR[CommonBackgroundOverlay]</texture>
        </control>
        <control type="image">
            <top>8</top>
            <width>1920</width>
            <height>700</height>
            <texture colordiffuse="background">dialog.png</texture>
        </control>
        <control type="label" id="2">
            <include>HiddenObject</include>
        </control>
        <control type="group" id="9000">
            <left>50</left>
            <top>58</top>
            <control type="label">
                <description>Controller types heading</description>
                <top>0</top>
                <left>0</left>
                <width>330</width>
                <height>40</height>
                <font>font13_title</font>
                <label>35050</label>
                <align>center</align>
                <textcolor>highlight</textcolor>
            </control>
            <control type="grouplist" id="3">
                <description>Controller types grouplist</description>
                <left>0</left>
                <top>60</top>
                <width>330</width>
                <height>540</height>
                <onleft>9001</onleft>
                <onright condition="Container(3).HasNext | Container(3).HasPrevious">30</onright>
                <onright condition="![Container(3).HasNext | Container(3).HasPrevious]">5</onright>
                <onup>3</onup>
                <ondown>3</ondown>
                <pagecontrol>30</pagecontrol>
            </control>
            <control type="scrollbar" id="30">
                <visible allowhiddenfocus="true">Control.HasFocus(30) | ControlGroup(3).HasFocus</visible>
                <animation effect="fade" time="300" tween="sine" easing="inout" start="0" end="100">Visible</animation>
                <left>340</left>
                <top>60</top>
                <width>10</width>
                <height>540</height>
                <onleft>9001</onleft>
                <onright>3</onright>
                <ondown>3</ondown>
                <onup>3</onup>
                <orientation>vertical</orientation>
            </control>
            <control type="button" id="10">
                <description>Default controller types button</description>
                <height>60</height>
                <width>330</width>
                <align>center</align>
                <aligny>center</aligny>
                <font>font13</font>
                <pulseonselect>false</pulseonselect>
            </control>
            <control type="gamecontroller" id="31">
                <left>380</left>
                <top>121</top>
                <width>610</width>
                <height>363</height>
                <aspectratio align="center" aligny="center">keep</aspectratio>
                <!--<include>VisibleFadeEffect</include>-->
            </control>
            <control type="label">
                <description>Feature types heading</description>
                <top>0</top>
                <left>1040</left>
                <width>330</width>
                <height>40</height>
                <font>font13_title</font>
                <label>35059</label>
                <align>center</align>
                <textcolor>highlight</textcolor>
            </control>
            <control type="grouplist" id="5">
                <description>Feature types grouplist</description>
                <left>1040</left>
                <top>60</top>
                <width>330</width>
                <height>540</height>
                <onleft>3</onleft>
                <onright condition="Container(5).HasNext | Container(5).HasPrevious">50</onright>
                <onright condition="![Container(5).HasNext | Container(5).HasPrevious]">9001</onright>
                <onup>5</onup>
                <ondown>5</ondown>
                <pagecontrol>50</pagecontrol>
            </control>
            <control type="scrollbar" id="50">
                <visible allowhiddenfocus="true">Control.HasFocus(50) | ControlGroup(5).HasFocus</visible>
                <animation effect="fade" time="300" tween="sine" easing="inout" start="0" end="100">Visible</animation>
                <left>1380</left>
                <top>60</top>
                <width>10</width>
                <height>540</height>
                <onleft>5</onleft>
                <onright>9001</onright>
                <ondown>5</ondown>
                <onup>5</onup>
                <orientation>vertical</orientation>
            </control>
            <control type="button" id="7">
                <description>Default feature types button</description>
                <height>60</height>
                <width>330</width>
                <align>center</align>
                <aligny>center</aligny>
                <font>font13</font>
                <pulseonselect>false</pulseonselect>
            </control>
            <control type="label" id="8">
                <description>Feature group title</description>
                <height>60</height>
                <width>330</width>
                <label />
                <align>center</align>
                <font>font13</font>
                <textcolor>highlight</textcolor>
            </control>
            <control type="image" id="9">
                <include>HiddenObject</include>
            </control>
        </control>
        <control type="grouplist" id="9001">
            <left>1470</left>
            <top>58</top>
            <width>400</width>
            <height>320</height>
            <align>center</align>
            <itemgap>20</itemgap>
            <onleft>5</onleft>
            <onright>3</onright>
            <onup>9001</onup>
            <ondown>9001</ondown>
            <control type="button" id="18">
                <description>Ok Button</description>
                <width>400</width>
                <label>186</label>
                <font>font15_title</font>
                <align>center</align>
                <texturenofocus colordiffuse="33787878">selecteditem_bg.png</texturenofocus>
            </control>
            <control type="button" id="19">
                <description>Reset Button</description>
                <width>400</width>
                <label>10035</label>
                <font>font15_title</font>
                <align>center</align>
                <texturenofocus colordiffuse="33787878">selecteditem_bg.png</texturenofocus>
            </control>
            <control type="button" id="20">
                <description>Link to install more controllers</description>
                <width>400</width>
                <label>$LOCALIZE[21452]</label>
                <font>font15_title</font>
                <align>center</align>
                <texturenofocus colordiffuse="33787878">selecteditem_bg.png</texturenofocus>
                <visible>Control.IsEnabled(20)</visible>
            </control>
            <control type="button" id="17">
                <description>Help button</description>
                <width>400</width>
                <label>$LOCALIZE[10043]</label>
                <font>font15_title</font>
                <align>center</align>
                <texturenofocus colordiffuse="33787878">selecteditem_bg.png</texturenofocus>
            </control>
        </control>
    </controls>
</window>
