<?xml version="1.0" encoding="UTF-8"?>
<window>
    <defaultcontrol always="true">305</defaultcontrol>
    <menucontrol>9051</menucontrol>
    <onload>ClearProperty(MediaMenu,home)</onload>
    <onunload>ClearProperty(MediaMenu,home)</onunload>
    <allowoverlay>no</allowoverlay>
    <controls>
        <include>CommonBackground</include>
        <control type="group">
            <include>MenuSlideAnimation</include>
            <top>0</top>
            <left>-430</left>
            <control type="group">
                <include>Animation.Common</include>
                <top>170</top>
                <left>645</left>
                <control type="group">
                    <width>1620</width>
                    <height>390</height>
                    <control type="image">
                        <left>40</left>
                        <top>40</top>
                        <height>270</height>
                        <aspectratio align="left" aligny="center">keep</aspectratio>
                        <texture background="true">$VAR[WeatherIconVar]$INFO[Window(weather).Property(Current.FanartCode),,.png]</texture>
                    </control>
                    <control type="grouplist">
                        <top>0</top>
                        <left>350</left>
                        <orientation>horizontal</orientation>
                        <control type="label">
                            <description>current temp Value</description>
                            <width>auto</width>
                            <height>270</height>
                            <font>WeatherTemp</font>
                            <label>$INFO[Window(weather).Property(Current.Temperature)]</label>
                        </control>
                        <control type="label">
                            <description>current temp Value Units</description>
                            <left>270</left>
                            <width>auto</width>
                            <height>216</height>
                            <font>font16</font>
                            <label>$INFO[System.TemperatureUnits]</label>
                        </control>
                    </control>
                    <control type="label">
                        <description>current condition label</description>
                        <top>210</top>
                        <left>350</left>
                        <width>800</width>
                        <height>60</height>
                        <label>$INFO[Window(weather).Property(Current.Condition)], $LOCALIZE[402] $INFO[Window(weather).Property(Current.FeelsLike)]$INFO[System.TemperatureUnits]</label>
                        <font>font30</font>
                    </control>
                    <control type="grouplist">
                        <left>1120</left>
                        <top>60</top>
                        <width>438</width>
                        <itemgap>20</itemgap>
                        <control type="label">
                            <label>[COLOR highlight]$LOCALIZE[406]: [/COLOR]$INFO[Window(weather).Property(Current.Humidity)]</label>
                            <width>438</width>
                            <height>40</height>
                            <align>right</align>
                            <font>font14</font>
                        </control>
                        <control type="label">
                            <label>[COLOR highlight]$LOCALIZE[404]:[/COLOR] $INFO[Window(weather).Property(Current.Wind)]</label>
                            <width>438</width>
                            <height>40</height>
                            <align>right</align>
                            <font>font14</font>
                        </control>
                        <control type="label">
                            <label>[COLOR highlight]$LOCALIZE[33027]:[/COLOR] [LOWERCASE]$INFO[Window(weather).Property(Today.Sunrise)][/LOWERCASE]</label>
                            <width>438</width>
                            <height>40</height>
                            <align>right</align>
                            <font>font14</font>
                        </control>
                        <control type="label">
                            <label>[COLOR highlight]$LOCALIZE[33028]:[/COLOR] [LOWERCASE]$INFO[Window(weather).Property(Today.Sunset)][/LOWERCASE]</label>
                            <width>438</width>
                            <height>40</height>
                            <align>right</align>
                            <font>font14</font>
                        </control>
                    </control>
                </control>
                <control type="panel" id="305">
                    <top>380</top>
                    <width>1620</width>
                    <height>445</height>
                    <onleft>9000</onleft>
                    <onright>SetProperty(MediaMenu,true,home)</onright>
                    <onright>SetFocus(9050)</onright>
                    <!--<onback>9000</onback>-->
                    <onup condition="!String.IsEmpty(Window(weather).Property(Map.IsFetched))">ReplaceWindow(1125)</onup>
                    <ondown condition="!String.IsEmpty(Window(weather).Property(Daily.IsFetched))">ReplaceWindow(1121)</ondown>
                    <preloaditems>2</preloaditems>
                    <viewtype label="21371">list</viewtype>
                    <scrolltime tween="quadratic" easing="out">300</scrolltime>
                    <orientation>horizontal</orientation>
                    <itemlayout height="445" width="405">
                        <control type="image">
                            <top>20</top>
                            <left>20</left>
                            <width>365</width>
                            <height>365</height>
                            <texture>overlays/diffuse-overlay.png</texture>
                        </control>
                        <control type="label">
                            <top>50</top>
                            <left>20</left>
                            <right>20</right>
                            <height>60</height>
                            <font>font15</font>
                            <align>center</align>
                            <selectedcolor>highlight</selectedcolor>
                            <label>$INFO[ListItem.Label2]</label>
                        </control>
                        <control type="image">
                            <left>20</left>
                            <top>100</top>
                            <right>20</right>
                            <height>200</height>
                            <aspectratio align="center" aligny="center">keep</aspectratio>
                            <texture background="true" fallback="DefaultFolder.png">$INFO[ListItem.Icon]</texture>
                        </control>
                        <control type="label">
                            <top>290</top>
                            <left>20</left>
                            <right>20</right>
                            <height>60</height>
                            <font>font15</font>
                            <align>center</align>
                            <selectedcolor>highlight</selectedcolor>
                            <label>$INFO[ListItem.Property(HighTemp),[COLOR invalid],[/COLOR]]$INFO[ListItem.Property(LowTemp), | [COLOR ff8de0ff],[/COLOR]]</label>
                        </control>
                        <control type="label">
                            <left>20</left>
                            <right>20</right>
                            <top>383</top>
                            <height>50</height>
                            <label>$INFO[ListItem.Label]</label>
                        </control>
                    </itemlayout>

                    <focusedlayout height="445" width="405">
                        <include content="SelectedItemBackground">
                            <param name="Left" value="10" />
                            <param name="Top" value="10" />
                            <param name="Width" value="385" />
                            <param name="Height" value="425" />
                        </include>
                        <control type="image">
                            <top>20</top>
                            <left>20</left>
                            <width>365</width>
                            <height>365</height>
                            <texture>overlays/diffuse-overlay.png</texture>
                        </control>
                        <control type="label">
                            <top>50</top>
                            <left>20</left>
                            <right>20</right>
                            <height>60</height>
                            <font>font15</font>
                            <align>center</align>
                            <selectedcolor>highlight</selectedcolor>
                            <label>$INFO[ListItem.Label2]</label>
                        </control>
                        <control type="image">
                            <left>20</left>
                            <top>100</top>
                            <right>20</right>
                            <height>200</height>
                            <aspectratio align="center" aligny="center">keep</aspectratio>
                            <texture background="true" fallback="DefaultFolder.png">$INFO[ListItem.Icon]</texture>
                        </control>
                        <control type="label">
                            <top>290</top>
                            <left>20</left>
                            <right>20</right>
                            <height>60</height>
                            <font>font15</font>
                            <align>center</align>
                            <selectedcolor>highlight</selectedcolor>
                            <label>$INFO[ListItem.Property(HighTemp),[COLOR invalid],[/COLOR]]$INFO[ListItem.Property(LowTemp), | [COLOR ff8de0ff],[/COLOR]]</label>
                        </control>
                        <control type="label">
                            <left>20</left>
                            <right>20</right>
                            <top>383</top>
                            <height>50</height>
                            <label>$INFO[ListItem.Label]</label>
                        </control>
                    </focusedlayout>
                    <content>
                        <item>
                            <label>$LOCALIZE[31909]</label>
                            <icon />
                            <visible>String.IsEmpty(Window.Property(Daily.IsFetched))</visible>
                        </item>
                        <item>
                            <label>$LOCALIZE[33006]</label>
                            <label2>$INFO[Window(weather).Property(Day0.Outlook)]</label2>
                            <icon>$VAR[WeatherIconVar]$INFO[Window(weather).Property(Day0.FanartCode),,.png]</icon>
                            <property name="HighTemp">$INFO[Window(weather).Property(Day0.HighTemp)]$INFO[System.TemperatureUnits]</property>
                            <property name="LowTemp">$INFO[Window(weather).Property(Day0.LowTemp)]$INFO[System.TemperatureUnits]</property>
                        </item>
                        <item>
                            <label>$LOCALIZE[33007]</label>
                            <label2>$INFO[Window(weather).Property(Day1.Outlook)]</label2>
                            <icon>$VAR[WeatherIconVar]$INFO[Window(weather).Property(Day1.FanartCode),,.png]</icon>
                            <property name="HighTemp">$INFO[Window(weather).Property(Day1.HighTemp)]$INFO[System.TemperatureUnits]</property>
                            <property name="LowTemp">$INFO[Window(weather).Property(Day1.LowTemp)]$INFO[System.TemperatureUnits]</property>
                        </item>
                        <item>
                            <label>$INFO[Window(weather).Property(Day2.Title)]</label>
                            <label2>$INFO[Window(weather).Property(Day2.Outlook)]</label2>
                            <icon>$VAR[WeatherIconVar]$INFO[Window(weather).Property(Day2.FanartCode),,.png]</icon>
                            <property name="HighTemp">$INFO[Window(weather).Property(Day2.HighTemp)]$INFO[System.TemperatureUnits]</property>
                            <property name="LowTemp">$INFO[Window(weather).Property(Day2.LowTemp)]$INFO[System.TemperatureUnits]</property>
                        </item>
                        <item>
                            <label>$INFO[Window(weather).Property(Day3.Title)]</label>
                            <label2>$INFO[Window(weather).Property(Day3.Outlook)]</label2>
                            <icon>$VAR[WeatherIconVar]$INFO[Window(weather).Property(Day3.FanartCode),,.png]</icon>
                            <property name="HighTemp">$INFO[Window(weather).Property(Day3.HighTemp)]$INFO[System.TemperatureUnits]</property>
                            <property name="LowTemp">$INFO[Window(weather).Property(Day3.LowTemp)]$INFO[System.TemperatureUnits]</property>
                        </item>
                        <item>
                            <label>$INFO[Window(weather).Property(Day4.Title)]</label>
                            <label2>$INFO[Window(weather).Property(Day4.Outlook)]</label2>
                            <icon>$VAR[WeatherIconVar]$INFO[Window(weather).Property(Day4.FanartCode),,.png]</icon>
                            <property name="HighTemp">$INFO[Window(weather).Property(Day4.HighTemp)]$INFO[System.TemperatureUnits]</property>
                            <property name="LowTemp">$INFO[Window(weather).Property(Day4.LowTemp)]$INFO[System.TemperatureUnits]</property>
                        </item>
                        <item>
                            <visible>!String.IsEmpty(Window(weather).Property(Day5.FanartCode))</visible>
                            <label>$INFO[Window(weather).Property(Day5.Title)]</label>
                            <label2>$INFO[Window(weather).Property(Day5.Outlook)]</label2>
                            <icon>$VAR[WeatherIconVar]$INFO[Window(weather).Property(Day5.FanartCode),,.png]</icon>
                            <property name="HighTemp">$INFO[Window(weather).Property(Day5.HighTemp)]$INFO[System.TemperatureUnits]</property>
                            <property name="LowTemp">$INFO[Window(weather).Property(Day5.LowTemp)]$INFO[System.TemperatureUnits]</property>
                        </item>
                        <item>
                            <visible>!String.IsEmpty(Window(weather).Property(Day6.FanartCode))</visible>
                            <label>$INFO[Window(weather).Property(Day6.Title)]</label>
                            <label2>$INFO[Window(weather).Property(Day6.Outlook)]</label2>
                            <icon>$VAR[WeatherIconVar]$INFO[Window(weather).Property(Day6.FanartCode),,.png]</icon>
                            <property name="HighTemp">$INFO[Window(weather).Property(Day6.HighTemp)]$INFO[System.TemperatureUnits]</property>
                            <property name="LowTemp">$INFO[Window(weather).Property(Day6.LowTemp)]$INFO[System.TemperatureUnits]</property>
                        </item>
                    </content>
                </control>
            </control>
            <control type="group">
                <left>2350</left>
                <include>SideBladeRight</include>
                <control type="grouplist" id="9050">
                    <animation effect="slide" start="-630,0" end="0,0" time="400" tween="quadratic" easing="out">Visible</animation>
                    <left>0</left>
                    <top>0</top>
                    <width>630</width>
                    <height>1080</height>
                    <onright>9050</onright>
                    <onleft>ClearProperty(MediaMenu,home)</onleft>
                    <onleft>305</onleft>
                    <onup>9050</onup>
                    <ondown>9050</ondown>
                    <onback>ClearProperty(MediaMenu,home)</onback>
                    <onback>305</onback>
                    <itemgap>0</itemgap>
                    <control type="button" id="213">
                        <description>Change weather location</description>
                        <include>ButtonCommonValues</include>
                        <label>21873</label>
                        <label2>$INFO[Weather.Location]</label2>
                        <onclick>Weather.LocationNext</onclick>
                    </control>
                    <control type="button" id="210">
                        <description>Select weather icons</description>
                        <include>ButtonCommonValues</include>
                        <label>31158</label>
                        <onclick condition="System.HasAddon(script.image.resource.select)">RunScript(script.image.resource.select,property=weathericons&amp;type=resource.images.weathericons)</onclick>
                        <onclick condition="!System.HasAddon(script.image.resource.select)">InstallAddon(script.image.resource.select)</onclick>
                    </control>
                    <control type="button" id="211">
                        <description>Select weather fanart</description>
                        <include>ButtonCommonValues</include>
                        <label>$LOCALIZE[31101]</label>
                        <onclick condition="System.HasAddon(script.image.resource.select)">RunScript(script.image.resource.select,property=weatherfanart&amp;type=resource.images.weatherfanart)</onclick>
                        <onclick condition="!System.HasAddon(script.image.resource.select)">InstallAddon(script.image.resource.select)</onclick>
                    </control>
                    <control type="button" id="2">
                        <description>Refresh button</description>
                        <textwidth>352</textwidth>
                        <include>ButtonCommonValues</include>
                        <label>103</label>
                    </control>
                    <control type="button" id="208">
                        <include>ButtonCommonValues</include>
                        <label>$LOCALIZE[12014]</label>
                        <label2>[LOWERCASE]$INFO[Window.Property(Updated)][/LOWERCASE]</label2>
                        <visible>!String.IsEmpty(Window.Property(Updated))</visible>
                        <enable>False</enable>
                    </control>
                    <control type="button" id="204">
                        <description>Settings button</description>
                        <textwidth>352</textwidth>
                        <include>ButtonCommonValues</include>
                        <label>1390</label>
                        <onclick>ActivateWindow(servicesettings,weather)</onclick>
                    </control>
                    <include>PlaylistButtons</include>
                    <include content="MenuPlayerControls">
                        <param name="PlayerControlsOnDown" value="213" />
                    </include>
                </control>
            </control>
            <include>Submenu</include>
            <include>MainMenu</include>
            <include>Topbar</include>
        </control>
    </controls>
</window>