<?xml version="1.0" encoding="utf-8"?>
<window id="130">
    <defaultcontrol>24</defaultcontrol>
    <animation effect="slide" start="510" end="0" time="300" tween="quadratic" easing="out">WindowOpen</animation>
    <animation effect="slide" start="0" end="510" time="300" tween="quadratic" easing="out">WindowClose</animation>
    <coordinates>
        <system>1</system>
        <left>1402</left>
        <top>0</top>
    </coordinates>
    <controls>
        <control type="image">
            <width>518</width>
            <height>1080</height>
            <texture colordiffuse="background">$VAR[CommonBackgroundOverlay]</texture>
        </control>
        <control type="image">
            <left>8</left>
            <width>510</width>
            <height>1080</height>
            <texture colordiffuse="background">dialog.png</texture>
        </control>
        <control type="label" id="100">
            <include>HiddenObject</include>
        </control>
        <control type="image" id="101">
            <include>HiddenObject</include>
        </control>
        <control type="image">
            <left>63</left>
            <top>55</top>
            <width>400</width>
            <height>400</height>
            <texture>$INFO[System.AddonIcon(script.ratingupdate)]</texture>
        </control>
        <control type="label" id="102">
            <visible>Control.HasFocus(24)</visible>
            <description>OnFocus Label</description>
            <wrapmultiline>true</wrapmultiline>
            <scroll>false</scroll>
            <textcolor>disabled</textcolor>
            <label />
            <left>38</left>
            <top>970</top>
            <aligny>top</aligny>
            <width>450</width>
            <height>60</height>
        </control>
        <control type="label">
            <visible>!Control.HasFocus(24)</visible>
            <description>OnFocus Label</description>
            <wrapmultiline>false</wrapmultiline>
            <scroll>false</scroll>
            <textcolor>disabled</textcolor>
            <label>$LOCALIZE[31301]:</label>
            <left>38</left>
            <top>970</top>
            <aligny>top</aligny>
            <width>450</width>
            <height>60</height>
        </control>
        <control type="label" id="103">
            <description>Latest Label</description>
            <wrapmultiline>false</wrapmultiline>
            <scroll>false</scroll>
            <textcolor>disabled</textcolor>
            <label />
            <left>38</left>
            <top>1010</top>
            <aligny>top</aligny>
            <width>450</width>
            <height>30</height>
        </control>
        <control type="grouplist">
            <left>8</left>
            <top>510</top>
            <width>510</width>
            <height>360</height>
            <itemgap>0</itemgap>
            <control type="button" id="21">
                <description>Top250</description>
                <width>510</width>
                <label />
                <include>ButtonCommonValues</include>
            </control>
            <control type="button" id="22">
                <description>Movies</description>
                <width>510</width>
                <label />
                <include>ButtonCommonValues</include>
            </control>
            <control type="button" id="23">
                <description>TVShows</description>
                <width>510</width>
                <label />
                <include>ButtonCommonValues</include>
            </control>
            <control type="button" id="24">
                <description>Exit</description>
                <width>510</width>
                <label />
                <include>ButtonCommonValues</include>
            </control>
        </control>
    </controls>
</window>