<?xml version="1.0" encoding="UTF-8"?>
<window>
    <defaultcontrol always="true">22</defaultcontrol>
    <animation effect="slide" start="0,708" end="0,0" time="300" tween="quadratic" easing="out">WindowOpen</animation>
    <animation effect="slide" start="0,0" end="0,708" time="300" tween="quadratic" easing="out">WindowClose</animation>
    <allowoverlay>no</allowoverlay>
    <coordinates>
        <system>1</system>
        <left>0</left>
        <top>372</top>
    </coordinates>
    <controls>
        <control type="group">
            <visible>!Window.IsVisible(smartplaylistrule) + !Window.IsVisible(selectdialog)</visible>
            <animation effect="slide" start="0,708" end="0,0" time="300" tween="quadratic" easing="out">Visible</animation>
            <animation effect="slide" start="0,0" end="0,708" time="300" tween="quadratic" easing="out">Hidden</animation>
            <control type="image">
                <width>1920</width>
                <height>708</height>
                <texture colordiffuse="background">$VAR[CommonBackgroundOverlay]</texture>
            </control>
            <control type="image">
                <top>8</top>
                <width>1920</width>
                <height>700</height>
                <texture colordiffuse="background">dialog.png</texture>
            </control>
            <control type="label" id="2">
                <include>HiddenObject</include>
            </control>
            <control type="group" id="9002">
                <control type="button" id="22">
                    <description>Set Playlist type</description>
                    <left>50</left>
                    <top>58</top>
                    <width>1370</width>
                    <label>467</label>
                    <onright>9001</onright>
                    <onleft>9001</onleft>
                    <onup>23</onup>
                    <ondown>12</ondown>
                </control>
                <control type="edit" id="12">
                    <description>Name Button</description>
                    <left>50</left>
                    <top>118</top>
                    <width>1370</width>
                    <label />
                    <onup>22</onup>
                    <onleft>9001</onleft>
                    <onright>9001</onright>
                    <ondown>10</ondown>
                    <hinttext>21433</hinttext>
                </control>
                <control type="button">
                    <description>rules label</description>
                    <left>50</left>
                    <top>178</top>
                    <width>1370</width>
                    <label>21434</label>
                    <textoffsetx>15</textoffsetx>
                    <font>font14_title</font>
                    <disabledcolor>highlight</disabledcolor>
                    <enable>no</enable>
                    <texturefocus />
                </control>
                <control type="panel" id="10">
                    <description>Rules List Control</description>
                    <left>50</left>
                    <top>238</top>
                    <width>920</width>
                    <height>180</height>
                    <onup>12</onup>
                    <onleft>9001</onleft>
                    <onright>9000</onright>
                    <ondown>16</ondown>
                    <itemlayout width="920" height="60">
                        <control type="label">
                            <width>920</width>
                            <height>60</height>
                            <textoffsetx>15</textoffsetx>
                            <info>ListItem.Label</info>
                            <selectedcolor>highlight</selectedcolor>
                            <font>font14</font>
                        </control>
                    </itemlayout>
                    <focusedlayout width="920" height="68">
                        <control type="image">
                            <width>920</width>
                            <height>60</height>
                            <texture>selecteditem_bg.png</texture>
                            <colordiffuse>highlight</colordiffuse>
                            <include>VisibleFadeEffect</include>
                        </control>
                        <control type="label">
                            <width>920</width>
                            <height>60</height>
                            <textoffsetx>15</textoffsetx>
                            <info>ListItem.Label</info>
                            <font>font14</font>
                        </control>
                    </focusedlayout>
                </control>
                <control type="grouplist" id="9000">
                    <left>1020</left>
                    <top>238</top>
                    <width>400</width>
                    <height>180</height>
                    <onup>9000</onup>
                    <onleft>10</onleft>
                    <onright>9001</onright>
                    <ondown>9000</ondown>
                    <control type="button" id="13">
                        <description>Add Rule Button</description>
                        <width>400</width>
                        <label>15019</label>
                        <font>font15</font>
                    </control>
                    <control type="button" id="14">
                        <description>Remove Rule Button</description>
                        <width>400</width>
                        <label>1210</label>
                        <font>font15</font>
                    </control>
                    <control type="button" id="15">
                        <description>Edit Rule Button</description>
                        <width>400</width>
                        <label>21435</label>
                        <font>font15</font>
                    </control>
                </control>
                <control type="button" id="16">
                    <left>50</left>
                    <top>418</top>
                    <width>1370</width>
                    <label>21424</label>
                    <onright>9001</onright>
                    <onleft>9001</onleft>
                    <onup>10</onup>
                    <ondown>17</ondown>
                </control>
                <control type="button" id="17">
                    <left>50</left>
                    <top>478</top>
                    <width>1370</width>
                    <label>21427</label>
                    <onright>9001</onright>
                    <onleft>9001</onleft>
                    <onup>16</onup>
                    <ondown>18</ondown>
                </control>
                <control type="button" id="18">
                    <left>50</left>
                    <top>538</top>
                    <width>920</width>
                    <label>21429</label>
                    <onright>19</onright>
                    <onleft>9001</onleft>
                    <onup>17</onup>
                    <ondown>23</ondown>
                </control>
                <control type="button" id="19">
                    <left>1020</left>
                    <top>538</top>
                    <width>400</width>
                    <align>center</align>
                    <label />
                    <onright>9001</onright>
                    <onleft>18</onleft>
                    <onup>17</onup>
                    <ondown>24</ondown>
                </control>
                <control type="button" id="23">
                    <left>50</left>
                    <top>598</top>
                    <width>920</width>
                    <label>21458</label>
                    <onright>24</onright>
                    <onleft>9001</onleft>
                    <onup>18</onup>
                    <ondown>22</ondown>
                </control>
                <control type="radiobutton" id="24">
                    <left>1020</left>
                    <top>598</top>
                    <width>400</width>
                    <align>center</align>
                    <label>21459</label>
                    <onright>9001</onright>
                    <onleft>23</onleft>
                    <onup>19</onup>
                    <ondown>22</ondown>
                </control>
            </control>
            <control type="grouplist" id="9001">
                <left>1470</left>
                <top>58</top>
                <width>400</width>
                <height>140</height>
                <onup>9001</onup>
                <ondown>9001</ondown>
                <onleft>9002</onleft>
                <onright>9002</onright>
                <itemgap>20</itemgap>
                <control type="button" id="20">
                    <description>OK button</description>
                    <width>400</width>
                    <label>186</label>
                    <font>font15_title</font>
                    <align>center</align>
                    <texturenofocus colordiffuse="33787878">selecteditem_bg.png</texturenofocus>
                </control>
                <control type="button" id="21">
                    <description>Cancel button</description>
                    <width>400</width>
                    <label>222</label>
                    <font>font15_title</font>
                    <align>center</align>
                    <texturenofocus colordiffuse="33787878">selecteditem_bg.png</texturenofocus>
                </control>
            </control>
        </control>
    </controls>
</window>