<?xml version="1.0" encoding="UTF-8"?>
<window>
    <defaultcontrol always="true">2</defaultcontrol>
    <animation effect="slide" start="0,712" end="0,0" time="300" tween="quadratic" easing="out">WindowOpen</animation>
    <animation effect="slide" start="0,0" end="0,712" time="300" tween="quadratic" easing="out">WindowClose</animation>
    <coordinates>
        <system>1</system>
        <left>0</left>
        <top>368</top>
    </coordinates>
    <controls>
        <control type="image">
            <width>1920</width>
            <height>712</height>
            <texture colordiffuse="background">$VAR[CommonBackgroundOverlay]</texture>
        </control>
        <control type="image">
            <top>8</top>
            <width>1920</width>
            <height>704</height>
            <texture colordiffuse="background">dialog.png</texture>
        </control>
        <control type="group">
            <top>38</top>
            <left>30</left>
            <control type="panel" id="11">
                <left>0</left>
                <top>0</top>
                <width>1410</width>
                <height>644</height>
                <onleft>9000</onleft>
                <onright condition="Container(11).HasNext | Container(11).HasPrevious">60</onright>
                <onright condition="![Container(11).HasNext | Container(11).HasPrevious]">9000</onright>
                <ondown>11</ondown>
                <onup>11</onup>
                <scrolltime>200</scrolltime>
                <viewtype label="536">icon</viewtype>
                <pagecontrol>60</pagecontrol>
                <orientation>vertical</orientation>
                <itemlayout height="322" width="470">
                    <control type="image">
                        <top>20</top>
                        <left>20</left>
                        <right>20</right>
                        <height>242</height>
                        <texture>overlays/diffuse-overlay.png</texture>
                    </control>
                    <control type="label">
                        <left>20</left>
                        <width>430</width>
                        <top>260</top>
                        <height>50</height>
                        <label>$INFO[ListItem.Label]</label>
                    </control>
                    <control type="image">
                        <left>20</left>
                        <top>20</top>
                        <width>430</width>
                        <height>242</height>
                        <aspectratio align="center" aligny="center">scale</aspectratio>
                        <texture background="true">$INFO[ListItem.Icon]</texture>
                    </control>
                </itemlayout>
                <focusedlayout height="322" width="470">
                    <include content="SelectedItemBackground">
                        <param name="Left" value="10" />
                        <param name="Top" value="10" />
                        <param name="Width" value="450" />
                        <param name="Height" value="302" />
                    </include>
                    <control type="image">
                        <top>20</top>
                        <left>20</left>
                        <right>20</right>
                        <height>242</height>
                        <texture>overlays/diffuse-overlay.png</texture>
                    </control>
                    <control type="label">
                        <left>20</left>
                        <width>430</width>
                        <top>260</top>
                        <height>50</height>
                        <label>$INFO[ListItem.Label]</label>
                    </control>
                    <control type="image">
                        <left>20</left>
                        <top>20</top>
                        <width>430</width>
                        <height>242</height>
                        <aspectratio align="center" aligny="center">scale</aspectratio>
                        <texture background="true">$INFO[ListItem.Icon]</texture>
                    </control>
                </focusedlayout>
            </control>
            <control type="scrollbar" id="60">
                <visible allowhiddenfocus="true">Control.HasFocus(60) | Control.HasFocus(11)</visible>
                <animation effect="fade" time="300" tween="sine" easing="inout" start="0" end="100">Visible</animation>
                <left>1410</left>
                <top>20</top>
                <height>604</height>
                <width>10</width>
                <onleft>11</onleft>
                <onright>9000</onright>
                <ondown>60</ondown>
                <onup>60</onup>
            </control>
        </control>
        <control type="grouplist" id="9000">
            <left>1470</left>
            <top>58</top>
            <width>400</width>
            <height>220</height>
            <itemgap>20</itemgap>
            <onleft>11</onleft>
            <onright>11</onright>
            <onup>9000</onup>
            <ondown>9000</ondown>  
            <control type="button" id="2">
                <description>Create Bookmark button</description>
                <label>294</label>
                <font>font15_title</font>
                <align>center</align>
                <width>400</width>
                <texturenofocus colordiffuse="33787878">selecteditem_bg.png</texturenofocus>
            </control>
            <control type="button" id="4">
                <description>Set episode bookmark</description>
                <label>20406</label>
                <font>font15_title</font>
                <align>center</align>
                <width>400</width>
                <texturenofocus colordiffuse="33787878">selecteditem_bg.png</texturenofocus>
                <visible>videoplayer.content(episodes)</visible>
            </control>
            <control type="button" id="3">
                <description>Clear Bookmark button</description>
                <label>296</label>
                <font>font15_title</font>
                <align>center</align>
                <width>400</width>
                <texturenofocus colordiffuse="33787878">selecteditem_bg.png</texturenofocus>
            </control>
        </control>
    </controls>
</window>
