<?xml version="1.0" encoding="UTF-8" standalone="yes"?>
<addon id="repository.daedalusbln" name="DaedalusBLN Repository" version="1.0.0" provider-name="DaedalusBLN">
    <extension point="xbmc.addon.repository" name="Example Repository">
        <dir>
            <info compressed="false">https://raw.githubusercontent.com/DaedalusBLN/DaedalusBLN.github.io/master/zips/addons.xml</info>
            <checksum>https://raw.githubusercontent.com/DaedalusBLN/DaedalusBLN.github.io/master/zips/addons.xml.md5</checksum>
            <datadir zip="true">https://raw.githubusercontent.com/DaedalusBLN/DaedalusBLN.github.io/master/zips/</datadir>
        </dir>
    </extension>
    <extension point="xbmc.addon.metadata">
        <summary>DaedalusBLN Repository</summary>
        <description>Forks and future add-ons</description>
        <disclaimer></disclaimer>
        <platform>all</platform>
        <assets>
            <icon>icon.png</icon>
            <fanart>fanart.jpg</fanart>
        </assets>
    </extension>
</addon>
