<?xml version="1.0" encoding="UTF-8"?>
<window id="1125">
    <defaultcontrol always="true">305</defaultcontrol>
    <menucontrol>9051</menucontrol>
    <onload>ClearProperty(MediaMenu,home)</onload>
    <onunload>ClearProperty(MediaMenu,home)</onunload>
    <allowoverlay>no</allowoverlay>
    <controls>
        <include>CommonBackground</include>
        <control type="group">
            <include>MenuSlideAnimation</include>
            <top>0</top>
            <left>-430</left>
            <control type="group">
                <include>Animation.Common</include>
                <left>660</left>
                <top>210</top>
                <width>1600</width>
                <height>780</height>
                <control type="panel" id="305">
                    <width>1600</width>
                    <height>780</height>
                    <onleft>9000</onleft>
                    <onright>SetProperty(MediaMenu,true,home)</onright>
                    <onright>SetFocus(9050)</onright>
                    <onup condition="!String.IsEmpty(Window(weather).Property(Hourly.IsFetched))">ReplaceWindow(1124)</onup>
                    <ondown>ReplaceWindow(weather)</ondown>
                    <orientation>horizontal</orientation>
                    <scrolltime tween="quadratic" easing="out">200</scrolltime>
                    <itemlayout height="780" width="1600">
                        <control type="image">
                            <top>20</top>
                            <left>20</left>
                            <right>20</right>
                            <bottom>60</bottom>
                            <texture>overlays/diffuse-overlay.png</texture>
                        </control>
                        <control type="image">
                            <left>20</left>
                            <right>20</right>
                            <top>20</top>
                            <height>700</height>
                            <texture>$INFO[ListItem.Property(MapArea)]</texture>
                            <aspectratio align="center" aligny="center">scale</aspectratio>
                        </control>
                        <control type="image">
                            <left>20</left>
                            <right>20</right>
                            <top>20</top>
                            <height>700</height>
                            <texture>$INFO[ListItem.Property(MapLayer)]</texture>
                            <aspectratio align="center" aligny="center">scale</aspectratio>
                        </control>
                        <control type="image">
                            <left>20</left>
                            <right>20</right>
                            <top>640</top>
                            <height>60</height>
                            <texture>$INFO[ListItem.Property(MapLegend)]</texture>
                            <aspectratio align="right" aligny="bottom">keep</aspectratio>
                        </control>
                        <control type="label">
                            <left>20</left>
                            <right>20</right>
                            <top>717</top>
                            <height>50</height>
                            <label>$INFO[ListItem.Label]</label>
                        </control>
                    </itemlayout>
                    <focusedlayout height="780" width="1600">
                        <include content="SelectedItemBackground">
                            <param name="Left" value="10" />
                            <param name="Top" value="10" />
                            <param name="Width" value="1580" />
                            <param name="Height" value="760" />
                        </include>
                        <control type="image">
                            <top>20</top>
                            <left>20</left>
                            <right>20</right>
                            <bottom>60</bottom>
                            <texture>overlays/diffuse-overlay.png</texture>
                        </control>
                        <control type="image">
                            <left>20</left>
                            <right>20</right>
                            <top>20</top>
                            <height>700</height>
                            <texture>$INFO[ListItem.Property(MapArea)]</texture>
                            <aspectratio align="center" aligny="center">scale</aspectratio>
                        </control>
                        <control type="image">
                            <left>20</left>
                            <right>20</right>
                            <top>20</top>
                            <height>700</height>
                            <texture>$INFO[ListItem.Property(MapLayer)]</texture>
                            <aspectratio align="center" aligny="center">scale</aspectratio>
                        </control>
                        <control type="image">
                            <left>20</left>
                            <right>20</right>
                            <top>640</top>
                            <height>60</height>
                            <texture>$INFO[ListItem.Property(MapLegend)]</texture>
                            <aspectratio align="right" aligny="bottom">keep</aspectratio>
                        </control>
                        <control type="label">
                            <left>20</left>
                            <right>20</right>
                            <top>717</top>
                            <height>50</height>
                            <label>$INFO[ListItem.Label]</label>
                        </control>
                    </focusedlayout>
                    <content>
                        <item>
                            <label>$INFO[Window(weather).Property(Map.1.Heading)]</label>
                            <property name="MapArea">$INFO[Window(weather).Property(Map.1.Area)]</property>
                            <property name="MapLayer">$INFO[Window(weather).Property(Map.1.Layer)]</property>
                            <property name="MapLegend">$INFO[Window(weather).Property(Map.1.Legend)]</property>
                            <visible>!String.IsEmpty(Window(weather).Property(Map.1.Area))</visible>
                        </item>
                        <item>
                            <label>$INFO[Window(weather).Property(Map.2.Heading)]</label>
                            <property name="MapArea">$INFO[Window(weather).Property(Map.2.Area)]</property>
                            <property name="MapLayer">$INFO[Window(weather).Property(Map.2.Layer)]</property>
                            <property name="MapLegend">$INFO[Window(weather).Property(Map.2.Legend)]</property>
                            <visible>!String.IsEmpty(Window(weather).Property(Map.2.Area))</visible>
                        </item>
                        <item>
                            <label>$INFO[Window(weather).Property(Map.3.Heading)]</label>
                            <property name="MapArea">$INFO[Window(weather).Property(Map.3.Area)]</property>
                            <property name="MapLayer">$INFO[Window(weather).Property(Map.3.Layer)]</property>
                            <property name="MapLegend">$INFO[Window(weather).Property(Map.3.Legend)]</property>
                            <visible>!String.IsEmpty(Window(weather).Property(Map.3.Area))</visible>
                        </item>
                        <item>
                            <label>$INFO[Window(weather).Property(Map.4.Heading)]</label>
                            <property name="MapArea">$INFO[Window(weather).Property(Map.4.Area)]</property>
                            <property name="MapLayer">$INFO[Window(weather).Property(Map.4.Layer)]</property>
                            <property name="MapLegend">$INFO[Window(weather).Property(Map.4.Legend)]</property>
                            <visible>!String.IsEmpty(Window(weather).Property(Map.4.Area))</visible>
                        </item>
                        <item>
                            <label>$INFO[Window(weather).Property(Map.5.Heading)]</label>
                            <property name="MapArea">$INFO[Window(weather).Property(Map.5.Area)]</property>
                            <property name="MapLayer">$INFO[Window(weather).Property(Map.5.Layer)]</property>
                            <property name="MapLegend">$INFO[Window(weather).Property(Map.5.Legend)]</property>
                            <visible>!String.IsEmpty(Window(weather).Property(Map.5.Area))</visible>
                        </item>
                    </content>
                </control>
            </control>
            <control type="group">
                <left>2350</left>
                <include>SideBladeRight</include>
                <control type="grouplist" id="9050">
                    <animation effect="slide" start="-630,0" end="0,0" time="400" tween="quadratic" easing="out">Visible</animation>
                    <width>630</width>
                    <height>1080</height>
                    <onright>9050</onright>
                    <onleft>ClearProperty(MediaMenu,home)</onleft>
                    <onleft>305</onleft>
                    <onup>9050</onup>
                    <ondown>9050</ondown>
                    <onback>ClearProperty(MediaMenu,home)</onback>
                    <onback>305</onback>
                    <itemgap>0</itemgap>
                    <control type="button" id="213">
                        <description>Change weather location</description>
                        <include>ButtonCommonValues</include>
                        <label>21873</label>
                        <label2>$INFO[Weather.Location]</label2>
                        <onclick>Weather.LocationNext</onclick>
                    </control>
                    <control type="button" id="210">
                        <description>Select weather icons</description>
                        <include>ButtonCommonValues</include>
                        <label>31158</label>
                        <onclick condition="System.HasAddon(script.image.resource.select)">RunScript(script.image.resource.select,property=weathericons&amp;type=resource.images.weathericons)</onclick>
                        <onclick condition="!System.HasAddon(script.image.resource.select)">InstallAddon(script.image.resource.select)</onclick>
                    </control>
                    <control type="button" id="211">
                        <description>Select weather fanart</description>
                        <include>ButtonCommonValues</include>
                        <label>$LOCALIZE[424] [LOWERCASE]$LOCALIZE[19190][/LOWERCASE]</label>
                        <onclick condition="System.HasAddon(script.image.resource.select)">RunScript(script.image.resource.select,property=weatherfanart&amp;type=resource.images.weatherfanart)</onclick>
                        <onclick condition="!System.HasAddon(script.image.resource.select)">InstallAddon(script.image.resource.select)</onclick>
                    </control>
                    <control type="button" id="204">
                        <description>Settings button</description>
                        <textwidth>352</textwidth>
                        <include>ButtonCommonValues</include>
                        <label>1390</label>
                        <onclick>ActivateWindow(servicesettings,weather)</onclick>
                    </control>
                    <include>PlaylistButtons</include>
                    <include content="MenuPlayerControls">
                        <param name="PlayerControlsOnDown" value="213" />
                    </include>
                </control>
            </control>
            <include>Submenu</include>
            <include>MainMenu</include>
            <include>Topbar</include>
        </control>
    </controls>
</window>