<?xml version="1.0" encoding="utf-8"?>
<window>
    <defaultcontrol always="true">120</defaultcontrol>
    <animation effect="slide" start="0,708" end="0,0" time="300" tween="quadratic" easing="out">WindowOpen</animation>
    <animation effect="slide" start="0,0" end="0,708" time="300" tween="quadratic" easing="out">WindowClose</animation>
    <coordinates>
        <left>0</left>
        <top>372</top>
        <system>1</system>
    </coordinates>
    <controls>
        <control type="group" id="250">
            <control type="image">
                <width>1920</width>
                <height>708</height>
                <texture colordiffuse="background">$VAR[CommonBackgroundOverlay]</texture>
            </control>
            <control type="image">
                <top>8</top>
                <width>1920</width>
                <height>700</height>
                <texture colordiffuse="background">dialog.png</texture>
            </control>
            <control type="label" id="100">
                <include>HiddenObject</include>
            </control>
            <control type="label" id="140">
                <left>50</left>
                <top>58</top>
                <width>1365</width>
                <height>500</height>
                <font>font15</font>
                <align>center</align>
                <visible>String.IsEmpty(Container(120).ListItem.Label)</visible>
            </control>
            <control type="list" id="120">
                <left>50</left>
                <top>58</top>
                <width>1365</width>
                <height>500</height>
                <onleft>150</onleft>
                <onright condition="Container(120).HasNext | Container(120).HasPrevious">121</onright>
                <onright condition="![Container(120).HasNext | Container(120).HasPrevious]">150</onright>
                <onup>120</onup>
                <ondown>120</ondown>
                <pagecontrol>121</pagecontrol>
                <scrolltime tween="quadratic" easing="out">200</scrolltime>
                <itemlayout width="1365" height="100">
                    <control type="image">
                        <left>25</left>
                        <top>30</top>
                        <width>40</width>
                        <height>40</height>
                        <texture>$INFO[ListItem.Art(thumb),flags/subtitles/flags/,.png]</texture>
                    </control>
                    <control type="image">
                        <left>80</left>
                        <top>5</top>
                        <width>60</width>
                        <height>60</height>
                        <aspectratio>keep</aspectratio>
                        <texture>flags/subtitles/icon_sync.png</texture>
                        <colordiffuse>maintext</colordiffuse>
                        <visible>ListItem.property(sync)</visible>
                        <animation effect="slide" start="0,0" end="0,15" time="0" condition="!ListItem.property(hearing_imp)">Conditional</animation>
                    </control>
                    <control type="image">
                        <left>90</left>
                        <top>50</top>
                        <width>40</width>
                        <height>40</height>
                        <aspectratio>keep</aspectratio>
                        <texture>flags/subtitles/icon_close_caption.png</texture>
                        <colordiffuse>maintext</colordiffuse>
                        <visible>ListItem.property(hearing_imp)</visible>
                        <animation effect="slide" start="0,0" end="0,-20" time="0" condition="!ListItem.property(sync)">Conditional</animation>
                    </control>
                    <control type="label">
                        <left>80</left>
                        <right>20</right>
                        <height>100</height>
                        <font>font15</font>
                        <label>$INFO[ListItem.Label2]</label>
                        <visible>!ListItem.property(sync) + !ListItem.property(hearing_imp)</visible>
                    </control>
                    <control type="label">
                        <left>80</left>
                        <right>20</right>
                        <height>100</height>
                        <align>right</align>
                        <font>font15</font>
                        <label>$INFO[ListItem.Label]</label>
                        <visible>!ListItem.property(sync) + !ListItem.property(hearing_imp)</visible>
                    </control>
                    <control type="label">
                        <left>155</left>
                        <right>20</right>
                        <height>100</height>
                        <font>font15</font>
                        <label>$INFO[ListItem.Label2]</label>
                        <visible>ListItem.property(sync) | ListItem.property(hearing_imp)</visible>
                    </control>
                    <control type="label">
                        <left>155</left>
                        <right>20</right>
                        <height>100</height>
                        <align>right</align>
                        <font>font15</font>
                        <label>$INFO[ListItem.Label]</label>
                        <visible>ListItem.property(sync) | ListItem.property(hearing_imp)</visible>
                    </control>
                    <control type="image">
                        <left>1100</left>
                        <width>150</width>
                        <height>100</height>
                        <aspectratio>keep</aspectratio>
                        <texture>$INFO[ListItem.ActualIcon,rating,.png]</texture>
                        <colordiffuse>maintext</colordiffuse>
                    </control>
                </itemlayout>
                <focusedlayout width="1365" height="100">
                    <control type="image">
                        <width>1365</width>
                        <height>100</height>
                        <texture>selecteditem_bg.png</texture>
                        <colordiffuse>highlight</colordiffuse>
                        <include>VisibleFadeEffect</include>
                        <visible>Control.HasFocus(120)</visible>
                    </control>
                    <control type="image">
                        <left>25</left>
                        <top>30</top>
                        <width>40</width>
                        <height>40</height>
                        <texture>$INFO[ListItem.Art(thumb),flags/subtitles/flags/,.png]</texture>
                    </control>
                    <control type="image">
                        <top>5</top>
                        <left>80</left>
                        <width>60</width>
                        <height>60</height>
                        <aspectratio>keep</aspectratio>
                        <texture>flags/subtitles/icon_sync.png</texture>
                        <colordiffuse>maintext</colordiffuse>
                        <visible>ListItem.property(sync)</visible>
                        <animation effect="slide" start="0,0" end="0,15" time="0" condition="!ListItem.property(hearing_imp)">Conditional</animation>
                    </control>
                    <control type="image">
                        <left>90</left>
                        <top>50</top>
                        <width>40</width>
                        <height>40</height>
                        <aspectratio>keep</aspectratio>
                        <texture>flags/subtitles/icon_close_caption.png</texture>
                        <colordiffuse>maintext</colordiffuse>
                        <visible>ListItem.property(hearing_imp)</visible>
                        <animation effect="slide" start="0,0" end="0,-20" time="0" condition="!ListItem.property(sync)">Conditional</animation>
                    </control>
                    <control type="label">
                        <left>80</left>
                        <right>20</right>
                        <height>100</height>
                        <font>font15</font>
                        <label>$INFO[ListItem.Label2]</label>
                        <visible>!ListItem.property(sync) + !ListItem.property(hearing_imp)</visible>
                    </control>
                    <control type="label">
                        <left>80</left>
                        <right>20</right>
                        <height>100</height>
                        <align>right</align>
                        <font>font15</font>
                        <label>$INFO[ListItem.Label]</label>
                        <visible>!ListItem.property(sync) + !ListItem.property(hearing_imp)</visible>
                    </control>
                    <control type="label">
                        <left>155</left>
                        <right>20</right>
                        <height>100</height>
                        <font>font15</font>
                        <label>$INFO[ListItem.Label2]</label>
                        <visible>ListItem.property(sync) | ListItem.property(hearing_imp)</visible>
                    </control>
                    <control type="label">
                        <left>155</left>
                        <right>20</right>
                        <height>100</height>
                        <align>right</align>
                        <font>font15</font>
                        <label>$INFO[ListItem.Label]</label>
                        <visible>ListItem.property(sync) | ListItem.property(hearing_imp)</visible>
                    </control>
                    <control type="image">
                        <left>1100</left>
                        <width>150</width>
                        <height>100</height>
                        <aspectratio>keep</aspectratio>
                        <texture>$INFO[ListItem.ActualIcon,rating,.png]</texture>
                    </control>
                </focusedlayout>
            </control>
            <control type="scrollbar" id="121">
                <visible allowhiddenfocus="true">Control.HasFocus(121) | Control.HasFocus(120)</visible>
                <animation effect="fade" time="300" tween="sine" easing="inout" start="0" end="100">Visible</animation>
                <left>1425</left>
                <top>58</top>
                <width>10</width>
                <height>500</height>
                <onup>121</onup>
                <ondown>121</ondown>
                <onleft>120</onleft>
                <onright>150</onright>
                <orientation>vertical</orientation>
            </control>
            <control type="group" id="130">
                <control type="grouplist">
                    <left>50</left>
                    <top>578</top>
                    <width>1365</width>
                    <height>50</height>
                    <align>left</align>
                    <orientation>horizontal</orientation>
                    <itemgap>5</itemgap>
                    <control type="label">
                        <width>36</width>
                        <height>50</height>
                        <label>n</label>
                        <font>IconSmall</font>
                    </control>
                    <control type="label">
                        <width>1310</width>
                        <height>46</height>
                        <label>$LOCALIZE[31413]</label>
                        <font>font14</font>
                    </control>
                </control>
            </control>
            <control type="label">
                <description>Video label</description>
                <left>50</left>
                <top>618</top>
                <width>1365</width>
                <height>50</height>
                <font>font14</font>
                <textcolor>disabled</textcolor>
                <label>$INFO[Player.Filename,$LOCALIZE[561]: ]</label>
            </control>
            <control type="group">
                <control type="list" id="150">
                    <left>1470</left>
                    <top>58</top>
                    <width>400</width>
                    <height>300</height>
                    <onleft>120</onleft>
                    <onright>120</onright>
                    <onup>160</onup>
                    <ondown>160</ondown>
                    <viewtype label="535">list</viewtype>
                    <scrolltime tween="quadratic" easing="out">200</scrolltime>
                    <itemlayout width="400" height="100">
                        <control type="label">
                            <width>400</width>
                            <height>100</height>
                            <textoffsetx>20</textoffsetx>
                            <font>font15</font>
                            <label>$INFO[ListItem.Label]</label>
                        </control>
                        <control type="label">
                            <right>20</right>
                            <height>100</height>
                            <align>right</align>
                            <font>IconSmall</font>
                            <label>A</label>
                            <visible>ListItem.IsSelected</visible>
                        </control>
                    </itemlayout>
                    <focusedlayout width="400" height="100">
                        <control type="image">
                            <width>400</width>
                            <height>100</height>
                            <texture>selecteditem_bg.png</texture>
                            <colordiffuse>highlight</colordiffuse>
                            <include>VisibleFadeEffect</include>
                            <visible>Control.HasFocus(150)</visible>
                        </control>
                        <control type="label">
                            <width>400</width>
                            <height>100</height>
                            <textoffsetx>20</textoffsetx>
                            <font>font15</font>
                            <label>$INFO[ListItem.Label]</label>
                        </control>
                        <control type="label">
                            <right>20</right>
                            <height>100</height>
                            <align>right</align>
                            <font>IconSmall</font>
                            <label>A</label>
                            <visible>ListItem.IsSelected</visible>
                        </control>
                    </focusedlayout>
                </control>
                <control type="button" id="160">
                    <description>Manual Button</description>
                    <top>378</top>
                    <left>1470</left>
                    <width>400</width>
                    <height>60</height>
                    <label>$LOCALIZE[31009]</label>
                    <align>center</align>
                    <font>font15_title</font>
                    <texturenofocus colordiffuse="33787878">selecteditem_bg.png</texturenofocus>
                    <onleft>120</onleft>
                    <onright>120</onright>
                    <onup>150</onup>
                    <ondown>150</ondown>
                </control>
                <control type="image" id="110">
                    <top>578</top>
                    <left>1470</left>
                    <width>400</width>
                    <height>80</height>
                    <aspectratio align="right" aligny="bottom">keep</aspectratio>
                </control>
            </control>
        </control>
    </controls>
</window>