<?xml version="1.0" encoding="UTF-8"?>
<window>
    <defaultcontrol always="true">5</defaultcontrol>
    <animation effect="slide" start="0,708" end="0,0" time="300" tween="quadratic" easing="out">WindowOpen</animation>
    <animation effect="slide" start="0,0" end="0,708" time="300" tween="quadratic" easing="out">WindowClose</animation>
    <coordinates>
        <system>1</system>
        <left>0</left>
        <top>372</top>
    </coordinates>
    <controls>
        <control type="group">
            <control type="image">
                <width>1920</width>
                <height>708</height>
                <texture colordiffuse="background">$VAR[CommonBackgroundOverlay]</texture>
            </control>
            <control type="image">
                <top>8</top>
                <width>1920</width>
                <height>700</height>
                <texture colordiffuse="background">dialog.png</texture>
            </control>
            <control type="label" id="2">
                <include>HiddenObject</include>
            </control>
            <control type="list" id="5">
                <left>50</left>
                <top>58</top>
                <width>1370</width>
                <height>600</height>
                <onup>5</onup>
                <ondown>5</ondown>
                <onleft>9000</onleft>
                <onright condition="Container(5).HasNext | Container(5).HasPrevious">60</onright>
                <onright condition="![Container(5).HasNext | Container(5).HasPrevious]">9000</onright>
                <pagecontrol>60</pagecontrol>
                <scrolltime tween="quadratic" easing="out">200</scrolltime>
                <itemlayout height="100" width="1370">
                    <control type="label">
                        <width>1370</width>
                        <height>100</height>
                        <font>font15</font>
                        <label>$INFO[ListItem.Label]</label>
                        <textoffsetx>30</textoffsetx>
                    </control>
                    <control type="label">
                        <width>1370</width>
                        <height>100</height>
                        <font>font15</font>
                        <align>right</align>
                        <label>$INFO[ListItem.Label2]</label>
                        <textoffsetx>30</textoffsetx>
                    </control>
                </itemlayout>
                <focusedlayout height="100" width="1370">
                    <control type="image">
                        <width>1370</width>
                        <height>100</height>
                        <texture>selecteditem_bg.png</texture>
                        <colordiffuse>highlight</colordiffuse>
                        <visible>Control.HasFocus(5)</visible>
                        <include>VisibleFadeEffect</include>
                    </control>
                    <control type="label">
                        <width>1370</width>
                        <height>100</height>
                        <font>font15</font>
                        <label>$INFO[ListItem.Label]</label>
                        <textoffsetx>30</textoffsetx>
                    </control>
                    <control type="label">
                        <width>1370</width>
                        <height>100</height>
                        <font>font15</font>
                        <align>right</align>
                        <label>$INFO[ListItem.Label2]</label>
                        <textoffsetx>30</textoffsetx>
                    </control>
                </focusedlayout>
            </control>
            <control type="scrollbar" id="60">
                <visible allowhiddenfocus="true">Control.HasFocus(60) | Control.HasFocus(5)</visible>
                <animation effect="fade" time="300" tween="sine" easing="inout" start="0" end="100">Visible</animation>
                <left>1430</left>
                <top>58</top>
                <height>600</height>
                <width>10</width>
                <onleft>5</onleft>
                <onright>9000</onright>
                <ondown>60</ondown>
                <onup>60</onup>
            </control>
            <control type="button" id="9000">
                <description>Cancel button</description>
                <top>58</top>
                <left>1470</left>
                <font>font15_title</font>
                <align>center</align>
                <width>400</width>
                <label>15067</label>
                <onleft>5</onleft>
                <onright>5</onright>
                <onclick>Close</onclick>
                <texturenofocus colordiffuse="33787878">selecteditem_bg.png</texturenofocus>
            </control>
            <control type="image">
                <top>168</top>
                <left>1470</left>
                <width>400</width>
                <height>490</height>
                <texture>$INFO[ListItem.Icon]</texture>
                <aspectratio align="center" aligny="bottom">keep</aspectratio>
            </control>
        </control>
    </controls>
</window>