<?xml version="1.0" encoding="utf-8"?>
<window>
    <views>500</views>
    <defaultcontrol always="true">500</defaultcontrol>
    <menucontrol>9053</menucontrol>
    <onload>ClearProperty(MediaMenu,Home)</onload>
    <controls>
        <control type="button" id="9053">
            <include>HiddenObject</include>
            <onfocus condition="String.IsEmpty(Window(Home).Property(MediaMenu))">SetProperty(MediaMenu,True,home)</onfocus>
            <onfocus condition="String.IsEmpty(Window(Home).Property(MediaMenu))">SetFocus(9050)</onfocus>
            <onfocus condition="!String.IsEmpty(Window(Home).Property(MediaMenu))">ClearProperty(MediaMenu,Home)</onfocus>
            <onfocus condition="!String.IsEmpty(Window(Home).Property(MediaMenu))">SetFocus(500)</onfocus>
        </control>
        <control type="group">
            <control type="image">
                <include>FullscreenDimensions</include>
                <texture>black.png</texture>
            </control>
            <control type="image">
                <texture background="true">$INFO[Container(500).ListItem.Thumb]</texture>
                <include>FullscreenDimensions</include>
                <aspectratio aligny="top">scale</aspectratio>  
                <fadetime>300</fadetime>
            </control>
            <control type="image">
                <include>FullscreenDimensions</include>
                <texture>background.png</texture>
                <colordiffuse>background</colordiffuse>
                <fadetime>300</fadetime>
            </control>
        </control>
        <control type="group">
            <include>MenuSlideAnimation</include>
            <top>0</top>
            <left>0</left>
            <control type="group">
                <top>202</top>
                <left>80</left>
                <include>Animation.Common</include>
                <control type="panel" id="500">
                    <left>0</left>
                    <top>0</top>
                    <width>1760</width>
                    <height>820</height>
                    <viewtype label="31234">icon</viewtype>
                    <pagecontrol>60</pagecontrol>
                    <preloaditems>2</preloaditems>
                    <scrolltime tween="quadratic">300</scrolltime>
                    <onleft>500</onleft>
                    <onright>60</onright>
                    <onup>700</onup>
                    <ondown>600</ondown>
                    <orientation>vertical</orientation>
                    <itemlayout height="410" width="440">
                        <control type="group">
                            <left>12</left>
                            <top>12</top>
                            <control type="image">
                                <width>416</width>
                                <height>235</height>
                                <aspectratio align="center" aligny="center">scale</aspectratio>
                                <texture background="true">$INFO[ListItem.Icon]</texture>
                            </control>
                            <control type="image">
                                <left>285</left>
                                <top>240</top>
                                <width>130</width>
                                <height>30</height>
                                <texture colordiffuse="maintext">$INFO[ListItem.Rating,flags/rating/,.png]</texture>
                            </control>
                            <control type="label">
                                <top>240</top>
                                <width>380</width>
                                <height>30</height>
                                <label>[LOWERCASE]$INFO[ListItem.Property(viewcount),, $ADDON[script.extendedinfo 32061]][/LOWERCASE]</label>
                                <font>font10</font>
                            </control>
                            <control type="textbox">
                                <left>0</left>
                                <top>275</top>
                                <height>90</height>
                                <width>416</width>
                                <label>$INFO[ListItem.Label]</label>
                                <align>center</align>
                                <font>font13</font>
                            </control>
                        </control>
                    </itemlayout>
                    <focusedlayout height="410" width="440">
                        <include content="SelectedItemBackground">
                            <param name="Left" value="0" />
                            <param name="Top" value="0" />
                            <param name="Width" value="440" />
                            <param name="Height" value="380" />
                        </include>
                        <control type="group">
                            <left>12</left>
                            <top>12</top>
                            <control type="image">
                                <width>416</width>
                                <height>235</height>
                                <aspectratio align="center" aligny="center">scale</aspectratio>
                                <texture background="true">$INFO[ListItem.Icon]</texture>
                            </control>
                            <control type="image">
                                <left>285</left>
                                <top>240</top>
                                <width>130</width>
                                <height>30</height>
                                <texture colordiffuse="maintext">$INFO[ListItem.Rating,flags/rating/,.png]</texture>
                            </control>
                            <control type="label">
                                <top>240</top>
                                <width>380</width>
                                <height>30</height>
                                <label>[LOWERCASE]$INFO[ListItem.Property(viewcount),, $ADDON[script.extendedinfo 32061]][/LOWERCASE]</label>
                                <font>font10</font>
                            </control>
                            <control type="textbox">
                                <left>0</left>
                                <top>275</top>
                                <height>90</height>
                                <width>416</width>
                                <label>$INFO[ListItem.Label]</label>
                                <align>center</align>
                                <font>font13</font>
                                <include>AutoscrollDefault</include>
                            </control>
                        </control>
                    </focusedlayout>
                </control>
                <control type="button" id="600">
                    <onfocus>SetFocus(500)</onfocus>
                    <width>1</width>
                    <height>1</height>
                    <left>-1000</left>
                </control>
                <control type="button" id="700">
                    <onfocus>SetFocus(500)</onfocus>
                    <width>1</width>
                    <height>1</height>
                    <left>-1000</left>
                </control>
            </control>
            <control type="scrollbar" id="60">
                <visible allowhiddenfocus="true">Control.HasFocus(60) | Container.Scrolling</visible>
                <left>1910</left>
                <top>120</top>
                <width>10</width>
                <height>960</height>
                <onleft>500</onleft>
                <onright>SetProperty(MediaMenu,True,home)</onright>
                <onright>SetFocus(9050)</onright>
                <ondown>60</ondown>
                <onup>60</onup>
            </control>
            <control type="group">
                <left>1920</left>
                <include>SideBladeRight</include>
                <control type="grouplist" id="9050">
                    <animation effect="slide" start="-630,0" end="0,0" time="400" tween="quadratic" easing="out">Visible</animation>
                    <left>0</left>
                    <top>0</top>
                    <width>630</width>
                    <height>1080</height>
                    <onright>9050</onright>
                    <onleft>ClearProperty(MediaMenu,home)</onleft>
                    <onleft>500</onleft>
                    <onup>9050</onup>
                    <ondown>9050</ondown>
                    <onback>ClearProperty(MediaMenu,home)</onback>
                    <onback>500</onback>
                    <itemgap>0</itemgap>
                    <control type="button" id="5007">
                        <label>$LOCALIZE[467]</label>
                        <label2>$INFO[Window.Property(Type)]</label2>
                        <include>ButtonCommonValues</include>
                    </control>
                    <control type="button" id="5001">
                        <label>$ADDON[script.extendedinfo 32104]</label>
                        <label2>$INFO[Window.Property(Sort_Label)]</label2>
                        <include>ButtonCommonValues</include>
                    </control>
                    <control type="button" id="5004">
                        <label>$ADDON[script.extendedinfo 32128]</label>
                        <label2>$INFO[Window.Property(Order_Label)]</label2>
                        <include>ButtonCommonValues</include>
                    </control>
                    <control type="button" id="5002">
                        <label>$LOCALIZE[172]</label>
                        <include>ButtonCommonValues</include>
                    </control>
                    <control type="button" id="5003">
                        <label>$LOCALIZE[248]</label>
                        <include>ButtonCommonValues</include>
                    </control>
                    <control type="button" id="5006">
                        <label>$ADDON[script.extendedinfo 32066]</label>
                        <include>ButtonCommonValues</include>
                    </control>
                    <control type="button" id="5008">
                        <label>$LOCALIZE[180]</label>
                        <include>ButtonCommonValues</include>
                    </control>
                    <control type="button" id="5009">
                        <label>$LOCALIZE[287]</label>
                        <include>ButtonCommonValues</include>
                    </control>
                    <control type="button" id="5010">
                        <label>$LOCALIZE[572]</label>
                        <include>ButtonCommonValues</include>
                    </control>
                    <control type="button" id="5012">
                        <label>$LOCALIZE[169]</label>
                        <include>ButtonCommonValues</include>
                    </control>
                    <control type="button" id="5005">
                        <label>$ADDON[script.extendedinfo 32022]</label>
                        <include>ButtonCommonValues</include>
                    </control>
                    <control type="button" id="6000">
                        <label>$LOCALIZE[137]</label>
                        <include>ButtonCommonValues</include>
                        <onclick>ClearProperty(MediaMenu,Home)</onclick>
                        <onclick>500</onclick>
                    </control>
                </control>
            </control>
            <include>Topbar_Wide</include>
        </control>
    </controls>
</window>
