<?xml version="1.0" encoding="UTF-8"?>
<includes>
    <include name="View_501_Landscape">
        <control type="group">
            <visible>Control.IsVisible(501) + !$EXP[isInfoDialog]</visible>
            <include>Animation.Common</include>
            <top>155</top>
            <left>606</left>
            <control type="panel" id="501">
                <visible>[Container.Content(movies) | Container.Content(tvshows) | Container.Content(artists)] + !$EXP[isPlugin]</visible>
                <width>1696</width>
                <height>890</height>
                <onleft>9000</onleft>
                <onright condition="Container(501).HasPrevious | Container(501).HasNext">60</onright>
                <onright condition="!Container(501).HasNext + !Container(501).HasPrevious">SetProperty(MediaMenu,true,home)</onright>
                <onright condition="!Container(501).HasNext + !Container(501).HasPrevious">SetFocus(9050)</onright>
                <onup>501</onup>
                <ondown>501</ondown>
                <pagecontrol>60</pagecontrol>
                <preloaditems>2</preloaditems>
                <viewtype label="31100">Icon</viewtype>
                <scrolltime tween="quadratic" easing="out">300</scrolltime>
                <itemlayout height="296" width="424">
                    <control type="image">
                        <top>20</top>
                        <left>20</left>
                        <right>20</right>
                        <height>216</height>
                        <texture>overlays/diffuse-overlay.png</texture>
                    </control>
                    <control type="label">
                        <left>20</left>
                        <width>384</width>
                        <top>234</top>
                        <height>50</height>
                        <label>$INFO[ListItem.Label]</label>
                    </control>
                    <control type="image">
                        <left>20</left>
                        <top>20</top>
                        <width>384</width>
                        <height>216</height>
                        <aspectratio align="center" aligny="center">scale</aspectratio>
                        <texture background="true">$VAR[LandscapeArtVar]</texture>
                    </control>
                    <include content="OverlayIcons">
                        <param name="OverlayLeft" value="345" />
                        <param name="OverlayTop" value="20" />
                    </include>
                </itemlayout>
                <focusedlayout height="296" width="424">
                    <include content="SelectedItemBackground">
                        <param name="Left" value="10" />
                        <param name="Top" value="10" />
                        <param name="Width" value="404" />
                        <param name="Height" value="276" />
                    </include>
                    <control type="image">
                        <top>20</top>
                        <left>20</left>
                        <right>20</right>
                        <height>216</height>
                        <texture>overlays/diffuse-overlay.png</texture>
                    </control>
                    <control type="label">
                        <left>20</left>
                        <width>384</width>
                        <top>234</top>
                        <height>50</height>
                        <label>$INFO[ListItem.Label]</label>
                    </control>
                    <control type="image">
                        <left>20</left>
                        <top>20</top>
                        <width>384</width>
                        <height>216</height>
                        <aspectratio align="center" aligny="center">scale</aspectratio>
                        <texture background="true">$VAR[LandscapeArtVar]</texture>
                    </control>
                    <include content="OverlayIcons">
                        <param name="OverlayLeft" value="345" />
                        <param name="OverlayTop" value="20" />
                    </include>
                </focusedlayout>
            </control>
        </control>
        <control type="group">
            <visible>Control.IsVisible(501) + !$EXP[isInfoDialog]</visible>
            <include>Scrollbar_Vertical</include>
        </control>
    </include>
</includes>