<?xml version="1.0" encoding="UTF-8"?>
<includes>
    <include name="View_500_Wall">
        <control type="group">
            <visible>Control.IsVisible(500) + !$EXP[isInfoDialog]</visible>
            <include>Animation.Common</include>
            <top>155</top>
            <left>606</left>
            <control type="panel" id="500">
                <width>1696</width>
                <height>890</height>
                <onleft>9000</onleft>
                <onright condition="Container(500).HasPrevious | Container(500).HasNext">60</onright>
                <onright condition="!Container(500).HasNext + !Container(500).HasPrevious">SetProperty(MediaMenu,true,home)</onright>
                <onright condition="!Container(500).HasNext + !Container(500).HasPrevious">SetFocus(9050)</onright>
                <onup>500</onup>
                <ondown>500</ondown>
                <oninfo condition="$EXP[PluginAdvancedLauncher] + System.HasAddon(script.toolbox)">RunScript(script.toolbox,info=textviewer,header='"$INFO[ListItem.Label]"',text='"$VAR[AdvancedLauncherPlotVar]"')</oninfo>
                <oninfo condition="System.HasAddon(script.extendedinfo) + Container.Content(actors)">RunScript(script.extendedinfo,info=extendedactorinfo,name=$INFO[ListItem.Label])</oninfo>
                <pagecontrol>60</pagecontrol>
                <preloaditems>2</preloaditems>
                <viewtype label="31086">Icon</viewtype>
                <scrolltime tween="quadratic" easing="out">300</scrolltime>
                <itemlayout height="445" width="282" condition="[Container.Content(sets) | Container.Content(movies) | Container.Content(tvshows) | Container.Content(seasons) | Container.Content(actors)] + Control.HasFocus(500)">
                    <control type="image">
                        <top>20</top>
                        <left>22</left>
                        <width>242</width>
                        <height>362</height>
                        <texture>overlays/diffuse-overlay.png</texture>
                    </control>
                    <control type="label">
                        <left>22</left>
                        <width>242</width>
                        <top>380</top>
                        <height>50</height>
                        <label>$INFO[ListItem.Label]</label>
                    </control>
                    <control type="image">
                        <left>22</left>
                        <top>20</top>
                        <width>242</width>
                        <height>362</height>
                        <aspectratio align="center" aligny="center">scale</aspectratio>
                        <texture background="true" fallback="DefaultFolder.png">$VAR[PosterVar]</texture>
                    </control>
                    <include content="OverlayIcons">
                        <param name="OverlayLeft" value="207" />
                        <param name="OverlayTop" value="18" />
                    </include>
                </itemlayout>
                <focusedlayout height="445" width="282" condition="[Container.Content(sets) | Container.Content(movies) | Container.Content(tvshows) | Container.Content(seasons) | Container.Content(actors)] + Control.HasFocus(500)">
                    <include content="SelectedItemBackground">
                        <param name="Left" value="12" />
                        <param name="Top" value="10" />
                        <param name="Width" value="262" />
                        <param name="Height" value="422" />
                    </include>
                    <control type="image">
                        <top>20</top>
                        <left>22</left>
                        <width>242</width>
                        <height>362</height>
                        <texture>overlays/diffuse-overlay.png</texture>
                    </control>
                    <control type="label">
                        <left>22</left>
                        <width>242</width>
                        <top>380</top>
                        <height>50</height>
                        <label>$INFO[ListItem.Label]</label>
                    </control>
                    <control type="image">
                        <left>22</left>
                        <top>20</top>
                        <width>242</width>
                        <height>362</height>
                        <aspectratio align="center" aligny="center">scale</aspectratio>
                        <texture background="true" fallback="DefaultFolder.png">$VAR[PosterVar]</texture>
                    </control>
                    <include content="OverlayIcons">
                        <param name="OverlayLeft" value="207" />
                        <param name="OverlayTop" value="18" />
                    </include>
                </focusedlayout>
                <itemlayout height="296" width="424" condition="Container.Content(episodes) | Container.Content(files) | Container.Content(videos)">
                    <control type="image">
                        <top>20</top>
                        <left>20</left>
                        <right>20</right>
                        <height>216</height>
                        <texture>overlays/diffuse-overlay.png</texture>
                    </control>
                    <control type="label">
                        <left>20</left>
                        <width>384</width>
                        <top>234</top>
                        <height>50</height>
                        <label>$INFO[ListItem.Label]</label>
                    </control>
                    <control type="image">
                        <left>20</left>
                        <top>20</top>
                        <width>384</width>
                        <height>216</height>
                        <aspectratio align="center" aligny="center">scale</aspectratio>
                        <texture background="true" fallback="DefaultFallbackMovies.png">$VAR[ThumbVar]</texture>
                    </control>
                    <include content="OverlayIcons">
                        <param name="OverlayLeft" value="345" />
                        <param name="OverlayTop" value="20" />
                    </include>
                </itemlayout>
                <focusedlayout height="296" width="424" condition="Container.Content(episodes) | Container.Content(files) | Container.Content(videos)">
                    <include content="SelectedItemBackground">
                        <param name="Left" value="10" />
                        <param name="Top" value="10" />
                        <param name="Width" value="404" />
                        <param name="Height" value="276" />
                    </include>
                    <control type="image">
                        <top>20</top>
                        <left>20</left>
                        <right>20</right>
                        <height>216</height>
                        <texture>overlays/diffuse-overlay.png</texture>
                    </control>
                    <control type="label">
                        <left>20</left>
                        <width>384</width>
                        <top>234</top>
                        <height>50</height>
                        <label>$INFO[ListItem.Label]</label>
                    </control>
                    <control type="image">
                        <left>20</left>
                        <top>20</top>
                        <width>384</width>
                        <height>216</height>
                        <aspectratio align="center" aligny="center">scale</aspectratio>
                        <texture background="true" fallback="DefaultFallbackMovies.png">$VAR[ThumbVar]</texture>
                    </control>
                    <include content="OverlayIcons">
                        <param name="OverlayLeft" value="345" />
                        <param name="OverlayTop" value="20" />
                    </include>
                </focusedlayout>
                <itemlayout height="445" width="405" condition="Container.Content(musicvideos) | Container.Content(artists) | Container.Content(albums) | Container.Content(songs) | Container.Content(addons) | Container.Content(genres) | Container.Content(countries) | Container.Content(tags) | Container.Content(years) | Container.Content(directors) | Container.Content(studios)">
                    <control type="image">
                        <top>20</top>
                        <left>58</left>
                        <width>365</width>
                        <height>365</height>
                        <texture>overlays/diffuse-overlay.png</texture>
                    </control>
                    <control type="label">
                        <left>58</left>
                        <width>365</width>
                        <top>383</top>
                        <height>50</height>
                        <label>$INFO[ListItem.Label]</label>
                    </control>
                    <control type="image">
                        <left>58</left>
                        <top>20</top>
                        <width>365</width>
                        <height>365</height>
                        <aspectratio align="center" aligny="center">scale</aspectratio>
                        <texture background="true" fallback="DefaultFolder.png">$VAR[ListIcon]</texture>
                    </control>
                    <include content="OverlayIcons">
                        <param name="OverlayLeft" value="364" />
                        <param name="OverlayTop" value="18" />
                    </include>
                </itemlayout>
                <focusedlayout height="445" width="405" condition="Container.Content(musicvideos) | Container.Content(artists) | Container.Content(albums) | Container.Content(songs) | Container.Content(addons) | Container.Content(genres) | Container.Content(countries) | Container.Content(tags) | Container.Content(years) | Container.Content(directors) | Container.Content(studios)">
                    <include content="SelectedItemBackground">
                        <param name="Left" value="48" />
                        <param name="Top" value="10" />
                        <param name="Width" value="385" />
                        <param name="Height" value="425" />
                    </include>
                    <control type="image">
                        <top>20</top>
                        <left>58</left>
                        <width>365</width>
                        <height>365</height>
                        <texture>overlays/diffuse-overlay.png</texture>
                    </control>
                    <control type="label">
                        <left>58</left>
                        <width>365</width>
                        <top>383</top>
                        <height>50</height>
                        <label>$INFO[ListItem.Label]</label>
                    </control>
                    <control type="image">
                        <left>58</left>
                        <top>20</top>
                        <width>365</width>
                        <height>365</height>
                        <aspectratio align="center" aligny="center">scale</aspectratio>
                        <texture background="true" fallback="DefaultFolder.png">$VAR[ListIcon]</texture>
                    </control>
                    <include content="OverlayIcons">
                        <param name="OverlayLeft" value="364" />
                        <param name="OverlayTop" value="18" />
                    </include>
                </focusedlayout>
                <itemlayout height="445" width="405" condition="Container.Content(images) | Container.Content()">
                    <control type="image">
                        <top>20</top>
                        <left>58</left>
                        <width>365</width>
                        <height>365</height>
                        <texture>overlays/diffuse-overlay.png</texture>
                    </control>
                    <control type="label">
                        <left>58</left>
                        <width>365</width>
                        <top>383</top>
                        <height>50</height>
                        <label>$INFO[ListItem.Label]</label>
                    </control>
                    <control type="image">
                        <left>58</left>
                        <top>20</top>
                        <width>365</width>
                        <height>365</height>
                        <aspectratio align="center" aligny="center">keep</aspectratio>
                        <texture background="true" fallback="DefaultFolder.png">$VAR[ListIcon]</texture>
                    </control>
                    <include content="OverlayIcons">
                        <param name="OverlayLeft" value="364" />
                        <param name="OverlayTop" value="18" />
                    </include>
                </itemlayout>
                <focusedlayout height="445" width="405" condition="Container.Content(images) | Container.Content()">
                    <include content="SelectedItemBackground">
                        <param name="Left" value="48" />
                        <param name="Top" value="10" />
                        <param name="Width" value="385" />
                        <param name="Height" value="425" />
                    </include>
                    <control type="image">
                        <top>20</top>
                        <left>58</left>
                        <width>365</width>
                        <height>365</height>
                        <texture>overlays/diffuse-overlay.png</texture>
                    </control>
                    <control type="label">
                        <left>58</left>
                        <width>365</width>
                        <top>383</top>
                        <height>50</height>
                        <label>$INFO[ListItem.Label]</label>
                    </control>
                    <control type="image">
                        <left>58</left>
                        <top>20</top>
                        <width>365</width>
                        <height>365</height>
                        <aspectratio align="center" aligny="center">keep</aspectratio>
                        <texture background="true" fallback="DefaultFolder.png">$VAR[ListIcon]</texture>
                    </control>
                    <include content="OverlayIcons">
                        <param name="OverlayLeft" value="364" />
                        <param name="OverlayTop" value="18" />
                    </include>
                </focusedlayout>
            </control>
        </control>
        <control type="group">
            <visible>Control.IsVisible(500) + !$EXP[isInfoDialog]</visible>
            <include>Scrollbar_Vertical</include>
        </control>
    </include>
</includes>