<?xml version="1.0" encoding="UTF-8"?>
<window id="1122">
    <defaultcontrol always="true">305</defaultcontrol>
    <menucontrol>9051</menucontrol>
    <onload>ClearProperty(MediaMenu,home)</onload>
    <onunload>ClearProperty(MediaMenu,home)</onunload>
    <allowoverlay>no</allowoverlay>
    <controls>
        <include>CommonBackground</include>
        <control type="group">
            <include>MenuSlideAnimation</include>
            <top>0</top>
            <left>-430</left>
            <control type="group">
                <include>Animation.Common</include>
                <left>660</left>
                <top>210</top>
                <width>1600</width>
                <height>780</height>
                <control type="panel" id="305">
                    <width>1600</width>
                    <height>780</height>
                    <onleft>9000</onleft>
                    <onright>SetProperty(MediaMenu,true,home)</onright>
                    <onright>SetFocus(9050)</onright>
                    <onup condition="!String.IsEmpty(Window(weather).Property(Daily.IsFetched))">ReplaceWindow(1121)</onup>
                    <ondown condition="!String.IsEmpty(Window(weather).Property(Weekend.IsFetched))">ReplaceWindow(1123)</ondown>
                    <orientation>horizontal</orientation>
                    <scrolltime tween="quadratic" easing="out">200</scrolltime>
                    <itemlayout height="780" width="533">
                        <control type="image">
                            <top>20</top>
                            <left>20</left>
                            <right>20</right>
                            <bottom>60</bottom>
                            <texture>overlays/diffuse-overlay.png</texture>
                        </control>
                        <control type="label">
                            <left>20</left>
                            <right>20</right>
                            <top>717</top>
                            <height>50</height>
                            <label>$INFO[ListItem.Label]</label>
                        </control>
                        <control type="image">
                            <description>current weather icon</description>
                            <top>20</top>
                            <width>533</width>
                            <height>280</height>
                            <texture>$INFO[ListItem.Icon]</texture>
                            <aspectratio align="center" aligny="center">keep</aspectratio>
                        </control>
                        <control type="textbox">
                            <left>30</left>
                            <top>300</top>
                            <width>473</width>
                            <height>420</height>
                            <align>center</align>
                            <font>font15_textbox</font>
                            <label>$INFO[ListItem.Label2]$INFO[ListItem.Property(TemperatureHeading),[CR],: ]$INFO[ListItem.Property(Temperature)]$INFO[ListItem.Property(FeelsLike),[CR]$LOCALIZE[402]: ]$INFO[ListItem.Property(Precipitation),[CR]$LOCALIZE[1448]: ]$INFO[ListItem.Property(Wind),[CR]]$INFO[ListItem.Property(Humidity),[CR]$LOCALIZE[406]: ]</label>
                        </control>
                    </itemlayout>
                    <focusedlayout height="780" width="533">
                        <include content="SelectedItemBackground">
                            <param name="Left" value="10" />
                            <param name="Top" value="10" />
                            <param name="Width" value="513" />
                            <param name="Height" value="760" />
                        </include>
                        <control type="image">
                            <top>20</top>
                            <left>20</left>
                            <right>20</right>
                            <bottom>60</bottom>
                            <texture>overlays/diffuse-overlay.png</texture>
                        </control>
                        <control type="label">
                            <left>20</left>
                            <right>20</right>
                            <top>717</top>
                            <height>50</height>
                            <label>$INFO[ListItem.Label]</label>
                        </control>
                        <control type="image">
                            <description>current weather icon</description>
                            <top>20</top>
                            <width>533</width>
                            <height>280</height>
                            <texture>$INFO[ListItem.Icon]</texture>
                            <aspectratio align="center" aligny="center">keep</aspectratio>
                        </control>
                        <control type="textbox">
                            <left>30</left>
                            <top>300</top>
                            <width>473</width>
                            <height>420</height>
                            <align>center</align>
                            <font>font15_textbox</font>
                            <include>AutoscrollDefault</include>
                            <label>$INFO[ListItem.Label2]$INFO[ListItem.Property(TemperatureHeading),[CR],: ]$INFO[ListItem.Property(Temperature)]$INFO[ListItem.Property(FeelsLike),[CR]$LOCALIZE[402]: ]$INFO[ListItem.Property(Precipitation),[CR]$LOCALIZE[1448]: ]$INFO[ListItem.Property(Wind),[CR]]$INFO[ListItem.Property(Humidity),[CR]$LOCALIZE[406]: ]</label>
                        </control>
                    </focusedlayout>
                    <content>
                        <item>
                            <label>$LOCALIZE[31909]</label>
                            <icon />
                            <visible>String.IsEmpty(Window(weather).Property(36Hour.IsFetched))</visible>
                        </item>
                        <item>
                            <label>$INFO[Window(weather).Property(36Hour.1.Heading)]</label>
                            <label2>$INFO[Window(weather).Property(36Hour.1.Outlook)]</label2>
                            <icon>$VAR[WeatherIconVar]$INFO[Window(weather).Property(36Hour.1.FanartCode),,.png]</icon>
                            <property name="TemperatureHeading">$INFO[Window(weather).Property(36Hour.1.TemperatureHeading)]</property>
                            <property name="Temperature">$INFO[Window(weather).Property(36Hour.1.Temperature)]</property>
                            <property name="Precipitation">$INFO[Window(weather).Property(36Hour.1.Precipitation)]</property>
                            <property name="FeelsLike">$INFO[Window(weather).Property(36Hour.1.FeelsLike)]</property>
                            <property name="Humidity">$INFO[Window(weather).Property(36Hour.1.Humidity)]</property>
                            <property name="Wind">$INFO[Window(weather).Property(36Hour.1.WindSpeed)]$INFO[Window(weather).Property(36Hour.1.WindDirection),  ]$INFO[Window(weather).Property(36Hour.1.WindDegree),  ]</property>
                            <visible>!String.IsEmpty(Window(weather).Property(36Hour.IsFetched))</visible>
                        </item>
                        <item>
                            <label>$INFO[Window(weather).Property(36Hour.2.Heading)]</label>
                            <label2>$INFO[Window(weather).Property(36Hour.2.Outlook)]</label2>
                            <icon>$VAR[WeatherIconVar]$INFO[Window(weather).Property(36Hour.2.FanartCode),,.png]</icon>
                            <property name="TemperatureHeading">$INFO[Window(weather).Property(36Hour.2.TemperatureHeading)]</property>
                            <property name="Temperature">$INFO[Window(weather).Property(36Hour.2.Temperature)]</property>
                            <property name="Precipitation">$INFO[Window(weather).Property(36Hour.2.Precipitation)]</property>
                            <property name="FeelsLike">$INFO[Window(weather).Property(36Hour.2.FeelsLike)]</property>
                            <property name="Humidity">$INFO[Window(weather).Property(36Hour.2.Humidity)]</property>
                            <property name="Wind">$INFO[Window(weather).Property(36Hour.2.WindSpeed)]$INFO[Window(weather).Property(36Hour.2.WindDirection),  ]$INFO[Window(weather).Property(36Hour.2.WindDegree),  ]</property>
                            <visible>!String.IsEmpty(Window(weather).Property(36Hour.IsFetched))</visible>
                        </item>
                        <item>
                            <label>$INFO[Window(weather).Property(36Hour.3.Heading)]</label>
                            <label2>$INFO[Window(weather).Property(36Hour.3.Outlook)]</label2>
                            <icon>$VAR[WeatherIconVar]$INFO[Window(weather).Property(36Hour.3.FanartCode),,.png]</icon>
                            <property name="TemperatureHeading">$INFO[Window(weather).Property(36Hour.3.TemperatureHeading)]</property>
                            <property name="Temperature">$INFO[Window(weather).Property(36Hour.3.Temperature)]</property>
                            <property name="Precipitation">$INFO[Window(weather).Property(36Hour.3.Precipitation)]</property>
                            <property name="FeelsLike">$INFO[Window(weather).Property(36Hour.3.FeelsLike)]</property>
                            <property name="Humidity">$INFO[Window(weather).Property(36Hour.3.Humidity)]</property>
                            <property name="Wind">$INFO[Window(weather).Property(36Hour.3.WindSpeed)]$INFO[Window(weather).Property(36Hour.3.WindDirection),  ]$INFO[Window(weather).Property(36Hour.3.WindDegree),  ]</property>
                            <visible>!String.IsEmpty(Window(weather).Property(36Hour.IsFetched))</visible>
                        </item>
                    </content>
                </control>
            </control>
            <control type="group">
                <left>2350</left>
                <include>SideBladeRight</include>
                <control type="grouplist" id="9050">
                    <animation effect="slide" start="-630,0" end="0,0" time="400" tween="quadratic" easing="out">Visible</animation>
                    <left>0</left>
                    <top>0</top>
                    <width>630</width>
                    <height>1080</height>
                    <onright>9050</onright>
                    <onleft>ClearProperty(MediaMenu,home)</onleft>
                    <onleft>305</onleft>
                    <onup>9050</onup>
                    <ondown>9050</ondown>
                    <onback>ClearProperty(MediaMenu,home)</onback>
                    <onback>305</onback>
                    <itemgap>0</itemgap>
                    <control type="button" id="213">
                        <description>Change weather location</description>
                        <include>ButtonCommonValues</include>
                        <label>21873</label>
                        <label2>$INFO[Weather.Location]</label2>
                        <onclick>Weather.LocationNext</onclick>
                    </control>
                    <control type="button" id="210">
                        <description>Select weather icons</description>
                        <include>ButtonCommonValues</include>
                        <label>31158</label>
                        <onclick condition="System.HasAddon(script.image.resource.select)">RunScript(script.image.resource.select,property=weathericons&amp;type=resource.images.weathericons)</onclick>
                        <onclick condition="!System.HasAddon(script.image.resource.select)">InstallAddon(script.image.resource.select)</onclick>
                    </control>
                    <control type="button" id="211">
                        <description>Select weather fanart</description>
                        <include>ButtonCommonValues</include>
                        <label>$LOCALIZE[424] [LOWERCASE]$LOCALIZE[19190][/LOWERCASE]</label>
                        <onclick condition="System.HasAddon(script.image.resource.select)">RunScript(script.image.resource.select,property=weatherfanart&amp;type=resource.images.weatherfanart)</onclick>
                        <onclick condition="!System.HasAddon(script.image.resource.select)">InstallAddon(script.image.resource.select)</onclick>
                    </control>
                    <control type="button" id="204">
                        <description>Settings button</description>
                        <textwidth>352</textwidth>
                        <include>ButtonCommonValues</include>
                        <label>1390</label>
                        <onclick>ActivateWindow(servicesettings,weather)</onclick>
                    </control>
                    <include>PlaylistButtons</include>
                    <include content="MenuPlayerControls">
                        <param name="PlayerControlsOnDown" value="213" />
                    </include>
                </control>
            </control>
            <include>Submenu</include>
            <include>MainMenu</include>
            <include>Topbar</include>
        </control>
    </controls>
</window>