<?xml version="1.0" encoding="UTF-8"?>
<window>
    <defaultcontrol always="true">9</defaultcontrol>
    <animation effect="slide" start="0,708" end="0,0" time="300" tween="quadratic" easing="out">WindowOpen</animation>
    <animation effect="slide" start="0,0" end="0,708" time="300" tween="quadratic" easing="out">WindowClose</animation>
    <coordinates>
        <system>1</system>
        <left>0</left>
        <top>372</top>
    </coordinates>
    <controls>
        <control type="image">
            <width>1920</width>
            <height>708</height>
            <texture colordiffuse="background">$VAR[CommonBackgroundOverlay]</texture>
        </control>
        <control type="image">
            <top>8</top>
            <width>1920</width>
            <height>700</height>
            <texture colordiffuse="background">dialog.png</texture>
        </control>
        <control type="label" id="2">
            <include>HiddenObject</include>
        </control>
        <control type="edit" id="9">
            <description>Search string</description>
            <left>50</left>
            <top>58</top>
            <width>1370</width>
            <onleft>9001</onleft>
            <onright>9001</onright>
            <onup>27</onup>
            <ondown>10</ondown>
            <hinttext>19001</hinttext>
        </control>
        <control type="grouplist" id="9000">
            <description>control area</description>
            <left>50</left>
            <top>118</top>
            <width>1370</width>
            <height>540</height>
            <itemgap>0</itemgap>
            <pagecontrol>6</pagecontrol>
            <onup>9</onup>
            <ondown>9</ondown>
            <onleft>9001</onleft>
            <onright>6</onright>
            <control type="radiobutton" id="10">
                <description>Include Description</description>
                <width>1370</width>
                <label>19134</label>
            </control>
            <control type="radiobutton" id="11">
                <description>Case Sensitive</description>
                <width>1370</width>
                <label>19135</label>
            </control>
            <control type="edit" id="14">
                <description>Start Date</description>
                <width>1370</width>
                <label>19128</label>
            </control>
            <control type="edit" id="15">
                <description>Stop Date</description>
                <width>1370</width>
                <label>19129</label>
            </control>
            <control type="spincontrolex" id="18">
                <description>Genre</description>
                <width>1370</width>
                <label>515</label>
            </control>
            <control type="radiobutton" id="20">
                <description>Include unknown Genres</description>
                <width>1370</width>
                <label>19132</label>
            </control>
            <control type="radiobutton" id="22">
                <description>FTA only</description>
                <width>1370</width>
                <label>19123</label>
            </control>
            <control type="radiobutton" id="24">
                <description>Ignore Timers</description>
                <width>1370</width>
                <label>19124</label>
            </control>
            <control type="spincontrolex" id="12">
                <description>Min Duration</description>
                <width>1370</width>
                <label>19130</label>
            </control>
            <control type="spincontrolex" id="13">
                <description>Max Duration</description>
                <width>1370</width>
                <label>19131</label>
            </control>
            <control type="edit" id="16">
                <description>Start time</description>
                <width>1370</width>
                <label>19126</label>
            </control>
            <control type="edit" id="17">
                <description>Stop time</description>
                <width>1370</width>
                <label>19127</label>
            </control>
            <control type="radiobutton" id="19">
                <description>avoid repeats</description>
                <width>1370</width>
                <label>19121</label>
            </control>
            <control type="spincontrolex" id="21">
                <description>Groups</description>
                <width>1370</width>
                <label>19141</label>
            </control>
            <control type="spincontrolex" id="23">
                <description>Channels</description>
                <width>1370</width>
                <label>19148</label>
            </control>
            <control type="radiobutton" id="27">
                <description>Ignore Recordings</description>
                <width>1370</width>
                <label>19125</label>
            </control>
        </control>
        <control type="scrollbar" id="6">
            <visible allowhiddenfocus="true">Control.HasFocus(6) | ControlGroup(9000).HasFocus</visible>
            <animation effect="fade" time="300" tween="sine" easing="inout" start="0" end="100">Visible</animation>
            <left>1430</left>
            <top>118</top>
            <width>10</width>
            <height>540</height>
            <onleft>9000</onleft>
            <onright>9001</onright>
        </control>
        <!-- right group -->
        <control type="group">
            <left>1470</left>
            <top>58</top>
            <control type="grouplist" id="9001">
                <onup>9001</onup>
                <onleft>6</onleft>
                <onright>5</onright>
                <ondown>9001</ondown>
                <width>400</width>
                <height>220</height>
                <itemgap>20</itemgap>
                <control type="button" id="28">
                    <description>Defaults Button</description>
                    <width>400</width>
                    <label>409</label>
                    <font>font15_title</font>
                    <align>center</align>
                    <texturenofocus colordiffuse="33787878">selecteditem_bg.png</texturenofocus>
                </control>
                <control type="button" id="25">
                    <description>Cancel Button</description>
                    <width>400</width>
                    <label>222</label>
                    <font>font15_title</font>
                    <align>center</align>
                    <texturenofocus colordiffuse="33787878">selecteditem_bg.png</texturenofocus>
                </control>
                <control type="button" id="26">
                    <description>Search Button</description>
                    <width>400</width>
                    <label>137</label>
                    <font>font15_title</font>
                    <align>center</align>
                    <texturenofocus colordiffuse="33787878">selecteditem_bg.png</texturenofocus>
                </control>
            </control>
        </control>
    </controls>
</window>