<?xml version="1.0" encoding="UTF-8"?>
<window>
    <defaultcontrol always="true">9000</defaultcontrol>
    <allowoverlay>no</allowoverlay>
    <onload>SetFocus(9000,0,absolute)</onload>
    <controls>
        <control type="group">
            <animation effect="slide" start="1200" end="0" time="300">WindowOpen</animation>
            <animation effect="slide" start="0" end="1200" time="300">WindowClose</animation>
            <left>720</left>
            <width>1200</width>
            <control type="image">
                <width>1200</width>
                <height>1080</height>
                <aspectratio align="right" aligny="center">scale</aspectratio>
                <texture>$VAR[GlobalBackgroundVar]</texture>
            </control>
            <control type="image">
                <width>1200</width>
                <height>1080</height>
                <texture colordiffuse="background">$VAR[CommonBackgroundOverlay]</texture>
            </control>
            <control type="image">
                <left>0</left>
                <width>1080</width>
                <height>120</height>
                <texture colordiffuse="background">topbar.png</texture>
            </control>
            <control type="label">
                <top>15</top>
                <left>25</left>
                <width>1030</width>
                <height>45</height>
                <font>font30</font>
                <label>$VAR[HeaderLabelInfoDialog]</label>
            </control>
            <control type="label">
                <top>58</top>
                <left>25</left>
                <width>1030</width>
                <height>45</height>
                <textcolor>highlight</textcolor>
                <font>font14</font>
                <label>$VAR[HeaderSubLabelInfoDialog]</label>
            </control>
            <control type="group">
                <control type="togglebutton" id="5">
                    <description>Biography/Description</description>
                    <label>21887</label>
                    <altlabel>21821</altlabel>
                    <include>HiddenObject</include>
                </control>
                <control type="button" id="6">
                    <description>Refresh</description>
                    <label>184</label>
                    <include>HiddenObject</include>
                </control>
                <control type="button" id="7">
                    <description>User Ratings</description>
                    <label>38023</label>
                    <include>HiddenObject</include>
                </control>
                <control type="button" id="10">
                    <description>Get Thumb</description>
                    <label>13405</label>
                    <include>HiddenObject</include>
                </control>
                <control type="button" id="12">
                    <description>Get Fanart</description>
                    <label>20413</label>
                    <include>HiddenObject</include>
                </control>
            </control>
            <control type="image">
                <left>1080</left>
                <top>0</top>
                <width>120</width>
                <height>1080</height>
                <texture colordiffuse="background">menu.png</texture>
            </control>
            <control type="panel" id="9000">
                <left>1080</left>
                <top>0</top>
                <width>120</width>
                <height>1080</height>
                <onleft condition="Container(9000).HasFocus(204) | Container(9000).HasFocus(205)">50</onleft>
                <onleft condition="Container(9000).HasFocus(207)">150</onleft>
                <onleft condition="Container(9000).HasFocus(202)">250</onleft>
                <onleft condition="Container(9000).HasFocus(206)">350</onleft>
                <onleft condition="Control.IsVisible(400) + [Container(400).HasNext | Container(400).HasPrevious]">60</onleft>
                <ondown>9000</ondown>
                <onup>9000</onup>
                <scrolltime tween="quadratic" easing="out">300</scrolltime>
                <orientation>Vertical</orientation>
                <itemlayout height="120" width="120">
                    <control type="image">
                        <top>20</top>
                        <left>20</left>
                        <width>80</width>
                        <height>80</height>
                        <texture colordiffuse="maintext">$INFO[ListItem.Icon]</texture>
                    </control>
                </itemlayout>
                <focusedlayout height="120" width="120">
                    <include content="SelectedItemBackground">
                        <param name="Left" value="0" />
                        <param name="Top" value="0" />
                        <param name="Width" value="120" />
                        <param name="Height" value="120" />
                    </include>
                    <control type="image">
                        <top>20</top>
                        <left>20</left>
                        <width>80</width>
                        <height>80</height>
                        <texture colordiffuse="maintext">$INFO[ListItem.Icon]</texture>
                    </control>
                </focusedlayout>
                <content>
                    <item id="203">
                        <description>Play</description>
                        <icon>DefaultIconPlay.png</icon>
                        <onclick condition="$EXP[isAlbum]">RunScript(script.playalbum,albumid=$INFO[ListItem.DBID])</onclick>
                        <onclick condition="$EXP[isSong]">PlayMedia($INFO[ListItem.FileNameAndPath])</onclick>
                        <visible>System.HasAddon(script.playalbum)</visible>
                        <visible>$EXP[isAlbum] | $EXP[isSong]</visible>
                    </item>
                    <item id="200">
                        <description>Details</description>
                        <icon>DefaultPlaylist.png</icon>
                        <onclick>Skin.ToggleSetting(Info.ShowPlot)</onclick>
                        <visible>!Skin.HasSetting(Info.ShowPlot)</visible>
                    </item>
                    <item id="201">
                        <description>Biography</description>
                        <icon>special://skin/extras/icons/text.png</icon>
                        <onclick>Skin.ToggleSetting(Info.ShowPlot)</onclick>
                        <visible>Skin.HasSetting(Info.ShowPlot)</visible>
                    </item>
                    <item id="202">
                        <description>Albums</description>
                        <icon>DefaultMusicAlbums.png</icon>
                        <visible>$EXP[isArtist]</visible>
                    </item>
                    <item id="204">
                        <description>Discography</description>
                        <icon>special://skin/extras/icons/musicbrainz.png</icon>
                        <visible>$EXP[isArtist] + !String.IsEmpty(Container(50).ListItem.Label)</visible>
                    </item>
                    <item id="205">
                        <description>Roles</description>
                        <icon>DefaultActor.png</icon>
                        <visible>$EXP[isSong] + !String.IsEmpty(Container(50).ListItem.Label)</visible>
                    </item>
                    <item id="206">
                        <description>Tracks</description>
                        <icon>DefaultAudio.png</icon>
                        <visible>$EXP[isAlbum]</visible>
                    </item>
                    <item id="207">
                        <description>YouTube</description>
                        <icon>special://skin/extras/icons/youtube.png</icon>
                        <onclick>RunScript(script.extendedinfo?info=youtubesearch&amp;&amp;id=$ESCINFO[ListItem.Artist] $LOCALIZE[2])</onclick>
                        <visible>System.HasAddon(script.extendedinfo)</visible>
                        <visible>$EXP[isArtist] | $EXP[isAlbum] | $EXP[isSong]</visible>
                    </item>
                    <item id="208">
                        <icon>special://skin/extras/icons/fanart2.png</icon>
                        <onclick>SetFocus(90400)</onclick>
                        <visible>!String.IsEmpty(ListItem.Art(fanart))</visible>
                    </item>
                    <item id="209">
                        <description>Get Thumb</description>
                        <icon>DefaultAddonImages.png</icon>
                        <onclick>SendClick(10)</onclick>
                        <visible>Control.IsEnabled(10)</visible>
                    </item>
                    <item id="210">
                        <description>Get Fanart</description>
                        <icon>special://skin/extras/icons/fanarts.png</icon>
                        <onclick>SendClick(12)</onclick>
                        <visible>Control.IsEnabled(12)</visible>
                    </item>                 

                    <item id="211">
                        <description>User Rating</description>
                        <icon>DefaultIconFavourite.png</icon>
                        <onclick>SendClick(7)</onclick>
                        <visible>Control.IsEnabled(7)</visible>
                    </item>
                    <item id="212">
                        <description>Refresh</description>
                        <icon>DefaultAddonsUpdates.png</icon>
                        <onclick>SendClick(6)</onclick>
                        <visible>Control.IsEnabled(6)</visible>
                    </item>
                </content>
            </control>
            <control type="group">
                <visible>![Control.HasFocus(50) | Control.HasFocus(150) | Control.HasFocus(250) | Control.HasFocus(350) | Container(9000).HasFocus(204) | Container(9000).HasFocus(205) | Container(9000).HasFocus(206) | Container(9000).HasFocus(202) | Container(9000).HasFocus(207)]</visible>
                <animation effect="fade" time="300" start="0" end="100" delay="100">Visible</animation>
                <control type="panel">
                    <visible>!Skin.HasSetting(Info.ShowPlot)</visible>
                    <animation effect="fade" time="300" start="0" end="100" delay="0">Visible</animation>
                    <left>30</left>
                    <top>150</top>
                    <width>1020</width>
                    <height>800</height>
                    <orientation>vertical</orientation>
                    <pagecontrol>61</pagecontrol>
                    <scrolltime tween="quadratic" easing="out">200</scrolltime>
                    <itemlayout height="50" width="1020">
                        <control type="label">
                            <width>200</width>
                            <height>50</height>
                            <font>font15</font>
                            <align>right</align>
                            <textcolor>highlight</textcolor>
                            <label>$INFO[ListItem.Label2]</label>
                        </control>
                        <control type="label">
                            <left>220</left>
                            <right>0</right>
                            <height>50</height>
                            <font>font15</font>
                            <label>$INFO[ListItem.Label]</label>
                        </control>
                    </itemlayout>
                    <focusedlayout height="50" width="1020">
                        <control type="label">
                            <width>200</width>
                            <height>50</height>
                            <font>font15</font>
                            <align>right</align>
                            <textcolor>highlight</textcolor>
                            <label>$INFO[ListItem.Label2]</label>
                        </control>
                        <control type="label">
                            <left>220</left>
                            <right>0</right>
                            <height>50</height>
                            <font>font15</font>
                            <label>$INFO[ListItem.Label]</label>
                        </control>
                    </focusedlayout>
                    <content>
                        <item>
                            <label>$INFO[ListItem.Year]</label>
                            <label2>$LOCALIZE[345]:</label2>
                            <visible>!String.IsEmpty(ListItem.Year)</visible>
                        </item>
                        <item>
                            <label>$INFO[ListItem.Duration]</label>
                            <label2>$LOCALIZE[180]:</label2>
                            <visible>!String.IsEmpty(ListItem.Duration)</visible>
                        </item>
                        <item>
                            <label>$INFO[ListItem.Rating]</label>
                            <label2>$LOCALIZE[563]:</label2>
                            <visible>!String.IsEmpty(ListItem.Rating)</visible>
                        </item>
                        <item>
                            <label>$INFO[ListItem.UserRating]</label>
                            <label2>$LOCALIZE[38018]:</label2>
                            <visible>!String.IsEmpty(ListItem.UserRating)</visible>
                        </item>
                        <item>
                            <label>$INFO[ListItem.Property(Album_Label)]</label>
                            <label2>$LOCALIZE[21899]:</label2>
                            <visible>!String.IsEmpty(ListItem.Property(Album_Label))</visible>
                        </item>
                        <item>
                            <label>$INFO[ListItem.Genre]</label>
                            <label2>$LOCALIZE[515]:</label2>
                            <visible>!String.IsEmpty(ListItem.Genre) + !$EXP[isArtist]</visible>
                        </item>
                        <item>
                            <label>$INFO[ListItem.Property(Album_Mood)]</label>
                            <label2>$LOCALIZE[175]:</label2>
                            <visible>!String.IsEmpty(ListItem.Property(Album_Mood))</visible>
                        </item>
                        <item>
                            <label>$INFO[ListItem.Property(Album_Style)]</label>
                            <label2>$LOCALIZE[176]:</label2>
                            <visible>!String.IsEmpty(ListItem.Property(Album_Style))</visible>
                        </item>
                        <item>
                            <label>$INFO[ListItem.Property(Album_Theme)]</label>
                            <label2>$LOCALIZE[21895]:</label2>
                            <visible>!String.IsEmpty(ListItem.Property(Album_Theme))</visible>
                        </item>
                        <item>
                            <label>[CAPITALIZE]$INFO[ListItem.Property(Album_Type)][/CAPITALIZE]</label>
                            <label2>$LOCALIZE[564]:</label2>
                            <visible>!String.IsEmpty(ListItem.Property(Album_Type))</visible>
                        </item>
                        <item>
                            <label>$INFO[ListItem.Property(Artist_Formed)]</label>
                            <label2>$LOCALIZE[21894]:</label2>
                            <visible>!String.IsEmpty(ListItem.Property(Artist_Formed))</visible>
                        </item>
                        <item>
                            <label>$INFO[ListItem.Property(Artist_Disbanded)]</label>
                            <label2>$LOCALIZE[21896]:</label2>
                            <visible>!String.IsEmpty(ListItem.Property(Artist_Disbanded))</visible>
                        </item>
                        <item>
                            <label>$INFO[ListItem.Property(Artist_Born)]</label>
                            <label2>$LOCALIZE[21893]:</label2>
                            <visible>!String.IsEmpty(ListItem.Property(Artist_Born))</visible>
                        </item>
                        <item>
                            <label>$INFO[ListItem.Property(Artist_Died)]</label>
                            <label2>$LOCALIZE[21897]:</label2>
                            <visible>!String.IsEmpty(ListItem.Property(Artist_Died))</visible>
                        </item>
                        <item>
                            <label>$INFO[ListItem.Property(Artist_YearsActive)]</label>
                            <label2>$LOCALIZE[21898]:</label2>
                            <visible>!String.IsEmpty(ListItem.Property(Artist_YearsActive))</visible>
                        </item>
                        <item>
                            <label>$INFO[ListItem.Property(Artist_Mood)]</label>
                            <label2>$LOCALIZE[175]:</label2>
                            <visible>!String.IsEmpty(ListItem.Property(Artist_Mood))</visible>
                        </item>
                        <item>
                            <label>$INFO[ListItem.Property(Artist_Style)]</label>
                            <label2>$LOCALIZE[176]:</label2>
                            <visible>!String.IsEmpty(ListItem.Property(Artist_Style))</visible>
                        </item>
                        <item>
                            <label>$INFO[ListItem.Property(Artist_Instrument)]</label>
                            <label2>$LOCALIZE[21892]:</label2>
                            <visible>!String.IsEmpty(ListItem.Property(Artist_Instrument))</visible>
                        </item>
                        <item>
                            <label>$INFO[ListItem.Filename]</label>
                            <label2>$LOCALIZE[21800]:</label2>
                            <visible>!String.IsEmpty(ListItem.Filename)</visible>
                        </item>
                        <item>
                            <label>$INFO[ListItem.PlayCount]</label>
                            <label2>$LOCALIZE[567]:</label2>
                            <visible>!String.IsEmpty(ListItem.PlayCount)</visible>
                        </item>
                        <item>
                            <label>$INFO[ListItem.PercentPlayed,,%]</label>
                            <label2 fallback="-">$LOCALIZE[575]:</label2>
                            <visible>ListItem.IsResumable</visible>
                        </item>
                        <item>
                            <label>$INFO[ListItem.LastPlayed]</label>
                            <label2 fallback="-">$LOCALIZE[568]:</label2>
                            <visible>!String.IsEmpty(ListItem.LastPlayed)</visible>
                        </item>
                    </content>
                </control>
                <control type="group">
                    <top>150</top>
                    <left>50</left>
                    <control type="textbox" id="400">
                        <description>Plot</description>
                        <animation effect="fade" time="300" start="0" end="100" delay="0">Visible</animation>
                        <left>0</left>
                        <top>0</top>
                        <width>980</width>
                        <height>875</height>
                        <font>font15_textbox</font>
                        <label>$VAR[MusicInfoDescription]</label>
                        <pagecontrol>60</pagecontrol>
                        <include>AutoscrollDefault</include>
                        <visible>Skin.HasSetting(Info.ShowPlot)</visible>
                    </control>
                    <control type="scrollbar" id="60">
                        <visible allowhiddenfocus="true">Control.HasFocus(60) + [Container(400).HasNext | Container(400).HasPrevious]</visible>
                        <left>1000</left>
                        <top>10</top>
                        <width>10</width>
                        <height>865</height>
                        <onleft>9000</onleft>
                        <onright>9000</onright>
                        <orientation>vertical</orientation>
                    </control>
                </control>
            </control>
            <control type="group">
                <top>155</top>
                <left>120</left>
                <control type="group">
                    <top>40</top>
                    <left>20</left>
                    <control type="panel" id="50">
                        <visible>[Container(9000).HasFocus(204) | Container(9000).HasFocus(205) | Control.HasFocus(50)] + !$EXP[isAlbum]</visible>
                        <animation effect="fade" time="500" start="0" end="100" delay="200">Visible</animation>
                        <left>0</left>
                        <top>0</top>
                        <width>810</width>
                        <height>810</height>
                        <onleft>50</onleft>
                        <onright>9000</onright>
                        <onup>50</onup>
                        <ondown>50</ondown>
                        <viewtype label="">list</viewtype>
                        <scrolltime tween="quadratic" easing="out">200</scrolltime>
                        <orientation>vertical</orientation>
                        <itemlayout height="90" width="810" condition="$EXP[isArtist]">
                            <control type="label">
                                <width>110</width>
                                <align>center</align>
                                <height>90</height>
                                <font>font15</font>
                                <label fallback="•••">$INFO[ListItem.Label2]</label>
                            </control>
                            <control type="label">
                                <visible>String.IsEmpty(ListItem.DBID)</visible>
                                <left>135</left>
                                <right>20</right>
                                <height>90</height>
                                <font>font15</font>
                                <label>$INFO[ListItem.Label]</label>
                            </control>
                            <control type="group">
                                <visible>!String.IsEmpty(ListItem.DBID)</visible>
                                <control type="label">
                                    <left>135</left>
                                    <right>80</right>
                                    <height>90</height>
                                    <font>font15</font>
                                    <label>$INFO[ListItem.Label]</label>
                                </control>
                                <control type="label">
                                    <left>740</left>
                                    <top>15</top>
                                    <width>64</width>
                                    <height>64</height>
                                    <font>IconSmall</font>
                                    <align>center</align>
                                    <label>T</label>
                                </control>
                                <control type="label">
                                    <left>740</left>
                                    <top>15</top>
                                    <width>64</width>
                                    <height>62</height>
                                    <align>center</align>
                                    <font>IconSuperTiny</font>
                                    <textcolor>highlight</textcolor>
                                    <label>I</label>
                                </control>
                            </control>
                        </itemlayout>
                        <focusedlayout height="90" width="810" condition="$EXP[isArtist]">
                            <include content="SelectedItemBackground">
                                <param name="Left" value="0" />
                                <param name="Top" value="0" />
                                <param name="Width" value="810" />
                                <param name="Height" value="90" />
                            </include>
                            <control type="image">
                                <width>110</width>
                                <height>90</height>
                                <texture>overlays/diffuse-overlay.png</texture>
                            </control>
                            <control type="label">
                                <width>110</width>
                                <align>center</align>
                                <height>90</height>
                                <font>font15</font>
                                <label fallback="•••">$INFO[ListItem.Label2]</label>
                            </control>
                            <control type="label">
                                <visible>String.IsEmpty(ListItem.DBID)</visible>
                                <left>135</left>
                                <right>20</right>
                                <height>90</height>
                                <font>font15</font>
                                <label>$INFO[ListItem.Label]</label>
                            </control>
                            <control type="group">
                                <visible>!String.IsEmpty(ListItem.DBID)</visible>
                                <control type="label">
                                    <left>135</left>
                                    <right>80</right>
                                    <height>90</height>
                                    <font>font15</font>
                                    <label>$INFO[ListItem.Label]</label>
                                </control>
                                <control type="label">
                                    <left>740</left>
                                    <top>15</top>
                                    <width>64</width>
                                    <height>64</height>
                                    <font>IconSmall</font>
                                    <align>center</align>
                                    <label>T</label>
                                </control>
                                <control type="label">
                                    <left>740</left>
                                    <top>15</top>
                                    <width>64</width>
                                    <height>62</height>
                                    <align>center</align>
                                    <font>IconSuperTiny</font>
                                    <textcolor>highlight</textcolor>
                                    <label>I</label>
                                </control>
                            </control>
                        </focusedlayout>
                        <itemlayout height="90" width="810" condition="$EXP[isSong]">
                            <control type="label">
                                <width>810</width>
                                <height>90</height>
                                <font>font15</font>
                                <textoffsetx>20</textoffsetx>
                                <label>$INFO[ListItem.Label,,: ]$INFO[ListItem.Label2]</label>
                            </control>
                        </itemlayout>
                        <focusedlayout height="90" width="810" condition="$EXP[isSong]">
                            <include content="SelectedItemBackground">
                                <param name="Left" value="0" />
                                <param name="Top" value="0" />
                                <param name="Width" value="810" />
                                <param name="Height" value="90" />
                            </include>
                            <control type="label">
                                <width>810</width>
                                <height>90</height>
                                <font>font15</font>
                                <textoffsetx>20</textoffsetx>
                                <label>$INFO[ListItem.Label,,: ]$INFO[ListItem.Label2]</label>
                            </control>
                        </focusedlayout>
                    </control>
                </control>
                <control type="group">
                    <top>0</top>
                    <left>0</left>
                    <control type="panel" id="150">
                        <description>YouTube Videos</description>
                        <animation effect="fade" time="300" start="0" end="100">Visible</animation>
                        <left>0</left>
                        <top>0</top>
                        <width>848</width>
                        <height>890</height>
                        <onleft>150</onleft>
                        <onright>9000</onright>
                        <onup>150</onup>
                        <ondown>150</ondown>
                        <orientation>vertical</orientation>
                        <preloaditems>2</preloaditems>
                        <scrolltime tween="quadratic" easing="out">300</scrolltime>
                        <visible>[Container(9000).HasFocus(207) | Control.HasFocus(150)] + System.HasAddon(script.extendedinfo)</visible>
                        <itemlayout height="296" width="424">
                            <control type="image">
                                <top>20</top>
                                <left>20</left>
                                <right>20</right>
                                <height>216</height>
                                <texture>overlays/diffuse-overlay.png</texture>
                            </control>
                            <control type="label">
                                <left>20</left>
                                <right>20</right>
                                <top>234</top>
                                <height>50</height>
                                <label>$INFO[ListItem.Label]</label>
                            </control>
                            <control type="image">
                                <left>20</left>
                                <top>20</top>
                                <width>384</width>
                                <height>216</height>
                                <aspectratio align="center" aligny="center">scale</aspectratio>
                                <texture background="true" fallback="DefaultFolder.png">$INFO[ListItem.Art(thumb)]</texture>
                            </control>
                            <include content="OverlayIcons">
                                <param name="OverlayLeft" value="345" />
                                <param name="OverlayTop" value="20" />
                            </include>
                        </itemlayout>
                        <focusedlayout height="296" width="424">
                            <include content="SelectedItemBackground">
                                <param name="Left" value="10" />
                                <param name="Top" value="10" />
                                <param name="Width" value="404" />
                                <param name="Height" value="276" />
                            </include>
                            <control type="image">
                                <top>20</top>
                                <left>20</left>
                                <right>20</right>
                                <height>216</height>
                                <texture>overlays/diffuse-overlay.png</texture>
                            </control>
                            <control type="label">
                                <left>20</left>
                                <right>20</right>
                                <top>234</top>
                                <height>50</height>
                                <label>$INFO[ListItem.Label]</label>
                            </control>
                            <control type="image">
                                <left>20</left>
                                <top>20</top>
                                <width>384</width>
                                <height>216</height>
                                <aspectratio align="center" aligny="center">scale</aspectratio>
                                <texture background="true" fallback="DefaultFolder.png">$INFO[ListItem.Art(thumb)]</texture>
                            </control>
                            <include content="OverlayIcons">
                                <param name="OverlayLeft" value="345" />
                                <param name="OverlayTop" value="20" />
                            </include>
                        </focusedlayout>
                        <content>$VAR[MusicInfoYoutubePath]</content>
                    </control>
                    <control type="label">
                        <left>0</left>
                        <top>0</top>
                        <width>848</width>
                        <height>890</height>
                        <align>center</align>
                        <visible>[Container(9000).HasFocus(207) | Control.HasFocus(150)] + !Integer.IsGreater(Container(150).NumItems,0)</visible>
                        <label>31137</label>
                        <font>font16</font>
                        <animation effect="fade" time="400" start="0" end="100" delay="5000">Visible</animation>
                    </control>
                </control>
                <control type="group">
                    <left>20</left>
                    <top>0</top>
                    <control type="panel" id="250">
                        <description>Albums</description>
                        <visible>[Container(9000).HasFocus(202) | Control.HasFocus(250)] + !$EXP[isAlbum]</visible>
                        <animation effect="fade" time="500" start="0" end="100" delay="200">Visible</animation>
                        <width>810</width>
                        <height>890</height>
                        <onleft>250</onleft>
                        <onright>9000</onright>
                        <onup>250</onup>
                        <ondown>250</ondown>
                        <onclick condition="$EXP[isArtist]">PlayMedia(musicdb://artists/$INFO[ListItem.DBID])</onclick>
                        <viewtype label="">list</viewtype>
                        <scrolltime tween="quadratic" easing="out">200</scrolltime>
                        <orientation>vertical</orientation>
                        <itemlayout height="445" width="405">
                            <control type="image">
                                <top>20</top>
                                <left>20</left>
                                <width>365</width>
                                <height>365</height>
                                <texture>overlays/diffuse-overlay.png</texture>
                            </control>
                            <control type="label">
                                <left>20</left>
                                <right>20</right>
                                <top>383</top>
                                <height>50</height>
                                <label>$INFO[ListItem.Label]</label>
                            </control>
                            <control type="image">
                                <left>20</left>
                                <top>20</top>
                                <width>365</width>
                                <height>365</height>
                                <aspectratio align="center" aligny="center">scale</aspectratio>
                                <texture background="true" fallback="DefaultFolder.png">$INFO[ListItem.Thumb]</texture>
                            </control>
                        </itemlayout>
                        <focusedlayout height="445" width="405">
                            <include content="SelectedItemBackground">
                                <param name="Left" value="10" />
                                <param name="Top" value="10" />
                                <param name="Width" value="385" />
                                <param name="Height" value="425" />
                            </include>
                            <control type="image">
                                <top>20</top>
                                <left>20</left>
                                <width>365</width>
                                <height>365</height>
                                <texture>overlays/diffuse-overlay.png</texture>
                            </control>
                            <control type="label">
                                <left>20</left>
                                <right>20</right>
                                <top>383</top>
                                <height>50</height>
                                <label>$INFO[ListItem.Label]</label>
                            </control>
                            <control type="image">
                                <left>20</left>
                                <top>20</top>
                                <width>365</width>
                                <height>365</height>
                                <aspectratio align="center" aligny="center">scale</aspectratio>
                                <texture background="true" fallback="DefaultFolder.png">$INFO[ListItem.Thumb]</texture>
                            </control>
                        </focusedlayout>
                        <content sortby="year" sortorder="descending">musicdb://artists/$INFO[ListItem.DBID]</content>
                    </control>
                </control>
                <control type="group">
                    <top>40</top>
                    <left>20</left>
                    <control type="panel" id="350">
                        <description>Tracks</description>
                        <visible>[Container(9000).HasFocus(206) | Control.HasFocus(350)] + $EXP[isAlbum]</visible>
                        <animation effect="fade" time="500" start="0" end="100" delay="200">Visible</animation>
                        <left>0</left>
                        <top>0</top>
                        <width>810</width>
                        <height>810</height>
                        <onleft>350</onleft>
                        <onright>9000</onright>
                        <onup>350</onup>
                        <ondown>350</ondown>
                        <viewtype label="">list</viewtype>
                        <scrolltime tween="quadratic" easing="out">200</scrolltime>
                        <orientation>vertical</orientation>
                        <itemlayout height="90" width="810">
                            <control type="label">
                                <width>110</width>
                                <align>center</align>
                                <height>90</height>
                                <font>font15</font>
                                <label fallback="•••">$INFO[ListItem.Tracknumber]</label>
                            </control>
                            <control type="label">
                                <left>135</left>
                                <right>20</right>
                                <height>90</height>
                                <font>font15</font>
                                <label>$INFO[ListItem.Label]</label>
                            </control>
                            <control type="label">
                                <left>135</left>
                                <right>20</right>
                                <height>90</height>
                                <align>right</align>
                                <font>font15</font>
                                <label>$INFO[ListItem.Duration]</label>
                            </control>
                        </itemlayout>
                        <focusedlayout height="90" width="810">
                            <include content="SelectedItemBackground">
                                <param name="Left" value="0" />
                                <param name="Top" value="0" />
                                <param name="Width" value="810" />
                                <param name="Height" value="90" />
                            </include>
                            <control type="image">
                                <width>110</width>
                                <height>90</height>
                                <texture>overlays/diffuse-overlay.png</texture>
                            </control>
                            <control type="label">
                                <width>110</width>
                                <align>center</align>
                                <height>90</height>
                                <font>font15</font>
                                <label fallback="•••">$INFO[ListItem.Tracknumber]</label>
                            </control>
                            <control type="label">
                                <left>135</left>
                                <right>20</right>
                                <height>90</height>
                                <font>font15</font>
                                <label>$INFO[ListItem.Label]</label>
                            </control>
                            <control type="label">
                                <left>135</left>
                                <right>20</right>
                                <height>90</height>
                                <align>right</align>
                                <font>font15</font>
                                <label>$INFO[ListItem.Duration]</label>
                            </control>
                        </focusedlayout>
                        <content sortby="year" sortorder="ascending">musicdb://albums/$INFO[ListItem.DBID]</content>
                    </control>
                </control>
            </control>
        </control>
        <control type="group">
            <animation effect="slide" start="-720" end="0" time="300">WindowOpen</animation>
            <animation effect="slide" start="0" end="-720" time="300">WindowClose</animation>
            <width>720</width>
            <height>1080</height>
            <control type="image">
                <width>720</width>
                <height>1080</height>
                <aspectratio align="left" aligny="center">scale</aspectratio>
                <texture>$VAR[GlobalBackgroundVar]</texture>
            </control>
            <control type="image">
                <width>720</width>
                <height>1080</height>
                <texture colordiffuse="background">$VAR[CommonBackgroundOverlay]</texture>
            </control>
            <control type="image">
                <width>720</width>
                <height>1080</height>
                <texture colordiffuse="background">topbar.png</texture>
            </control>
            <control type="image">
                <width>720</width>
                <height>720</height>
                <aspectratio align="center" aligny="center">scale</aspectratio>
                <texture background="true">$INFO[ListItem.Icon]</texture>
            </control>
            <control type="image">
                <visible>!String.IsEmpty(Skin.String(MusicLibraryPath))</visible>
                <left>30</left>
                <top>720</top>
                <width>660</width>
                <height>360</height>
                <aspectratio>keep</aspectratio>
                <texture background="true">$INFO[Skin.String(MusicLibraryPath)]$INFO[ListItem.Artist,,/logo.png]</texture>
            </control>
        </control>
        <control type="group">
            <visible allowhiddenfocus="true">Control.HasFocus(90400)</visible>
            <include>VisibleFadeEffect</include>
            <control type="button" id="90400">
                <description>FS Fanart button</description>
                <width>FullScreenWidth</width>
                <height>1080</height>
                <texturefocus />
                <texturenofocus />
                <onclick>SetFocus(9000)</onclick>
                <onleft>SetFocus(9000)</onleft>
                <onright>SetFocus(9000)</onright>
                <onup>SetFocus(9000)</onup>
                <ondown>SetFocus(9000)</ondown>
                <label />
                <hitrect x="0" y="0" w="0" h="0"/>
            </control>
            <control type="image">
                <include>FullscreenDimensions</include>
                <aspectratio align="center" aligny="center">scale</aspectratio>
                <texture>$INFO[ListItem.Art(fanart)]</texture>
            </control>
            <control type="image">
                <visible>!String.IsEmpty(Skin.String(MusicLibraryPath))</visible>
                <left>1400</left>
                <top>820</top>
                <width>400</width>
                <height>200</height>
                <aspectratio>keep</aspectratio>
                <texture background="true">$INFO[Skin.String(MusicLibraryPath)]$INFO[ListItem.Artist,,/logo.png]</texture>
            </control>
        </control>
    </controls>
</window>