<?xml version="1.0" encoding="UTF-8"?>
<window>
    <defaultcontrol always="true">996</defaultcontrol>
    <animation effect="slide" start="510" end="0" time="300" tween="quadratic" easing="out">WindowOpen</animation>
    <animation effect="slide" start="0" end="510" time="300" tween="quadratic" easing="out">WindowClose</animation>
    <coordinates>
        <system>1</system>
        <left>0</left>
        <top>0</top>
    </coordinates>
    <controls>
        <control type="group">
            <left>1402</left>
            <control type="image">
                <width>518</width>
                <height>1080</height>
                <texture colordiffuse="background">$VAR[CommonBackgroundOverlay]</texture>
            </control>
            <control type="image">
                <left>8</left>
                <width>510</width>
                <height>1080</height>
                <texture colordiffuse="background">dialog.png</texture>
            </control>
            <control type="grouplist" id="996">
                <description>grouplist for context buttons</description>
                <left>8</left>
                <top>0</top>
                <width>510</width>
                <align>center</align>
                <height min="60" max="1080">auto</height>
                <itemgap>0</itemgap>
                <control type="button" id="994">
                    <width>510</width>
                    <include>ButtonCommonValues</include>
                    <label>$LOCALIZE[14098] $LOCALIZE[20410]</label>
                    <onclick>PlayMedia($ESCINFO[ListItem.Trailer])</onclick>
                    <visible>!String.IsEmpty(ListItem.Trailer)</visible>
                </control>
            </control>
            <control type="button" id="1000">
                <description>button template</description>
                <width>510</width>
                <include>ButtonCommonValues</include>
            </control>
        </control>
    </controls>
</window>