<?xml version="1.0" encoding="UTF-8"?>
<window>
    <defaultcontrol always="true">21</defaultcontrol>
    <animation effect="slide" start="0,0" end="-130,266" time="0" condition="Window.IsActive(virtualkeyboard)">Conditional</animation>
    <animation effect="fade" start="0" end="100" time="300" condition="Window.IsActive(virtualkeyboard)">WindowOpen</animation>
    <animation effect="fade" start="100" end="0" time="150" condition="Window.IsActive(virtualkeyboard)">WindowClose</animation>
    <animation effect="slide" start="338" end="0" time="300" tween="quadratic" easing="out" condition="!Window.IsActive(virtualkeyboard)">WindowOpen</animation>
    <animation effect="slide" start="0" end="338" time="300" tween="quadratic" easing="out" condition="!Window.IsActive(virtualkeyboard)">WindowClose</animation>
    <coordinates>
        <system>2</system>
        <left>0</left>
        <top>0</top>
    </coordinates>
    <controls>
        <control type="group">
            <control type="group">
                <left>1582</left>
                <visible>!Window.IsActive(virtualkeyboard)</visible>
                <control type="image">
                    <width>338</width>
                    <height>1080</height>
                    <texture colordiffuse="background">$VAR[CommonBackgroundOverlay]</texture>
                </control>
                <control type="image">
                    <left>8</left>
                    <width>330</width>
                    <height>1080</height>
                    <texture colordiffuse="background">dialog.png</texture>
                </control>
            </control>
            <control type="label" id="1">
                <include>HiddenObject</include>
            </control>
            <control type="group">
                <left>1640</left>
                <top>345</top>
                <control type="grouplist">
                    <itemgap>10</itemgap>
                    <orientation>horizontal</orientation>
                    <control type="button" id="11">
                        <label>12311</label>
                        <onup>23</onup>
                        <ondown>14</ondown>
                        <include>Objects_SingleKeyOff</include>
                    </control>
                    <control type="button" id="12">
                        <left>63</left>
                        <label>12312</label>
                        <onup>10</onup>
                        <ondown>15</ondown>
                        <include>Objects_SingleKeyOff</include>
                    </control>
                    <control type="button" id="13">
                        <left>126</left>
                        <label>12313</label>
                        <onup>21</onup>
                        <ondown>16</ondown>
                        <include>Objects_SingleKeyOff</include>
                    </control>
                </control>
                <control type="grouplist">
                    <itemgap>10</itemgap>
                    <orientation>horizontal</orientation>
                    <top>80</top>
                    <control type="button" id="14">
                        <label>12314</label>
                        <onup>11</onup>
                        <ondown>17</ondown>
                        <include>Objects_SingleKeyOff</include>
                    </control>
                    <control type="button" id="15">
                        <left>63</left>
                        <label>12315</label>
                        <onup>12</onup>
                        <ondown>18</ondown>
                        <include>Objects_SingleKeyOff</include>
                    </control>
                    <control type="button" id="16">
                        <left>126</left>
                        <label>12316</label>
                        <onup>13</onup>
                        <ondown>19</ondown>
                        <include>Objects_SingleKeyOff</include>
                    </control>
                </control>
                <control type="grouplist">
                    <itemgap>10</itemgap>
                    <orientation>horizontal</orientation>
                    <top>160</top>
                    <control type="button" id="17">
                        <label>12317</label>
                        <onup>14</onup>
                        <ondown>20</ondown>
                        <include>Objects_SingleKeyOff</include>
                    </control>
                    <control type="button" id="18">
                        <left>63</left>
                        <label>12318</label>
                        <onup>15</onup>
                        <ondown>10</ondown>
                        <include>Objects_SingleKeyOff</include>
                    </control>
                    <control type="button" id="19">
                        <left>126</left>
                        <label>12319</label>
                        <onup>16</onup>
                        <ondown>22</ondown>
                        <include>Objects_SingleKeyOff</include>
                    </control>
                </control>
                <control type="grouplist">
                    <itemgap>10</itemgap>
                    <orientation>horizontal</orientation>
                    <top>240</top>
                    <control type="button" id="20">
                        <label>&lt;</label>
                        <onup>17</onup>
                        <ondown>23</ondown>
                        <include>Objects_SingleKeyOff</include>
                    </control>
                    <control type="button" id="10">
                        <left>63</left>
                        <label>12310</label>
                        <onup>18</onup>
                        <ondown>21</ondown>
                        <include>Objects_SingleKeyOff</include>
                    </control>
                    <control type="button" id="22">
                        <left>126</left>
                        <label>&gt;</label>
                        <onup>19</onup>
                        <ondown>21</ondown>
                        <include>Objects_SingleKeyOff</include>
                    </control>
                </control>
                <control type="grouplist">
                    <itemgap>10</itemgap>
                    <orientation>horizontal</orientation>
                    <top>320</top>
                    <control type="button" id="23">
                        <label>z</label>
                        <onup>20</onup>
                        <ondown>11</ondown>
                        <width>110</width>
                        <textwidth>190</textwidth>
                        <font>IconSmall</font>
                        <include>Objects_SingleKeyOff</include>
                    </control>
                    <control type="button" id="21">
                        <left>63</left>
                        <label>186</label>
                        <onup>22</onup>
                        <ondown>13</ondown>
                        <width>110</width>
                        <textwidth>160</textwidth>
                        <include>Objects_SingleKeyOff</include>
                    </control>
                </control>
                <control type="label" id="4">
                    <top>400</top>
                    <width>230</width>
                    <height>50</height>
                    <align>center</align>
                    <font>font15</font>
                </control>
            </control>
        </control>
    </controls>
</window>