<?xml version="1.0" encoding="UTF-8"?>
<window>
    <defaultcontrol always="true">9000</defaultcontrol>
    <allowoverlay>no</allowoverlay>
    <onload>SetFocus(9000,0,absolute)</onload>
    <controls>
        <control type="group">
            <animation effect="slide" start="1200" end="0" time="300">WindowOpen</animation>
            <animation effect="slide" start="0" end="1200" time="300">WindowClose</animation>
            <left>720</left>
            <width>1200</width>
            <control type="image">
                <width>1200</width>
                <height>1080</height>
                <aspectratio align="right" aligny="center">scale</aspectratio>
                <texture>$VAR[GlobalBackgroundVar]</texture>
            </control>
            <control type="image">
                <width>1200</width>
                <height>1080</height>
                <texture colordiffuse="background">$VAR[CommonBackgroundOverlay]</texture>
            </control>
            <control type="image">
                <left>0</left>
                <width>1080</width>
                <height>120</height>
                <texture colordiffuse="background">topbar.png</texture>
            </control>
            <control type="label">
                <visible>!Container(9000).HasFocus(208) + !Control.HasFocus(250)</visible>
                <top>15</top>
                <left>25</left>
                <width>1030</width>
                <height>45</height>
                <font>font30</font>
                <label>$VAR[HeaderLabelInfoDialog]</label>
            </control>
            <control type="label">
                <visible>Container(9000).HasFocus(208) | Control.HasFocus(250)</visible>
                <top>15</top>
                <left>25</left>
                <width>1030</width>
                <height>45</height>
                <font>font30</font>
                <label>$INFO[ListItem.Set]</label>
            </control>
            <control type="label">
                <top>58</top>
                <left>25</left>
                <width>1030</width>
                <height>45</height>
                <textcolor>highlight</textcolor>
                <font>font14</font>
                <label>$VAR[HeaderSubLabelInfoDialog]</label>
            </control>
            <control type="group">
                <control type="button" id="6">
                    <description>Refresh</description>
                    <label>184</label>
                    <include>HiddenObject</include>
                </control>
                <control type="button" id="7">
                    <description>User ratings</description>
                    <label>38023</label>
                    <include>HiddenObject</include>
                </control>
                <control type="togglebutton" id="8">
                    <description>Play/browse to Show</description>
                    <label>208</label>
                    <altlabel>1024</altlabel>
                    <usealttexture>$EXP[isTvshow]</usealttexture>
                    <include>HiddenObject</include>
                </control>
                <control type="button" id="10">
                    <description>Get Thumb</description>
                    <label>13511</label>
                    <include>HiddenObject</include>
                </control>
                <control type="button" id="11">
                    <description>Play Trailer</description>
                    <label>20410</label>
                    <include>HiddenObject</include>
                </control>
                <control type="button" id="13">
                    <description>Director</description>
                    <label />
                    <include>HiddenObject</include>
                </control>
            </control>
            <control type="image">
                <left>1080</left>
                <top>0</top>
                <width>120</width>
                <height>1080</height>
                <texture colordiffuse="background">menu.png</texture>
            </control>
            <control type="panel" id="9000">
                <left>1080</left>
                <top>0</top>
                <width>120</width>
                <height>1080</height>
                <onleft condition="Container(9000).HasFocus(206)">50</onleft>
                <onleft condition="Container(9000).HasFocus(207)">150</onleft>
                <onleft condition="Container(9000).HasFocus(208)">250</onleft>
                <onleft condition="Container(9000).HasFocus(212)">90700</onleft>
                <onleft condition="Control.IsVisible(400) + [Container(400).HasNext | Container(400).HasPrevious]">60</onleft>
                <ondown>9000</ondown>
                <onup>9000</onup>
                <scrolltime tween="quadratic" easing="out">300</scrolltime>
                <orientation>Vertical</orientation>
                <itemlayout height="120" width="120">
                    <control type="image">
                        <top>20</top>
                        <left>20</left>
                        <width>80</width>
                        <height>80</height>
                        <texture colordiffuse="maintext">$INFO[ListItem.Icon]</texture>
                    </control>
                </itemlayout>
                <focusedlayout height="120" width="120">
                    <include content="SelectedItemBackground">
                        <param name="Left" value="0" />
                        <param name="Top" value="0" />
                        <param name="Width" value="120" />
                        <param name="Height" value="120" />
                    </include>
                    <control type="image">
                        <top>20</top>
                        <left>20</left>
                        <width>80</width>
                        <height>80</height>
                        <texture colordiffuse="maintext">$INFO[ListItem.Icon]</texture>
                    </control>
                </focusedlayout>
                <content>
                    <item id="204">
                        <icon>DefaultIconPlay.png</icon>
                        <onclick>SendClick(8)</onclick>
                        <visible>Control.IsEnabled(8) + String.IsEqual(Control.GetLabel(8),$LOCALIZE[208])</visible>
                    </item>
                    <item id="205">
                        <icon>DefaultFolder.png</icon>
                        <onclick>SendClick(8)</onclick>
                        <visible>Control.IsEnabled(8) + String.IsEqual(Control.GetLabel(8),$LOCALIZE[1024])</visible>
                    </item>
                    <item id="210">
                        <icon>DefaultPlaylist.png</icon>
                        <onclick>Skin.ToggleSetting(Info.ShowPlot)</onclick>
                        <visible>!Skin.HasSetting(Info.ShowPlot)</visible>
                    </item>
                    <item id="211">
                        <icon>special://skin/extras/icons/text.png</icon>
                        <onclick>Skin.ToggleSetting(Info.ShowPlot)</onclick>
                        <visible>Skin.HasSetting(Info.ShowPlot)</visible>
                    </item>
                    <item id="206">
                        <icon>DefaultActor.png</icon>
                        <visible>$EXP[isMovie] | $EXP[isTvshow] | $EXP[isSeason] | $EXP[isEpisode]</visible>
                    </item>
                    <item id="208">
                        <icon>DefaultSets.png</icon>
                        <visible>!String.IsEmpty(ListItem.Set)</visible>
                    </item>
                    <item id="207">
                        <icon>special://skin/extras/icons/youtube.png</icon>
                        <visible>System.HasAddon(script.extendedinfo)</visible>
                    </item>
                    <item id="202">
                        <icon>DefaultVideo.png</icon>
                        <onclick>SendClick(11)</onclick>
                        <visible>Control.IsEnabled(11) + !String.IsEmpty(ListItem.Trailer)</visible>
                    </item>
                    <item id="201">
                        <icon>DefaultIconFavourite.png</icon>
                        <onclick>SendClick(7)</onclick>
                        <visible>Control.IsEnabled(7)</visible>
                    </item>
                    <item id="209">
                        <icon>special://skin/extras/icons/fanart2.png</icon>
                        <onclick>SetFocus(90400)</onclick>
                        <visible>!String.IsEmpty(ListItem.Art(fanart))</visible>
                    </item>
                    <item id="203">
                        <icon>DefaultAddonImages.png</icon>
                        <onclick>SendClick(10)</onclick>
                        <visible>Control.IsEnabled(10)</visible>
                    </item>
                    <item id="200">
                        <icon>DefaultAddonsUpdates.png</icon>
                        <onclick>SendClick(6)</onclick>
                        <visible>Control.IsEnabled(6)</visible>
                    </item>
                    <item id="212">
                        <icon>DefaultAddonSource.png</icon>
                        <visible>Integer.IsGreater(Container(90700).NumItems,0)</visible>
                    </item>
                </content>
            </control>
            <control type="group">
                <visible>![Control.HasFocus(50) | Control.HasFocus(150) | Control.HasFocus(250) | Control.HasFocus(350) | Control.HasFocus(90700) | Container(9000).HasFocus(206) | Container(9000).HasFocus(207) | Container(9000).HasFocus(208) | Container(9000).HasFocus(212)]</visible>
                <animation effect="fade" time="300" start="0" end="100" delay="100">Visible</animation>
                <control type="panel">
                    <visible>!Skin.HasSetting(Info.ShowPlot)</visible>
                    <animation effect="fade" time="300" start="0" end="100" delay="0">Visible</animation>
                    <left>30</left>
                    <top>150</top>
                    <width>1020</width>
                    <height>800</height>
                    <orientation>vertical</orientation>
                    <pagecontrol>61</pagecontrol>
                    <scrolltime tween="quadratic" easing="out">200</scrolltime>
                    <itemlayout height="50" width="1020">
                        <control type="label">
                            <width>180</width>
                            <height>50</height>
                            <font>font15</font>
                            <align>right</align>
                            <textcolor>highlight</textcolor>
                            <label>$INFO[ListItem.Label2]</label>
                        </control>
                        <control type="label">
                            <left>200</left>
                            <right>0</right>
                            <height>50</height>
                            <font>font15</font>
                            <label>$INFO[ListItem.Label]</label>
                        </control>
                    </itemlayout>
                    <focusedlayout height="50" width="1020">
                        <control type="label">
                            <width>180</width>
                            <height>50</height>
                            <font>font15</font>
                            <align>right</align>
                            <textcolor>highlight</textcolor>
                            <label>$INFO[ListItem.Label2]</label>
                        </control>
                        <control type="label">
                            <left>200</left>
                            <right>0</right>
                            <height>50</height>
                            <font>font15</font>
                            <label>$INFO[ListItem.Label]</label>
                        </control>
                    </focusedlayout>
                    <content>
                        <item>
                            <label>$INFO[ListItem.Year]</label>
                            <label2>$LOCALIZE[345]:</label2>
                            <visible>!String.IsEmpty(ListItem.Year) + ![$EXP[isTvshow] | $EXP[isSeason] | $EXP[isEpisode]]</visible>
                        </item>
                        <item>
                            <label>$INFO[ListItem.Premiered]</label>
                            <label2>$LOCALIZE[20416]:</label2>
                            <visible>!String.IsEmpty(ListItem.Premiered) + [$EXP[isTvshow] | $EXP[isSeason] | $EXP[isEpisode]]</visible>
                        </item>
                        <item>
                            <label>$INFO[ListItem.mpaa]</label>
                            <label2>$LOCALIZE[31189]:</label2>
                            <visible>!String.IsEmpty(ListItem.mpaa)</visible>
                        </item>
                        <item>
                            <label>$INFO[ListItem.Duration]</label>
                            <label2>$LOCALIZE[180]:</label2>
                            <visible>!String.IsEmpty(ListItem.Duration)</visible>
                        </item>
                        <item>
                            <label>$INFO[ListItem.Top250,#]</label>
                            <label2>$LOCALIZE[13409]:</label2>
                            <visible>!String.IsEmpty(ListItem.Top250)</visible>
                        </item>
                        <item>
                            <label>$INFO[ListItem.UserRating]</label>
                            <label2>$LOCALIZE[38018]:</label2>
                            <visible>!String.IsEmpty(ListItem.UserRating)</visible>
                        </item>
                        <item>
                            <label>$INFO[ListItem.RatingAndVotes]</label>
                            <label2>$LOCALIZE[563]:</label2>
                            <visible>!String.IsEmpty(ListItem.Rating)</visible>
                        </item>
                        <item>
                            <label>$INFO[ListItem.Genre]</label>
                            <label2>$LOCALIZE[515]:</label2>
                            <visible>!String.IsEmpty(ListItem.Genre)</visible>
                        </item>
                        <item>
                            <label>$INFO[ListItem.Studio]</label>
                            <label2>$LOCALIZE[572]:</label2>
                            <visible>!String.IsEmpty(ListItem.Studio)</visible>
                        </item>
                        <item>
                            <label>$INFO[Window(Home).Property(NextAired.NextNumber),, - ]$INFO[Window(Home).Property(NextAired.NextTitle)]</label>
                            <label2>$LOCALIZE[31010]:</label2>
                            <visible>$EXP[isTvshow] + !String.IsEmpty(Window(Home).Property(NextAired.NextDate))</visible>
                        </item>
                        <item>
                            <label>$INFO[Window(Home).Property(NextAired.LatestNumber),, - ]$INFO[Window(Home).Property(NextAired.LatestTitle)]</label>
                            <label2>$LOCALIZE[31011]:</label2>
                            <visible>$EXP[isTvshow] + !String.IsEmpty(Window(Home).Property(NextAired.LatestDate)) + String.IsEmpty(Window(Home).Property(NextAired.NextDate))</visible>
                        </item>
                        <item>
                            <label>$INFO[Window(Home).Property(NextAired.NextDate),, | ]$INFO[Window(Home).Property(NextAired.AirTime)]</label>
                            <label2>$LOCALIZE[31012]:</label2>
                            <visible>$EXP[isTvshow] + !String.IsEmpty(Window(Home).Property(NextAired.NextDate))</visible>
                        </item>
                        <item>
                            <label>$INFO[ListItem.Director]</label>
                            <label2>$LOCALIZE[20339]:</label2>
                            <onclick>SendClick(2003,13)</onclick>
                            <visible>!String.IsEmpty(ListItem.Director)</visible>
                        </item>
                        <item>
                            <label>$INFO[ListItem.Writer]</label>
                            <label2>$LOCALIZE[20417]:</label2>
                            <visible>!String.IsEmpty(ListItem.Writer)</visible>
                        </item>
                        <item>
                            <label>[UPPERCASE]$INFO[ListItem.Property(AudioLanguage.1)]$INFO[ListItem.Property(AudioLanguage.2),/]$INFO[ListItem.Property(AudioLanguage.3),/]$INFO[ListItem.Property(AudioLanguage.4),/]$INFO[ListItem.Property(AudioLanguage.5),/]$INFO[ListItem.Property(AudioLanguage.6),/]$INFO[ListItem.Property(AudioLanguage.7),/][/UPPERCASE]</label>
                            <label2>$LOCALIZE[292]:</label2>
                            <visible>!String.IsEmpty(ListItem.Property(AudioLanguage.1))</visible>
                        </item>
                        <item>
                            <label>[UPPERCASE]$INFO[ListItem.Property(SubtitleLanguage.1)]$INFO[ListItem.Property(SubtitleLanguage.2),/]$INFO[ListItem.Property(SubtitleLanguage.3),/]$INFO[ListItem.Property(SubtitleLanguage.4),/]$INFO[ListItem.Property(SubtitleLanguage.5),/]$INFO[ListItem.Property(SubtitleLanguage.6),/]$INFO[ListItem.Property(SubtitleLanguage.7),/][/UPPERCASE]</label>
                            <label2>$LOCALIZE[462]:</label2>
                            <visible>!String.IsEmpty(ListItem.Property(SubtitleLanguage.1))</visible>
                        </item>
                        <item>
                            <label>$INFO[ListItem.Country]</label>
                            <label2>$LOCALIZE[574]:</label2>
                            <visible>!String.IsEmpty(ListItem.Country)</visible>
                        </item>
                        <item>
                            <label>$INFO[Window(Home).Property(NextAired.Country)]</label>
                            <label2>$LOCALIZE[574]:</label2>
                            <visible>$EXP[isTvshow] + !String.IsEmpty(Window(Home).Property(NextAired.Country))</visible>
                        </item>
                        <item>
                            <label>$INFO[ListItem.PlayCount]</label>
                            <label2>$LOCALIZE[567]:</label2>
                            <visible>!String.IsEmpty(ListItem.PlayCount)</visible>
                        </item>
                        <item>
                            <label>$INFO[ListItem.PercentPlayed,,%]</label>
                            <label2 fallback="-">$LOCALIZE[575]:</label2>
                            <visible>ListItem.IsResumable</visible>
                        </item>
                        <item>
                            <label>$INFO[ListItem.LastPlayed]</label>
                            <label2 fallback="-">$LOCALIZE[568]:</label2>
                            <visible>!String.IsEmpty(ListItem.LastPlayed)</visible>
                        </item>
                        <item>
                            <label>$INFO[ListItem.DateAdded]</label>
                            <label2>$LOCALIZE[31190]:</label2>
                            <visible>!String.IsEmpty(ListItem.DateAdded)</visible>
                        </item>
                        <item>
                            <label>$INFO[ListItem.Path]</label>
                            <label2>$LOCALIZE[573]:</label2>
                            <visible>!String.IsEmpty(ListItem.Path)</visible>
                        </item>
                        <item>
                            <label>$INFO[ListItem.Filename]</label>
                            <label2>$LOCALIZE[21800]:</label2>
                            <visible>!String.IsEmpty(ListItem.Filename)</visible>
                        </item>
                    </content>
                </control>
                <control type="group">
                    <top>150</top>
                    <left>50</left>
                    <control type="textbox" id="4">
                        <description>Plot</description>
                        <include>HiddenObject</include>
                    </control>
                    <control type="textbox" id="400">
                        <description>Plot</description>
                        <animation effect="fade" time="300" start="0" end="100" delay="0">Visible</animation>
                        <left>0</left>
                        <top>0</top>
                        <width>980</width>
                        <height>815</height>
                        <font>font15_textbox</font>
                        <label>$VAR[VideoInfoPlotVar]</label>
                        <pagecontrol>60</pagecontrol>
                        <include>AutoscrollDefault</include>
                        <visible>Skin.HasSetting(Info.ShowPlot)</visible>
                    </control>
                    <control type="scrollbar" id="60">
                        <visible allowhiddenfocus="true">Control.HasFocus(60) + [Container(400).HasNext | Container(400).HasPrevious]</visible>
                        <left>1000</left>
                        <top>10</top>
                        <width>10</width>
                        <height>805</height>
                        <onleft>9000</onleft>
                        <onright>9000</onright>
                        <orientation>vertical</orientation>
                    </control>
                </control>
                <control type="group">
                    <visible>$EXP[isTvshow]</visible>
                    <top>960</top>
                    <left>30</left>
                    <control type="group">
                        <visible>!String.IsEmpty(ListItem.Property(TotalSeasons))</visible>
                        <width>200</width>
                        <control type="label">
                            <top>4</top>
                            <width>200</width>
                            <height>60</height>
                            <align>center</align>
                            <label>$INFO[ListItem.Property(TotalSeasons)]</label>
                            <font>font16</font>
                            <wrapmultiline>true</wrapmultiline>
                        </control>
                        <control type="label">
                            <top>52</top>
                            <width>200</width>
                            <height>30</height>
                            <align>center</align>
                            <label>[LOWERCASE]$VAR[OneOrMoreSeasonsVar][/LOWERCASE]</label>
                            <font>font12</font>
                        </control>
                    </control>
                    <control type="group">
                        <visible>!String.IsEmpty(ListItem.Property(TotalEpisodes))</visible>
                        <animation effect="slide" time="0" start="0" end="-200" condition="String.IsEmpty(ListItem.Property(TotalSeasons))">Conditional</animation>
                        <left>200</left>
                        <width>200</width>
                        <control type="label">
                            <top>4</top>
                            <width>200</width>
                            <height>60</height>
                            <align>center</align>
                            <label>$INFO[ListItem.Property(TotalEpisodes)]</label>
                            <font>font16</font>
                            <wrapmultiline>true</wrapmultiline>
                        </control>
                        <control type="label">
                            <top>52</top>
                            <width>200</width>
                            <height>30</height>
                            <align>center</align>
                            <label>[LOWERCASE]$VAR[OneOrMoreEpisodesVar][/LOWERCASE]</label>
                            <font>font12</font>
                        </control>
                    </control>
                    <control type="group">
                        <visible>!String.IsEmpty(ListItem.Property(UnWatchedEpisodes)) + !Control.IsVisible(50)</visible>
                        <animation effect="slide" time="0" start="0" end="-200" condition="String.IsEmpty(ListItem.Property(TotalSeasons))">Conditional</animation>
                        <left>400</left>
                        <width>200</width>
                        <control type="label">
                            <top>4</top>
                            <width>200</width>
                            <height>60</height>
                            <align>center</align>
                            <label>$INFO[ListItem.Property(UnWatchedEpisodes)]</label>
                            <font>font16</font>
                            <wrapmultiline>true</wrapmultiline>
                        </control>
                        <control type="label">
                            <top>52</top>
                            <width>200</width>
                            <height>30</height>
                            <align>center</align>
                            <label>[LOWERCASE]$LOCALIZE[16101][/LOWERCASE]</label>
                            <font>font12</font>
                        </control>
                    </control>
                </control>
                <include content="MediaFlags">
                    <param name="left" value="30" />
                    <param name="top" value="980" />
                    <param name="align" value="left" />
                    <param name="orientation" value="horizontal" />
                </include>
            </control>
            <control type="group">
                <top>155</top>
                <left>120</left>
                <control type="group">
                    <top>0</top>
                    <left>15</left>
                    <control type="panel" id="50">
                        <description>Cast</description>
                        <left>0</left>
                        <top>0</top>
                        <width>810</width>
                        <height>890</height>
                        <onleft>50</onleft>
                        <onright>9000</onright>
                        <onup>50</onup>
                        <ondown>50</ondown>
                        <orientation>vertical</orientation>
                        <scrolltime tween="quadratic" easing="out">300</scrolltime>
                        <visible>Container(9000).HasFocus(206) | Control.HasFocus(50)</visible>
                        <animation effect="fade" time="300" start="0" end="100">Visible</animation>
                        <itemlayout height="445" width="270">
                            <control type="image">
                                <top>30</top>
                                <left>20</left>
                                <width>230</width>
                                <height>345</height>
                                <texture>overlays/diffuse-overlay.png</texture>
                            </control>
                            <control type="label">
                                <left>20</left>
                                <width>230</width>
                                <top>373</top>
                                <height>50</height>
                                <label>$INFO[ListItem.Label]$INFO[ListItem.Label2, $LOCALIZE[20347] ,]</label>
                            </control>
                            <control type="image">
                                <left>20</left>
                                <top>30</top>
                                <width>230</width>
                                <height>345</height>
                                <aspectratio align="center" aligny="center">scale</aspectratio>
                                <texture background="true" fallback="actor_fallback.png">$INFO[ListItem.Art(thumb)]</texture>
                            </control>
                        </itemlayout>
                        <focusedlayout height="445" width="270">
                            <include content="SelectedItemBackground">
                                <param name="Left" value="10" />
                                <param name="Top" value="20" />
                                <param name="Width" value="250" />
                                <param name="Height" value="405" />
                            </include>
                            <control type="image">
                                <top>30</top>
                                <left>20</left>
                                <width>230</width>
                                <height>345</height>
                                <texture>overlays/diffuse-overlay.png</texture>
                            </control>
                            <control type="label">
                                <left>20</left>
                                <width>230</width>
                                <top>373</top>
                                <height>50</height>
                                <label>$INFO[ListItem.Label]$INFO[ListItem.Label2, $LOCALIZE[20347] ,]</label>
                            </control>
                            <control type="image">
                                <left>20</left>
                                <top>30</top>
                                <width>230</width>
                                <height>345</height>
                                <aspectratio align="center" aligny="center">scale</aspectratio>
                                <texture background="true" fallback="actor_fallback.png">$INFO[ListItem.Art(thumb)]</texture>
                            </control>
                        </focusedlayout>
                    </control>
                </control>
                <control type="group">
                    <top>0</top>
                    <left>0</left>
                    <control type="panel" id="150">
                        <description>YouTube Videos</description>
                        <animation effect="fade" time="300" start="0" end="100">Visible</animation>
                        <left>0</left>
                        <top>0</top>
                        <width>848</width>
                        <height>890</height>
                        <onleft>150</onleft>
                        <onright>9000</onright>
                        <onup>150</onup>
                        <ondown>150</ondown>
                        <orientation>vertical</orientation>
                        <preloaditems>2</preloaditems>
                        <scrolltime tween="quadratic" easing="out">300</scrolltime>
                        <visible>[Container(9000).HasFocus(207) | Control.HasFocus(150)] + System.HasAddon(script.extendedinfo)</visible>
                        <itemlayout height="296" width="424">
                            <control type="image">
                                <top>20</top>
                                <left>20</left>
                                <right>20</right>
                                <height>216</height>
                                <texture>overlays/diffuse-overlay.png</texture>
                            </control>
                            <control type="label">
                                <left>20</left>
                                <right>20</right>
                                <top>234</top>
                                <height>50</height>
                                <label>$INFO[ListItem.Label]</label>
                            </control>
                            <control type="image">
                                <left>20</left>
                                <top>20</top>
                                <width>384</width>
                                <height>216</height>
                                <aspectratio align="center" aligny="center">scale</aspectratio>
                                <texture background="true" fallback="DefaultFolder.png">$INFO[ListItem.Art(thumb)]</texture>
                            </control>
                            <include content="OverlayIcons">
                                <param name="OverlayLeft" value="345" />
                                <param name="OverlayTop" value="20" />
                            </include>
                        </itemlayout>
                        <focusedlayout height="296" width="424">
                            <include content="SelectedItemBackground">
                                <param name="Left" value="10" />
                                <param name="Top" value="10" />
                                <param name="Width" value="404" />
                                <param name="Height" value="276" />
                            </include>
                            <control type="image">
                                <top>20</top>
                                <left>20</left>
                                <right>20</right>
                                <height>216</height>
                                <texture>overlays/diffuse-overlay.png</texture>
                            </control>
                            <control type="label">
                                <left>20</left>
                                <right>20</right>
                                <top>234</top>
                                <height>50</height>
                                <label>$INFO[ListItem.Label]</label>
                            </control>
                            <control type="image">
                                <left>20</left>
                                <top>20</top>
                                <width>384</width>
                                <height>216</height>
                                <aspectratio align="center" aligny="center">scale</aspectratio>
                                <texture background="true" fallback="DefaultFolder.png">$INFO[ListItem.Art(thumb)]</texture>
                            </control>
                            <include content="OverlayIcons">
                                <param name="OverlayLeft" value="345" />
                                <param name="OverlayTop" value="20" />
                            </include>
                        </focusedlayout>
                        <content>$VAR[VideoInfoYoutubePath]</content>
                    </control>
                    <control type="label">
                        <left>0</left>
                        <top>0</top>
                        <width>848</width>
                        <height>890</height>
                        <align>center</align>
                        <visible>Container(9000).HasFocus(207) + !Integer.IsGreater(Container(150).NumItems,0)</visible>
                        <label>31137</label>
                        <font>font16</font>
                        <animation effect="fade" time="400" start="0" end="100" delay="5000">Visible</animation>
                    </control>
                </control>
                <control type="group">
                    <top>0</top>
                    <left>15</left>
                    <control type="panel" id="250">
                        <description>Set</description>
                        <left>0</left>
                        <top>0</top>
                        <width>810</width>
                        <height>890</height>
                        <onleft>250</onleft>
                        <onright>9000</onright>
                        <onup>250</onup>
                        <ondown>250</ondown>
                        <orientation>vertical</orientation>
                        <scrolltime tween="quadratic" easing="out">300</scrolltime>
                        <visible>Container(9000).HasFocus(208) | Control.HasFocus(250)</visible>
                        <animation effect="fade" start="0" end="100" time="500">VisibleChange</animation>
                        <itemlayout height="445" width="270">
                            <control type="image">
                                <top>30</top>
                                <left>20</left>
                                <width>230</width>
                                <height>345</height>
                                <texture>overlays/diffuse-overlay.png</texture>
                            </control>
                            <control type="label">
                                <left>20</left>
                                <width>230</width>
                                <top>373</top>
                                <height>50</height>
                                <label>$INFO[ListItem.Label]</label>
                            </control>
                            <control type="image">
                                <left>20</left>
                                <top>30</top>
                                <width>230</width>
                                <height>345</height>
                                <aspectratio align="center" aligny="center">scale</aspectratio>
                                <texture background="true" fallback="DefaultFolder.png">$INFO[ListItem.Art(thumb)]</texture>
                            </control>
                            <include content="OverlayIcons">
                                <param name="OverlayLeft" value="190" />
                                <param name="OverlayTop" value="28" />
                            </include>
                        </itemlayout>
                        <focusedlayout height="445" width="270">
                            <include content="SelectedItemBackground">
                                <param name="Left" value="10" />
                                <param name="Top" value="20" />
                                <param name="Width" value="250" />
                                <param name="Height" value="405" />
                            </include>
                            <control type="image">
                                <top>30</top>
                                <left>20</left>
                                <width>230</width>
                                <height>345</height>
                                <texture>overlays/diffuse-overlay.png</texture>
                            </control>
                            <control type="label">
                                <left>20</left>
                                <width>230</width>
                                <top>373</top>
                                <height>50</height>
                                <label>$INFO[ListItem.Label]</label>
                            </control>
                            <control type="image">
                                <left>20</left>
                                <top>30</top>
                                <width>230</width>
                                <height>345</height>
                                <aspectratio align="center" aligny="center">scale</aspectratio>
                                <texture background="true" fallback="DefaultFolder.png">$INFO[ListItem.Art(thumb)]</texture>
                            </control>
                            <include content="OverlayIcons">
                                <param name="OverlayLeft" value="190" />
                                <param name="OverlayTop" value="28" />
                            </include>
                        </focusedlayout>
                        <content target="video">videodb://movies/sets/$INFO[ListItem.SetID]</content>
                    </control>
                </control>
                <control type="group">
                    <visible>Container(9000).HasFocus(212)</visible>
                    <animation effect="fade" time="300" start="0" end="100" delay="100">Visible</animation>
                    <left>-50</left>
                    <top>25</top>
                    <control type="panel" id="90700">
                        <width>949</width>
                        <height>840</height>
                        <onleft>90700</onleft>
                        <onright>9000</onright>
                        <onup>90700</onup>
                        <ondown>90700</ondown>
                        <viewtype label="535">list</viewtype>
                        <preloaditems>2</preloaditems>
                        <scrolltime tween="quadratic" easing="out">200</scrolltime>
                        <itemlayout height="120" width="949">
                            <control type="image">
                                <left>10</left>
                                <top>10</top>
                                <width>100</width>
                                <height>100</height>
                                <aspectratio>keep</aspectratio>
                                <texture background="true" fallback="DefaultAddon.png">$INFO[ListItem.Icon]</texture>
                            </control>
                            <control type="label">
                                <left>140</left>
                                <top>3</top>
                                <right>20</right>
                                <height>70</height>
                                <font>font30</font>
                                <selectedcolor>highlight</selectedcolor>
                                <label>$INFO[ListItem.Label]</label>
                            </control>
                            <control type="label">
                                <left>140</left>
                                <top>52</top>
                                <right>20</right>
                                <height>60</height>
                                <selectedcolor>highlight</selectedcolor>
                                <label>$INFO[ListItem.Label2]</label>
                            </control>
                        </itemlayout>
                        <focusedlayout height="120" width="949">
                            <include content="SelectedItemBackground">
                                <param name="Left" value="0" />
                                <param name="Top" value="0" />
                                <param name="Width" value="949" />
                                <param name="Height" value="120" />
                            </include>
                            <control type="image">
                                <width>120</width>
                                <height>120</height>
                                <texture>overlays/diffuse-overlay.png</texture>
                            </control>
                            <control type="image">
                                <left>10</left>
                                <top>10</top>
                                <width>100</width>
                                <height>100</height>
                                <aspectratio>keep</aspectratio>
                                <texture background="true" fallback="DefaultAddon.png">$INFO[ListItem.Icon]</texture>
                            </control>
                            <control type="label">
                                <top>3</top>
                                <left>140</left>
                                <right>20</right>
                                <height>70</height>
                                <font>font30</font>
                                <label>$INFO[ListItem.Label]</label>
                            </control>
                            <control type="label">
                                <left>140</left>
                                <top>52</top>
                                <right>20</right>
                                <height>60</height>
                                <label>$INFO[ListItem.Label2]</label>
                            </control>
                        </focusedlayout>
                        <content>
                            <item id="1">
                                <visible>!String.IsEmpty(ListItem.Director)</visible>
                                <icon>DefaultIconSearch.png</icon>
                                <label>31178</label>
                                <label2>$LOCALIZE[31201] $INFO[ListItem.Director]</label2>
                                <onclick>SendClick(13)</onclick>
                            </item>
                            <item id="2">
                                <visible>System.HasAddon(script.artwork.downloader) + [$EXP[isMovie] | $EXP[isTvshow]]</visible>
                                <icon>$INFO[System.AddonIcon(script.artwork.downloader)]</icon>
                                <label>31071</label>
                                <label2>$INFO[System.AddonTitle(script.artwork.downloader)]$INFO[System.AddonVersion(script.artwork.downloader), (,)]</label2>
                                <onclick condition="$EXP[isMovie]">RunScript(script.artwork.downloader, mediatype=movie, dbid=$INFO[ListItem.DBID])</onclick>
                                <onclick condition="$EXP[isTvshow]">RunScript(script.artwork.downloader, mediatype=tvshow, dbid=$INFO[ListItem.DBID])</onclick>
                            </item>
                            <item id="3">
                                <visible>System.HasAddon(script.artwork.downloader) + [$EXP[isMovie] | $EXP[isTvshow]]</visible>
                                <icon>$INFO[System.AddonIcon(script.artwork.downloader)]</icon>
                                <label>$LOCALIZE[31071] ([LOWERCASE]$LOCALIZE[413][/LOWERCASE])</label>
                                <label2>$INFO[System.AddonTitle(script.artwork.downloader)]$INFO[System.AddonVersion(script.artwork.downloader), (,)]</label2>
                                <onclick condition="$EXP[isMovie]">RunScript(script.artwork.downloader, mode=gui, mediatype=movie, dbid=$INFO[ListItem.DBID])</onclick>
                                <onclick condition="$EXP[isTvshow]">RunScript(script.artwork.downloader,mode=gui, mediatype=tvshow, dbid=$INFO[ListItem.DBID])</onclick>
                            </item>
                            <item id="4">
                                <visible>System.HasAddon(script.simpleplaylists) + [$EXP[isMovie] | $EXP[isEpisode]]</visible>
                                <icon>$INFO[System.AddonIcon(script.simpleplaylists)]</icon>
                                <label>31087</label>
                                <label2>$INFO[System.AddonTitle(script.simpleplaylists)]$INFO[System.AddonVersion(script.simpleplaylists), (,)]</label2>
                                <onclick>RunPlugin(plugin://script.simpleplaylists/?mode=addCurrentUrl)</onclick>
                            </item>
                            <item id="5">
                                <visible>System.HasAddon(script.ratingupdate) + [$EXP[isMovie] | $EXP[isTvshow]]</visible>
                                <icon>$INFO[System.AddonIcon(script.ratingupdate)]</icon>
                                <label>31067</label>
                                <label2>$INFO[System.AddonTitle(script.ratingupdate)]$INFO[System.AddonVersion(script.ratingupdate), (,)]</label2>
                                <onclick>RunScript(script.ratingupdate,Single=Movie)</onclick>
                            </item>
                            <item id="6">
                                <visible>System.HasAddon(script.extendedinfo) + [$EXP[isMovie] | $EXP[isTvshow]]</visible>
                                <icon>$INFO[System.AddonIcon(script.extendedinfo)]</icon>
                                <label>31202</label>
                                <label2>$INFO[System.AddonTitle(script.extendedinfo)]$INFO[System.AddonVersion(script.extendedinfo), (,)]</label2>
                                <onclick condition="$EXP[isMovie]">RunScript(script.extendedinfo,info=extendedinfo,dbid=$INFO[ListItem.DBID])</onclick>
                                <onclick condition="$EXP[isTvshow]">RunScript(script.extendedinfo,info=extendedtvinfo,dbid=$INFO[ListItem.DBID])</onclick>
                            </item>
                            <item id="7">
                                <visible>System.HasAddon(script.cinemavision) + [$EXP[isMovie] | $EXP[isTvshow] | $EXP[isSeason] | $EXP[isEpisode]]</visible>
                                <icon>$INFO[System.AddonIcon(script.cinemavision)]</icon>
                                <label>$INFO[System.AddonTitle(script.cinemavision)]</label>
                                <label2>$INFO[System.AddonTitle(script.cinemavision)]$INFO[System.AddonVersion(script.cinemavision), (,)]</label2>
                                <onclick>Dialog.Close(movieinformation)</onclick>
                                <onclick>RunScript(script.cinemavision,experience)</onclick>
                            </item>
                        </content>
                    </control>
                </control>
            </control>
        </control>
        <control type="group">
            <animation effect="slide" start="-720" end="0" time="300">WindowOpen</animation>
            <animation effect="slide" start="0" end="-720" time="300">WindowClose</animation>
            <width>720</width>
            <height>1080</height>
            <control type="image">
                <width>720</width>
                <height>1080</height>
                <aspectratio align="left" aligny="center">scale</aspectratio>
                <texture>$VAR[GlobalBackgroundVar]</texture>
            </control>
            <control type="image">
                <width>720</width>
                <height>1080</height>
                <texture colordiffuse="background">$VAR[CommonBackgroundOverlay]</texture>
            </control>
            <control type="image">
                <width>720</width>
                <height>1080</height>
                <texture colordiffuse="background">topbar.png</texture>
            </control>
            <control type="image">
                <visible>$EXP[isMovie] | $EXP[isTvshow] | $EXP[isSeason] | $EXP[isEpisode]</visible>
                <top>0</top>
                <left>0</left>
                <width>720</width>
                <height>1080</height>
                <aspectratio align="center" aligny="center">scale</aspectratio>
                <texture background="true">$VAR[PosterVar]</texture>
            </control>
            <control type="group">
                <visible>$EXP[isMusicvideo]</visible>
                <top>0</top>
                <left>0</left>
                <control type="image">
                    <width>720</width>
                    <height>720</height>
                    <aspectratio align="center" aligny="center">scale</aspectratio>
                    <texture background="true">$INFO[ListItem.Icon]</texture>
                </control>
                <control type="image">
                    <visible>!String.IsEmpty(Skin.String(MusicLibraryPath))</visible>
                    <left>30</left>
                    <top>720</top>
                    <width>660</width>
                    <height>360</height>
                    <aspectratio align="center" aligny="center">keep</aspectratio>
                    <texture background="true">$INFO[Skin.String(MusicLibraryPath)]$INFO[ListItem.Artist,,/logo.png]</texture>
                </control>
            </control>
            <control type="image">
                <visible>![$EXP[isMovie] | $EXP[isTvshow] | $EXP[isSeason] | $EXP[isEpisode] | $EXP[isMusicvideo]]</visible>
                <width>720</width>
                <height>1080</height>
                <aspectratio align="center" aligny="top">keep</aspectratio>
                <texture background="true">$VAR[PosterVar]</texture>
            </control>
        </control>
        <control type="group">
            <visible allowhiddenfocus="true">Control.HasFocus(90400)</visible>
            <include>VisibleFadeEffect</include>
            <control type="button" id="90400">
                <description>FS Fanart button</description>
                <width>FullScreenWidth</width>
                <height>1080</height>
                <texturefocus />
                <texturenofocus />
                <onclick>SetFocus(9000)</onclick>
                <onleft>SetFocus(9000)</onleft>
                <onright>SetFocus(9000)</onright>
                <onup>SetFocus(9000)</onup>
                <ondown>SetFocus(9000)</ondown>
                <label />
                <hitrect x="0" y="0" w="0" h="0"/>
            </control>
            <control type="image">
                <include>FullscreenDimensions</include>
                <aspectratio align="center" aligny="center">scale</aspectratio>
                <texture>$INFO[ListItem.Art(fanart)]</texture>
            </control>
            <control type="image">
                <visible>!String.IsEmpty(ListItem.Art(clearlogo))</visible>
                <left>1400</left>
                <top>820</top>
                <width>400</width>
                <height>200</height>
                <aspectratio>keep</aspectratio>
                <texture background="true">$INFO[ListItem.Art(clearlogo)]</texture>
            </control>
            <control type="image">
                <visible>!String.IsEmpty(ListItem.Artist) + !String.IsEmpty(Skin.String(MusicLibraryPath))</visible>
                <left>1400</left>
                <top>820</top>
                <width>400</width>
                <height>200</height>
                <aspectratio>keep</aspectratio>
                <texture background="true">$INFO[Skin.String(MusicLibraryPath)]$INFO[ListItem.Artist,,/logo.png]</texture>
            </control>
        </control>
    </controls>
</window>