<?xml version="1.0" encoding="UTF-8"?>
<includes>
    <include file="defaults.xml" />
    <include file="Includes_Animations.xml" />
    <include file="Includes_Backgrounds.xml" />
    <include file="Includes_CommonValues.xml" />
    <include file="Includes_Menus.xml" />
    <include file="Includes_VideoLyrics.xml" />
    <include file="Includes_WidgetContent.xml" />
    <include file="View_50_List.xml" />
    <include file="View_51_Fanart.xml" />
    <include file="View_52_Music.xml" />
    <include file="View_500_Wall.xml" />
    <include file="View_501_Landscape.xml" />
    <include file="View_502_Logo.xml" />
    <include file="variables.xml" />
    <include file="script-skinshortcuts-includes.xml" />
    <constant name="FanartCrossfadeTime">500</constant>
    <constant name="IconCrossfadeTime">400</constant>
    <constant name="FullScreenWidth">1920</constant>
    <expression name="PluginAdvancedLauncher">String.Contains(Container.FolderPath,plugin://plugin.program.advanced.launcher/) | String.Contains(Container.FolderPath,plugin://plugin.program.advanced.emulator.launcher/)</expression>
    <expression name="isPlugin">String.StartsWith(Container.FolderPath,plugin://)</expression>
    <expression name="isMovie">String.IsEqual(ListItem.DBTYPE,movie)</expression>
    <expression name="isVideo">String.IsEqual(ListItem.DBTYPE,video)</expression>
    <expression name="isTvshow">String.IsEqual(ListItem.DBTYPE,tvshow)</expression>
    <expression name="isSeason">Container.Content(seasons)</expression>
    <expression name="isSet">String.IsEqual(ListItem.DBTYPE,set)</expression>
    <expression name="isEpisode">String.IsEqual(ListItem.DBTYPE,episode)</expression>
    <expression name="isMusicvideo">String.IsEqual(ListItem.DBTYPE,musicvideo)</expression>
    <expression name="isArtist">String.IsEqual(ListItem.DBTYPE,artist)</expression>
    <expression name="isAlbum">String.IsEqual(ListItem.DBTYPE,album)</expression>
    <expression name="isSong">String.IsEqual(ListItem.DBTYPE,song)</expression>
    <expression name="isInfoDialog">[Window.IsVisible(addoninformation) | Window.IsVisible(movieinformation) | Window.IsVisible(musicinformation) | Window.IsVisible(songinformation)]</expression>
    <!-- Media Menu -->
    <include name="SideBladeRight">
        <control type="image">
            <left>0</left>
            <top>0</top>
            <width>630</width>
            <height>1080</height>
            <texture colordiffuse="background">dialog.png</texture>
        </control>
        <control type="button" id="9051">
            <include>HiddenObject</include>
            <onfocus>ClearProperty(SubMenu,home)</onfocus>
            <onfocus condition="String.IsEmpty(Window(home).Property(MediaMenu))">SetProperty(MediaMenu,true,home)</onfocus>
            <onfocus condition="String.IsEmpty(Window(home).Property(MediaMenu))">SetFocus(9050)</onfocus>
            <onfocus condition="!String.IsEmpty(Window(home).Property(MediaMenu))">ClearProperty(MediaMenu,home)</onfocus>
            <onfocus condition="!String.IsEmpty(Window(home).Property(MediaMenu)) + !Control.IsVisible(54)">SetFocus(50)</onfocus>
            <onfocus condition="!String.IsEmpty(Window(home).Property(MediaMenu)) + Control.IsVisible(54)">SetFocus(54)</onfocus>
        </control>
    </include>
    <include name="MediaMenuTop">
        <left>0</left>
        <top>0</top>
        <width>630</width>
        <height>1080</height>
        <onright>9050</onright>
        <onleft>ClearProperty(MediaMenu,home)</onleft>
        <onleft condition="![Window.IsVisible(tvguide) | Window.IsActive(SettingsCategory.xml) | Control.IsVisible(54)]">50</onleft>
        <onleft condition="![Window.IsVisible(tvguide) | Window.IsActive(SettingsCategory.xml)] + Control.IsVisible(54)">54</onleft>
        <onleft condition="Window.IsVisible(tvguide)">10</onleft>
        <onleft condition="Window.IsActive(SettingsCategory.xml)">3</onleft>
        <onup>9050</onup>
        <ondown>9050</ondown>
        <onback>ClearProperty(MediaMenu,home)</onback>
        <onback>50</onback>
        <itemgap>0</itemgap>
        <animation effect="slide" start="-440,0" end="0,0" time="400" tween="quadratic" easing="out">Visible</animation>
        <control type="button" id="1802">
            <label>$LOCALIZE[31906]</label>
            <label2>$INFO[Container.Viewmode]</label2>
            <include>ButtonCommonValues</include>
            <enable>Integer.IsGreater(Container.ViewCount,1)</enable>
            <onclick>Container.NextViewMode</onclick>
        </control>
        <control type="button" id="2">
            <description>View button</description>
            <include>ButtonCommonValues</include>
            <label />
            <visible>false</visible>
        </control>
        <control type="button" id="3">
            <description>Sort by button</description>
            <include>ButtonCommonValues</include>
            <label>103</label>
            <visible>false</visible>
        </control>
        <control type="togglebutton" id="4">
            <description>Sort asc</description>
            <include>ButtonCommonValues</include>
            <label>31051</label>
            <altlabel>31050</altlabel>
            <usealttexture>Container.SortDirection(Ascending)</usealttexture>
            <visible>false</visible>
        </control>
        <control type="button" id="1801">
            <description>Sort direction</description>
            <include>ButtonCommonValues</include>
            <label>31156</label>
            <label2>$VAR[SortDirection]</label2>
            <onclick>SendClick(4)</onclick>
            <enable>Control.IsEnabled(4)</enable>
        </control>
        <control type="button" id="1800">
            <description>Sort by button</description>
            <include>ButtonCommonValues</include>
            <label>31155</label>
            <label2>$INFO[Container.SortMethod]</label2>
            <!--<onclick>Container.NextSortMethod</onclick>-->
            <onclick>SendClick(3)</onclick>
            <enable>Control.IsEnabled(3)</enable>
        </control>
    </include>
    <include name="PVRMediaMenu">
        <control type="group">
            <left>2350</left>
            <include>SideBladeRight</include>
            <control type="grouplist" id="9050">
                <include>MediaMenuTop</include>
                <control type="radiobutton" id="31">
                    <description>Filter</description>
                    <include>ButtonCommonValues</include>
                    <label>587</label>
                    <selected>Container.Filtered</selected>
                    <onclick>right</onclick>
                    <visible>Window.IsActive(TVChannels) | Window.IsActive(RadioChannels)</visible>
                </control>
                <control type="button" id="28">
                    <description>Channel Groups</description>
                    <include>ButtonCommonValues</include>
                    <label />
                    <visible>Window.IsActive(TVChannels) | Window.IsActive(TVGuide)</visible>
                </control>
                <control type="radiobutton" id="5">
                    <description>Group recording items by folder structure</description>
                    <include>ButtonCommonValues</include>
                    <label>19270</label>
                    <visible>Window.IsActive(TVRecordings) | Window.IsActive(RadioRecordings)</visible>
                </control>
                <control type="radiobutton" id="6">
                    <description>Show hidden channels</description>
                    <include>ButtonCommonValues</include>
                    <label>19051</label>
                    <visible>Window.IsActive(TVChannels) | Window.IsActive(RadioChannels)</visible>
                </control>
                <control type="radiobutton" id="7">
                    <description>Show deleted recordings</description>
                    <include>ButtonCommonValues</include>
                    <label>19184</label>
                    <visible>Window.IsActive(TVRecordings) | Window.IsActive(RadioRecordings)</visible>
                </control>
                <control type="radiobutton" id="8">
                    <description>Hide disabled timers</description>
                    <include>ButtonCommonValues</include>
                    <label>19077</label>
                    <visible>Window.IsActive(TVTimers) | Window.IsActive(RadioTimers) | Window.IsActive(TVTimerRules) | Window.IsActive(RadioTimerRules)</visible>
                </control>
                <control type="button" id="10">
                    <description>Watched Toggle</description>
                    <include>ButtonCommonValues</include>
                    <label>$LOCALIZE[20367]</label>
                    <label2>$INFO[Container.NumNonFolderItems]</label2>
                    <visible>Window.IsActive(MyPVRRecordings.xml)</visible>
                </control>
                <control type="button" id="100">
                    <description>Channels</description>
                    <label>19019</label>
                    <include>ButtonCommonValues</include>
                    <onclick>ClearProperty(MediaMenu,home)</onclick>
                    <onclick condition="String.IsEmpty(Window.Property(IsRadio))">ActivateWindow(TVChannels)</onclick>
                    <onclick condition="!String.IsEmpty(Window.Property(IsRadio))">ActivateWindow(RadioChannels)</onclick>
                </control>
                <control type="button" id="101">
                    <description>Guide</description>
                    <label>22020</label>
                    <include>ButtonCommonValues</include>
                    <onclick>ClearProperty(MediaMenu,home)</onclick>
                    <onclick condition="String.IsEmpty(Window.Property(IsRadio))">ActivateWindow(TVGuide)</onclick>
                    <onclick condition="!String.IsEmpty(Window.Property(IsRadio))">ActivateWindow(RadioGuide)</onclick>
                </control>
                <control type="button" id="102">
                    <description>Recordings</description>
                    <label>19163</label>
                    <include>ButtonCommonValues</include>
                    <onclick>ClearProperty(MediaMenu,home)</onclick>
                    <onclick condition="String.IsEmpty(Window.Property(IsRadio))">ActivateWindow(TVRecordings)</onclick>
                    <onclick condition="!String.IsEmpty(Window.Property(IsRadio))">ActivateWindow(RadioRecordings)</onclick>
                </control>
                <control type="button" id="105">
                    <description>Timer Rules</description>
                    <include>ButtonCommonValues</include>
                    <label>19138</label>
                    <onclick condition="IsEmpty(Window.Property(IsRadio))">ActivateWindow(TVTimerRules)</onclick>
                    <onclick condition="!IsEmpty(Window.Property(IsRadio))">ActivateWindow(RadioTimerRules)</onclick>
                </control>
                <control type="button" id="103">
                    <description>Timers</description>
                    <label>19040</label>
                    <include>ButtonCommonValues</include>
                    <onclick>ClearProperty(MediaMenu,home)</onclick>
                    <onclick condition="String.IsEmpty(Window.Property(IsRadio))">ActivateWindow(TVTimers)</onclick>
                    <onclick condition="!String.IsEmpty(Window.Property(IsRadio))">ActivateWindow(RadioTimers)</onclick>
                </control>
                <control type="button" id="104">
                    <description>Search</description>
                    <label>137</label>
                    <include>ButtonCommonValues</include>
                    <onclick>ClearProperty(MediaMenu,home)</onclick>
                    <onclick condition="String.IsEmpty(Window.Property(IsRadio))">ActivateWindow(TVSearch)</onclick>
                    <onclick condition="!String.IsEmpty(Window.Property(IsRadio))">ActivateWindow(RadioSearch)</onclick>
                </control>
                <include>PlaylistButtons</include>
                <include content="MenuPlayerControls">
                    <param name="PlayerControlsOnDown" value="1802" />
                </include>
            </control>
        </control>
    </include>
    <include name="MenuPlayerControls">
        <control type="group" id="1810">
            <visible>Player.HasMedia + Control.IsVisible(9050)</visible>
            <control type="grouplist" id="6050">
                <animation effect="slide" start="-630,0" end="0,0" time="400" tween="quadratic" easing="out">Visible</animation>
                <top>0</top>
                <left>0</left>
                <height>90</height>
                <width>630</width>
                <align>left</align>
                <scrolltime tween="sine">200</scrolltime>
                <orientation>horizontal</orientation>
                <onup>614</onup>
                <ondown>$PARAM[PlayerControlsOnDown]</ondown>
                <onleft>6050</onleft>
                <onright>6050</onright>
                <onback>ClearProperty(MediaMenu,home)</onback>
                <onback>50</onback>
                <control type="button" id="6051">
                    <label>g</label>
                    <width>90</width>
                    <height>90</height>
                    <font>IconPlayer</font>
                    <onclick>PlayerControl(Previous)</onclick>
                    <textoffsetx>0</textoffsetx>
                    <align>center</align>
                </control>
                <control type="button" id="6052">
                    <label>H</label>
                    <width>90</width>
                    <height>90</height>
                    <font>IconPlayer</font>
                    <onclick>PlayerControl(Rewind)</onclick>
                    <enable>Player.SeekEnabled</enable>
                    <textoffsetx>0</textoffsetx>
                    <align>center</align>
                </control>
                <control type="togglebutton" id="6053">
                    <label>I</label>
                    <altlabel>K</altlabel>
                    <width>90</width>
                    <height>90</height>
                    <font>IconPlayer</font>
                    <usealttexture>Player.Paused | Player.Forwarding | Player.Rewinding</usealttexture>
                    <onclick>PlayerControl(Play)</onclick>
                    <enable>Player.PauseEnabled</enable>
                    <textoffsetx>0</textoffsetx>
                    <align>center</align>
                </control>
                <control type="button" id="6054">
                    <label>J</label>
                    <width>90</width>
                    <height>90</height>
                    <font>IconPlayer</font>
                    <onclick>PlayerControl(Stop)</onclick>
                    <textoffsetx>0</textoffsetx>
                    <align>center</align>
                </control>
                <control type="button" id="6055">
                    <label>G</label>
                    <width>90</width>
                    <height>90</height>
                    <font>IconPlayer</font>
                    <onclick>PlayerControl(Forward)</onclick>
                    <enable>Player.SeekEnabled</enable>
                    <textoffsetx>0</textoffsetx>
                    <align>center</align>
                </control>
                <control type="button" id="6056">
                    <label>f</label>
                    <width>90</width>
                    <height>90</height>
                    <font>IconPlayer</font>
                    <onclick>PlayerControl(Next)</onclick>
                    <textoffsetx>0</textoffsetx>
                    <align>center</align>
                </control>
                <control type="button" id="6057">
                    <label>q</label>
                    <width>90</width>
                    <height>90</height>
                    <font>IconPlayer</font>
                    <onclick condition="Player.HasVideo">ActivateWindow(fullscreenvideo)</onclick>
                    <onclick condition="Player.HasAudio">ActivateWindow(visualisation)</onclick>
                    <textoffsetx>0</textoffsetx>
                    <align>center</align>
                </control>
            </control>
        </control>
    </include>
    <!-- Navigation Bar -->
    <include name="Topbar">
        <control type="group">
            <control type="image">
                <left>550</left>
                <width>1800</width>
                <height>120</height>
                <texture colordiffuse="background">topbar.png</texture>
            </control>
            <control type="group">
                <left>560</left>
                <control type="button">
                    <top>15</top>
                    <width>1680</width>
                    <height>45</height>
                    <font>font30</font>
                    <textoffsetx>15</textoffsetx>
                    <label>$VAR[HeaderLabel]</label>
                    <label2>$VAR[HeaderLabel2]</label2>
                    <onclick>noop</onclick>
                    <texturefocus />
                </control>
                <control type="button">
                    <top>58</top>
                    <width>1680</width>
                    <height>45</height>
                    <font>font14</font>
                    <textoffsetx>15</textoffsetx>
                    <textcolor>highlight</textcolor>
                    <label>$VAR[HeaderSubLabel]</label>
                    <label2>$VAR[HeaderSubLabel2]</label2>
                    <onclick>noop</onclick>
                    <texturefocus />
                    <focusedcolor>highlight</focusedcolor>
                </control>
            </control>
            <control type="image">
                <description>avatar</description>
                <left>2251</left>
                <top>19</top>
                <width>80</width>
                <height>80</height>
                <aspectratio align="center" aligny="center">keep</aspectratio>
                <texture>$VAR[HomeNowPlayingThumbVar]</texture>
                <visible>[!Window.IsVisible(volumebar) + !Window.IsVisible(busydialog) + !Control.IsVisible(12345) + [!Window.IsVisible(extendedprogressdialog) | Window.IsVisible(script-globalsearch-main.xml)]] | [Player.Muted + !Window.IsVisible(extendedprogressdialog) + !Window.IsVisible(busydialog) + !Control.IsVisible(12345)]</visible>
                <visible>![Container.Scrolling + [String.IsEqual(Container.SortMethod,$LOCALIZE[369]) | String.IsEqual(Container.SortMethod,$LOCALIZE[551]) | [Container.Content(artists) + String.IsEqual(Container.SortMethod,$LOCALIZE[557])]]]</visible>
            </control>
            <control type="label">
                <left>2251</left>
                <top>19</top>
                <width>80</width>
                <height>80</height>
                <font>font36</font>
                <align>center</align>
                <label>$INFO[ListItem.SortLetter,[UPPERCASE],[/UPPERCASE]]</label>
                <visible>Container.Scrolling + [String.IsEqual(Container.SortMethod,$LOCALIZE[369]) | String.IsEqual(Container.SortMethod,$LOCALIZE[551]) | [Container.Content(artists) + String.IsEqual(Container.SortMethod,$LOCALIZE[557])]]</visible>
                <visible>[!Window.IsVisible(volumebar) + !Window.IsVisible(busydialog) + !Control.IsVisible(12345) + [!Window.IsVisible(extendedprogressdialog) | Window.IsVisible(script-globalsearch-main.xml)]] | [Player.Muted + !Window.IsVisible(extendedprogressdialog) + !Window.IsVisible(busydialog) + !Control.IsVisible(12345)]</visible>
            </control>
        </control>
    </include>
    <include name="Topbar_Wide">
        <control type="group">
            <control type="image">
                <left>0</left>
                <width>1920</width>
                <height>120</height>
                <texture colordiffuse="background">topbar.png</texture>
            </control>
            <control type="group">
                <left>10</left>
                <control type="button">
                    <top>15</top>
                    <width>1800</width>
                    <height>45</height>
                    <font>font30</font>
                    <textoffsetx>15</textoffsetx>
                    <label>$VAR[HeaderLabel]</label>
                    <label2>$VAR[HeaderDialogLabel2]</label2>
                    <onclick>noop</onclick>
                    <texturefocus />
                </control>
                <control type="button">
                    <top>58</top>
                    <width>1800</width>
                    <height>45</height>
                    <font>font14</font>
                    <textoffsetx>15</textoffsetx>
                    <textcolor>highlight</textcolor>
                    <label>$VAR[HeaderSubLabel]</label>
                    <label2>$VAR[HeaderDialogSubLabel2]</label2>
                    <onclick>noop</onclick>
                    <texturefocus />
                    <focusedcolor>highlight</focusedcolor>
                </control>
            </control>
            <control type="image">
                <description>avatar</description>
                <left>1821</left>
                <top>19</top>
                <width>80</width>
                <height>80</height>
                <aspectratio align="center" aligny="center">keep</aspectratio>
                <texture>$VAR[HomeNowPlayingThumbVar]</texture>
                <visible>[!Window.IsVisible(volumebar) + !Window.IsVisible(busydialog) + !Control.IsVisible(12345)] | [Player.Muted + !Window.IsVisible(busydialog) + !Control.IsVisible(12345)]</visible>
                <visible>![Container.Scrolling + [String.IsEqual(Container.SortMethod,$LOCALIZE[369]) | String.IsEqual(Container.SortMethod,$LOCALIZE[551]) | [Container.Content(artists) + String.IsEqual(Container.SortMethod,$LOCALIZE[557])]]]</visible>
            </control>
            <control type="label">
                <left>1821</left>
                <top>19</top>
                <width>80</width>
                <height>80</height>
                <font>font36</font>
                <align>center</align>
                <label>$INFO[ListItem.SortLetter,[UPPERCASE],[/UPPERCASE]]</label>
                <visible>Container.Scrolling + [String.IsEqual(Container.SortMethod,$LOCALIZE[369]) | String.IsEqual(Container.SortMethod,$LOCALIZE[551]) | [Container.Content(artists) + String.IsEqual(Container.SortMethod,$LOCALIZE[557])]]</visible>
                <visible>[!Window.IsVisible(volumebar) + !Window.IsVisible(busydialog) + !Control.IsVisible(12345) + [!Window.IsVisible(extendedprogressdialog) | Window.IsVisible(script-globalsearch-main.xml)]] | [Player.Muted + !Window.IsVisible(extendedprogressdialog) + !Window.IsVisible(busydialog) + !Control.IsVisible(12345)]</visible>
            </control>
        </control>
    </include>
    <include name="Scrollbar_Vertical">
        <control type="scrollbar" id="60">
            <visible allowhiddenfocus="true">Control.HasFocus(60) | Container.Scrolling</visible>
            <animation effect="fade" time="300" tween="sine" easing="inout" start="0" end="100">Visible</animation>
            <left>2340</left>
            <top>120</top>
            <width>10</width>
            <height>960</height>
            <onleft>50</onleft>
            <onright>SetProperty(MediaMenu,true,home)</onright>
            <onright>SetFocus(9050)</onright>
            <ondown>60</ondown>
            <onup>60</onup>
        </control>
    </include>
    <include name="OverlayIcons">
        <control type="group">
            <visible>$EXP[isVideo] | $EXP[isMovie] | $EXP[isTvshow] | $EXP[isSeason] | $EXP[isEpisode] | $EXP[isSet] | $EXP[isMusicvideo] | Container.Content(files) | Container.Content(tvshows) | Container.Content(episodes) | Container.Content(movies) | Container.Content(musicvideos) | Container.Content(videos)</visible>
            <left>$PARAM[OverlayLeft]</left>
            <top>$PARAM[OverlayTop]</top>
            <control type="image">
                <width>60</width>
                <height>60</height>
                <texture colordiffuse="highlight">$VAR[OverlayBGVar]</texture>
                <aspectratio align="center" aligny="top">keep</aspectratio>
            </control>
            <control type="label">
                <top>2</top>
                <left>2</left>
                <width>56</width>
                <height>56</height>
                <align>center</align>
                <font>IconPlayer</font>
                <label>$VAR[OverlayIconVar]</label>
            </control>
            <control type="label">
                <visible>!ListItem.IsResumable</visible>
                <visible>!Skin.HasSetting(Disable.WatchedOverlay) + [String.IsEqual(ListItem.Overlay,OverlayWatched.png) | Integer.IsGreater(ListItem.PlayCount,0)]</visible>
                <top>1</top>
                <left>1</left>
                <width>56</width>
                <height>56</height>
                <align>center</align>
                <font>IconSuperTiny</font>
                <textcolor>highlight</textcolor>
                <label>A</label>
            </control>
        </control>
    </include>
    <include name="OverlayList">
        <control type="group">
            <visible>$EXP[isVideo] | $EXP[isMovie] | $EXP[isTvshow] | $EXP[isSeason] | $EXP[isEpisode] | $EXP[isSet] | $EXP[isMusicvideo] | Container.Content(files) | Container.Content(tvshows) | Container.Content(episodes) | Container.Content(movies) | Container.Content(musicvideos) | Container.Content(videos) | Window.IsActive(tvrecordings)</visible>
            <control type="label">
                <left>0</left>
                <textoffsetx>20</textoffsetx>
                <top>$PARAM[OverlayListTop]</top>
                <width>$PARAM[OverlayListWidth]</width>
                <height>64</height>
                <font>IconSmall</font>
                <align>right</align>
                <label>$VAR[OverlayListVar]</label>
                <visible>!String.IsEmpty(ListItem.Overlay)</visible>
            </control>
            <control type="label">
                <visible>!ListItem.IsResumable</visible>
                <visible>String.IsEqual(ListItem.Overlay,OverlayWatched.png) | Integer.IsGreater(ListItem.PlayCount,0)</visible>
                <left>0</left>
                <textoffsetx>25</textoffsetx>
                <top>$PARAM[OverlayListTop]</top>
                <width>$PARAM[OverlayListWidth]</width>
                <height>62</height>
                <align>right</align>
                <font>IconTiny</font>
                <textcolor>highlight</textcolor>
                <label>A</label>
            </control>
        </control>
    </include>
    <include name="PlaylistButtons">
        <control type="button" id="614">
            <description>Go to playlist</description>
            <include>ButtonCommonValues</include>
            <label>31234</label>
            <onclick>ClearProperty(MediaMenu,home)</onclick>
            <onclick condition="!String.IsEqual(Playlist.Length(music),0) + String.IsEqual(Playlist.Length(video),0)">ActivateWindow(musicplaylist)</onclick>
            <onclick condition="!String.IsEqual(Playlist.Length(video),0) + String.IsEqual(Playlist.Length(music),0)">ActivateWindow(videoplaylist)</onclick>
            <onclick condition="!String.IsEqual(Playlist.Length(music),0) + !String.IsEqual(Playlist.Length(video),0)">SetProperty(Dialog.1.Label,$LOCALIZE[31193])</onclick>
            <onclick condition="!String.IsEqual(Playlist.Length(music),0) + !String.IsEqual(Playlist.Length(video),0)">SetProperty(Dialog.1.BuiltIn,ActivateWindow(musicplaylist))</onclick>
            <onclick condition="!String.IsEqual(Playlist.Length(music),0) + !String.IsEqual(Playlist.Length(video),0)">SetProperty(Dialog.2.Label,$LOCALIZE[31194])</onclick>
            <onclick condition="!String.IsEqual(Playlist.Length(music),0) + !String.IsEqual(Playlist.Length(video),0)">SetProperty(Dialog.2.BuiltIn,ActivateWindow(videoplaylist))</onclick>
            <onclick condition="!String.IsEqual(Playlist.Length(music),0) + !String.IsEqual(Playlist.Length(video),0)">RunScript(script.toolbox,info=selectdialog,header=$LOCALIZE[524])</onclick>
            <visible>!String.IsEqual(Playlist.Length(music),0) | !String.IsEqual(Playlist.Length(video),0) + !Window.Is(videoplaylist)</visible>
        </control>
    </include>
    <include name="MediaFlags">
        <control type="grouplist">
            <left>$PARAM[left]</left>
            <top>$PARAM[top]</top>
            <width>840</width>
            <height>80</height>
            <itemgap>20</itemgap>
            <align>$PARAM[align]</align>
            <orientation>horizontal</orientation>
            <include>VisibleFadeEffect</include>
            <control type="image">
                <height>80</height>
                <include>MediaFlagVars</include>
                <texture>$INFO[ListItem.VideoResolution,flags/resolution/,.png]</texture>
                <visible>!String.IsEmpty(ListItem.VideoResolution) + ![$EXP[isTvshow] | $EXP[isSeason]]</visible>
            </control>
            <control type="image">
                <height>80</height>
                <include>MediaFlagVars</include>
                <texture>$VAR[SourceFlagVar,flags/video/,.png]</texture>
                <visible>!String.IsEmpty(ListItem.VideoCodec) + ![$EXP[isTvshow] | $EXP[isSeason]]</visible>
            </control>
            <control type="image">
                <height>80</height>
                <include>MediaFlagVars</include>
                <texture>$INFO[ListItem.VideoAspect,flags/aspectratio/,.png]</texture>
                <visible>!String.IsEmpty(ListItem.VideoAspect) + ![$EXP[isTvshow] | $EXP[isSeason]]</visible>
            </control>
            <control type="image">
                <height>80</height>
                <include>MediaFlagVars</include>
                <texture>$INFO[ListItem.AudioCodec,flags/audio/,.png]</texture>
                <visible>!String.IsEmpty(ListItem.AudioCodec) + ![$EXP[isTvshow] | $EXP[isSeason]]</visible>
            </control>
            <control type="image">
                <height>80</height>
                <width>100</width>
                <include>MediaFlagVars</include>
                <texture>$INFO[ListItem.AudioChannels,flags/channels/,.png]</texture>
                <visible>!String.IsEmpty(ListItem.AudioChannels) + ![$EXP[isTvshow] | $EXP[isSeason]]</visible>
            </control>
            <control type="image">
                <height>80</height>
                <width>100</width>
                <include>MediaFlagVars</include>
                <texture>flags/cc.png</texture>
                <visible>!String.IsEmpty(ListItem.SubtitleLanguage) + ![$EXP[isTvshow] | $EXP[isSeason] | $EXP[isEpisode]]</visible>
            </control>
            <!--<control type="image">
                <height>80</height>
                <include>MediaFlagVars</include>
                <texture>resource://resource.images.studios.white/$INFO[ListItem.Studio,,.png]</texture>
                <visible>[$EXP[isTvshow] | $EXP[isSeason]] + !Window.IsVisible(movieinformation)</visible>
            </control>
            <control type="image">
                <height>80</height>
                <include>MediaFlagVars</include>
                <texture fallback="flags/mpaa/NR.png">$VAR[RatingFlagVar]</texture>
                <visible>[$EXP[isTvshow] | $EXP[isSeason]] + !Window.IsVisible(movieinformation)</visible>
            </control>-->
        </control>
    </include>
    <include name="GlobalSearchScrollbar">
        <control type="scrollbar" id="$PARAM[id]">
            <visible allowhiddenfocus="true">Control.HasFocus($PARAM[id]) | Container($PARAM[container]).Scrolling</visible>
            <animation effect="fade" time="300" tween="sine" easing="inout" start="0" end="100">Visible</animation>
            <left>1910</left>
            <top>120</top>
            <width>10</width>
            <height>960</height>
            <onleft>101</onleft>
            <onright>SetProperty(MediaMenu,true,home)</onright>
            <onright>SetFocus(9050)</onright>
            <onup>$PARAM[id]</onup>
            <ondown>$PARAM[id]</ondown>
        </control>
    </include>
    <include name="AudioDSPPanelContent">
        <itemlayout height="138" width="860">
            <control type="image">
                <top>10</top>
                <left>10</left>
                <width>118</width>
                <height>118</height>
                <texture>$INFO[ListItem.Icon]</texture>
                <aspectratio aligny="center" align="center">keep</aspectratio>
            </control>
            <control type="label">
                <left>150</left>
                <top>10</top>
                <right>10</right>
                <height>60</height>
                <font>font15</font>
                <selectedcolor>highlight</selectedcolor>
                <label>$INFO[ListItem.Label2]: $INFO[ListItem.Label]</label>
            </control>
            <control type="label">
                <left>150</left>
                <top>70</top>
                <right>10</right>
                <height>60</height>
                <selectedcolor>highlight</selectedcolor>
                <label>$INFO[ListItem.Property(Description)]</label>
            </control>
        </itemlayout>
        <focusedlayout height="138" width="860">
            <control type="image">
                <width>100%</width>
                <height>100%</height>
                <texture colordiffuse="highlight">selecteditem_bg.png</texture>
            </control>
            <control type="image">
                <top>10</top>
                <left>10</left>
                <width>118</width>
                <height>118</height>
                <texture>$INFO[ListItem.Icon]</texture>
                <aspectratio aligny="center" align="center">keep</aspectratio>
            </control>
            <control type="label">
                <left>150</left>
                <top>10</top>
                <right>10</right>
                <height>60</height>
                <font>font15</font>
                <label>$INFO[ListItem.Label2]: $INFO[ListItem.Label]</label>
            </control>
            <control type="label">
                <left>150</left>
                <top>70</top>
                <right>10</right>
                <height>60</height>
                <label>$INFO[ListItem.Property(Description)]</label>
            </control>
        </focusedlayout>
    </include>
    <include name="VideoDebugContent">
        <control type="label">
            <height>50</height>
            <label>31259</label>
            <textcolor>highlight</textcolor>
            <font>font14_title</font>
        </control>
        <control type="label">
            <height>50</height>
            <label>$VAR[videohwdecoder]</label>
        </control>
        <control type="label">
            <height>50</height>
            <label>$LOCALIZE[31188]:$INFO[Player.Process(videodecoder), ]$INFO[Player.Process(pixformat),$COMMA ]</label>
            <visible>!String.IsEmpty(Player.Process(videodecoder)) | !String.IsEmpty(Player.Process(pixformat))</visible>
        </control>
        <control type="label">
            <height>50</height>
            <label>$INFO[Player.Process(deintmethod),$LOCALIZE[16038]: ]</label>
            <visible>!String.IsEmpty(Player.Process(deintmethod))</visible>
        </control>
        <control type="label">
            <height>50</height>
            <label>$LOCALIZE[169]:$INFO[Player.Process(videowidth), ,x]$INFO[Player.Process(videoheight),, px]$INFO[Player.Process(videodar),$COMMA , AR]$INFO[Player.Process(videofps),$COMMA , FPS]</label>
            <visible>!String.IsEmpty(Player.Process(videowidth)) | !String.IsEmpty(Player.Process(videoheight)) | !String.IsEmpty(Player.Process(videodar))</visible>
        </control>
        <control type="label">
            <height>50</height>
            <label>31260</label>
            <textcolor>highlight</textcolor>
            <font>font14_title</font>
        </control>
        <control type="label">
            <height>50</height>
            <label>$LOCALIZE[31188]:$INFO[Player.Process(audiodecoder), ]$INFO[Player.Process(audiobitspersample),$COMMA , bit]$INFO[Player.Process(audiosamplerate),$COMMA , Hz]</label>
            <visible>!String.IsEmpty(Player.Process(audiodecoder)) | !String.IsEmpty(Player.Process(audiosamplerate)) | !String.IsEmpty(Player.Process(audiobitspersample))</visible>
        </control>
        <control type="label">
            <height>50</height>
            <label>$INFO[Player.Process(audiochannels),$LOCALIZE[19019]: ]</label>
            <visible>!String.IsEmpty(Player.Process(audiochannels))</visible>
        </control>
        <control type="label">
            <height>50</height>
            <label>138</label>
            <textcolor>highlight</textcolor>
            <font>font14_title</font>
        </control>
        <control type="label">
            <height>50</height>
            <label>$LOCALIZE[13271]$INFO[System.CpuUsage, ]</label>
        </control>
        <control type="progress">
            <width>620</width>
            <height>14</height>
            <info>System.CpuUsage</info>
        </control>
        <control type="label">
            <height>50</height>
            <label>$LOCALIZE[31309]$INFO[System.Memory(used.percent), ]</label>
        </control>
        <control type="progress">
            <width>620</width>
            <height>14</height>
            <info>System.Memory(used)</info>
        </control>
    </include>
    <include name="PageTotals">
        <control type="label">
            <left>862</left>
            <top>$PARAM[Top]</top>
            <width>300</width>
            <height>40</height>
            <font>font13</font>
            <textoffsetx>15</textoffsetx>
            <textcolor>disabled</textcolor>
            <align>right</align>
            <label>$INFO[Container($PARAM[ContainerID]).NumItems,, $LOCALIZE[31025] • ]$INFO[Container($PARAM[ContainerID]).CurrentPage]$INFO[Container($PARAM[ContainerID]).NumPages,/]</label>
            <visible>Integer.IsGreater(Container($PARAM[ContainerID]).NumItems,0) + [$PARAM[Visibility]]</visible>
            <animation effect="fade" start="0" end="100" time="300" tween="sine" easing="inout" delay="300">Visible</animation>
        </control>
    </include>
    <include name="SelectedItemBackground">
        <control type="image">
            <left>$PARAM[Left]</left>
            <top>$PARAM[Top]</top>
            <width>$PARAM[Width]</width>
            <height>$PARAM[Height]</height>
            <texture colordiffuse="highlight">selecteditem_bg.png</texture>
        </control>
    </include>
    <include name="SettingsListContents">
        <content>
            <item id="1">
                <label>$LOCALIZE[14206]</label>
                <label2>$LOCALIZE[166] • $LOCALIZE[20026] • $LOCALIZE[24008] • $LOCALIZE[20304]</label2>
                <icon>DefaultAddonVisualization.png</icon>
                <onclick>ActivateWindow(InterfaceSettings)</onclick>
            </item>
            <item id="2">
                <label>$LOCALIZE[166]</label>
                <label2>$LOCALIZE[10000] • $LOCALIZE[31311] • $LOCALIZE[33069]</label2>
                <icon>DefaultAddonSkin.png</icon>
                <onclick>ActivateWindow(skinsettings)</onclick>
            </item>
            <item id="3">
                <label>$LOCALIZE[14200]</label>
                <label2>$LOCALIZE[14215] • $LOCALIZE[14216] • $LOCALIZE[14087] • $LOCALIZE[14217]</label2>
                <icon>DefaultIconPlay.png</icon>
                <onclick>ActivateWindow(PlayerSettings)</onclick>
            </item>
            <item id="4">
                <label>$LOCALIZE[14211]</label>
                <label2>$LOCALIZE[14022] • $LOCALIZE[14215] • $LOCALIZE[14216] • $LOCALIZE[14217]</label2>
                <icon>DefaultSets.png</icon>
                <onclick>ActivateWindow(MediaSettings)</onclick>
            </item>
            <item id="5">
                <label>$LOCALIZE[19020]</label>
                <label2>$LOCALIZE[19019] • $LOCALIZE[19069] • $LOCALIZE[14086] • $LOCALIZE[19043]</label2>
                <icon>DefaultTVShows.png</icon>
                <onclick>ActivateWindow(pvrsettings)</onclick>
            </item>
            <item id="6">
                <label>$LOCALIZE[15016]</label>
                <label2>$LOCALIZE[35201] • $LOCALIZE[35151]</label2>
                <icon>DefaultGames.png</icon>
                <onclick>ActivateWindow(gamesettings)</onclick>
            </item>
            <item id="7">
                <label>$LOCALIZE[13000]</label>
                <label2>$LOCALIZE[15088] • $LOCALIZE[14094] • $LOCALIZE[14095]</label2>
                <icon>DefaultProgram.png</icon>
                <onclick>ActivateWindow(SystemSettings)</onclick>
            </item>
            <item id="8">
                <label>$LOCALIZE[705]</label>
                <label2>$LOCALIZE[20187] • $LOCALIZE[33101] • $LOCALIZE[1259]</label2>
                <icon>DefaultAddonService.png</icon>
                <onclick>ActivateWindow(ServiceSettings)</onclick>
            </item>
            <item id="9">
                <label>$LOCALIZE[13200]</label>
                <label2>$LOCALIZE[20067] • $LOCALIZE[20096]</label2>
                <icon>DefaultActor.png</icon>
                <onclick>ActivateWindow(Profiles)</onclick>
            </item>
            <item id="10">
                <label>$LOCALIZE[24001]</label>
                <label2>$LOCALIZE[24038] • $LOCALIZE[24020] • $LOCALIZE[24069]</label2>
                <icon>DefaultAddon.png</icon>
                <onclick>ActivateWindow(AddonBrowser)</onclick>
            </item>
            
        </content>
    </include>
    <include name="AutoComplete">
        <control type="group">
            <visible>!Window.IsVisible(numericinput) + !String.IsEmpty(Control.GetLabel(312).index(1))</visible>
            <animation effect="fade" start="0" end="100" time="300">Visible</animation>
            <animation effect="fade" start="100" end="0" time="150">Hidden</animation>
            <top>53</top>
            <left>1360</left>
            <control type="panel" id="5000">
                <width>510</width>
                <height>400</height>
                <onleft>300</onleft>
                <onright>60</onright>
                <onup>5000</onup>
                <ondown>5000</ondown>
                <onback>noop</onback>
                <pagecontrol>60</pagecontrol>
                <orientation>vertical</orientation>
                <scrolltime tween="quadratic" easing="out">200</scrolltime>
                <itemlayout height="80" width="510">
                    <control type="label">
                        <top>5</top>
                        <left>20</left>
                        <right>20</right>
                        <height>70</height>
                        <textcolor>grey</textcolor>
                        <textoffsety>10</textoffsety>
                        <align>center</align>
                        <font>font15</font>
                        <label>$INFO[ListItem.Label]</label>
                    </control>
                </itemlayout>
                <focusedlayout height="80" width="510">
                    <control type="image">
                        <top>5</top>
                        <width>510</width>
                        <height>70</height>
                        <texture colordiffuse="highlight">selecteditem_bg.png</texture>
                        <visible>Control.HasFocus(5000)</visible>
                    </control>
                    <control type="label">
                        <top>5</top>
                        <left>20</left>
                        <right>20</right>
                        <height>70</height>
                        <textoffsety>10</textoffsety>
                        <align>center</align>
                        <font>font15</font>
                        <label>$INFO[ListItem.Label]</label>
                    </control>
                </focusedlayout>
                <content>plugin://plugin.program.autocompletion?info=autocomplete&amp;&amp;id=$INFO[Control.GetLabel(312).index(1)]&amp;&amp;limit=10</content>
            </control>
            <control type="scrollbar" id="60">
                <visible>Control.HasFocus(5000) | Control.HasFocus(60)</visible>
                <animation effect="fade" time="300" tween="sine" easing="inout" start="0" end="100">Visible</animation>
                <left>520</left>
                <top>5</top>
                <width>10</width>
                <height>390</height>
                <onleft>5000</onleft>
                <onright>5000</onright>
                <ondown>60</ondown>
                <onup>60</onup>
            </control>
        </control>
    </include>
    <include name="PVRChannelNumberInput">
        <control type="label">
            <left>0</left>
            <top>0</top>
            <width>100%</width>
            <height>100%</height>
            <label>$INFO[PVR.ChannelNumberInput]</label>
            <align>center</align>
            <font>WeatherTemp</font>
            <visible>!String.IsEmpty(PVR.ChannelNumberInput)</visible>
        </control>
    </include>
    <include name="CommonFonts">
        <font>
            <name>IconSuperTiny</name>
            <filename>WebHostingHub-Modified.ttf</filename>
            <size>16</size>
        </font>
        <font>
            <name>IconTiny</name>
            <filename>WebHostingHub-Modified.ttf</filename>
            <size>20</size>
        </font>
        <font>
            <name>IconPlayer</name>
            <filename>WebHostingHub-Modified.ttf</filename>
            <size>24</size>
        </font>
        <font>
            <name>IconSmall</name>
            <filename>WebHostingHub-Modified.ttf</filename>
            <size>30</size>
        </font>
        <font>
            <name>IconMedium</name>
            <filename>WebHostingHub-Modified.ttf</filename>
            <size>36</size>
        </font>
        <font>
            <name>lyr0</name>
            <filename>lyrics/Fredoka One.ttf</filename>
            <linespacing>0.9</linespacing>
            <size>36</size>
        </font>
        <font>
            <name>lyr1</name>
            <filename>lyrics/Theboldfont.ttf</filename>
            <size>120</size>
        </font>
        <font>
            <name>lyr1b</name>
            <filename>lyrics/PollerOne.ttf</filename>
            <linespacing>0.9</linespacing>
            <aspect>0.9</aspect>
            <size>54</size>
        </font>
        <font>
            <name>lyr2</name>
            <filename>lyrics/Luckiest Guy.ttf</filename>
            <style>uppercase</style>
            <linespacing>0.9</linespacing>
            <size>130</size>
        </font>
        <font>
            <name>lyr2b</name>
            <filename>lyrics/Exo2-Black.ttf</filename>
            <linespacing>0.80</linespacing>
            <size>58</size>
        </font>
        <font>
            <name>lyr3</name>
            <filename>lyrics/SF Distant Galaxy.ttf</filename>
            <style>lowercase</style>
            <linespacing>0.9</linespacing>
            <size>120</size>
        </font>
        <font>
            <name>lyr3b</name>
            <filename>lyrics/Ranchers-Regular.ttf</filename>
            <aspect>1.4</aspect>
            <linespacing>0.9</linespacing>
            <size>50</size>
        </font>
        <font>
            <name>lyr4</name>
            <filename>lyrics/Geomancy - Extra Bold.ttf</filename>
            <linespacing>0.9</linespacing>
            <size>120</size>
        </font>
        <font>
            <name>lyr4b</name>
            <filename>lyrics/hemi head bd it.ttf</filename>
            <style>bold</style>
            <linespacing>0.85</linespacing>
            <size>54</size>
        </font>
        <font>
            <name>lyr5</name>
            <filename>lyrics/BOXING.ttf</filename>
            <aspect>1.3</aspect>
            <style>lowercase</style>
            <linespacing>0.9</linespacing>
            <size>104</size>
        </font>
        <font>
            <name>lyr5b</name>
            <filename>lyrics/Fredoka One.ttf</filename>
            <linespacing>0.85</linespacing>
            <size>54</size>
        </font>
        <font>
            <name>lyr6</name>
            <style>uppercase</style>
            <filename>lyrics/Luckiest Guy.ttf</filename>
            <size>110</size>
        </font>
        <font>
            <name>lyr6a</name>
            <style>uppercase</style>
            <filename>lyrics/Luckiest Guy.ttf</filename>
            <size>165</size>
        </font>
        <font>
            <name>lyr6b</name>
            <style>uppercase</style>
            <filename>lyrics/Luckiest Guy.ttf</filename>
            <size>220</size>
        </font>
        <font>
            <name>lyr6c</name>
            <filename>lyrics/Exo2-Black.ttf</filename>
            <linespacing>0.80</linespacing>
            <size>56</size>
        </font>
                <font>
            <name>lyr7</name>
            <filename>lyrics/Theboldfont.ttf</filename>
            <size>120</size>
        </font>
        <font>
            <name>lyr7b</name>
            <filename>lyrics/PollerOne.ttf</filename>
            <linespacing>0.9</linespacing>
            <aspect>0.9</aspect>
            <size>54</size>
        </font>
        <font>
            <name>lyr8</name>
            <filename>lyrics/SF Distant Galaxy.ttf</filename>
            <style>lowercase</style>
            <linespacing>0.9</linespacing>
            <size>120</size>
        </font>
        <font>
            <name>lyr8b</name>
            <filename>lyrics/Ranchers-Regular.ttf</filename>
            <aspect>1.4</aspect>
            <linespacing>0.9</linespacing>
            <size>50</size>
        </font>
        <font>
            <name>lyr9</name>
            <filename>lyrics/Geomancy - Extra Bold.ttf</filename>
            <linespacing>0.9</linespacing>
            <size>130</size>
        </font>
        <font>
            <name>lyr9b</name>
            <filename>lyrics/hemi head bd it.ttf</filename>
            <style>bold</style>
            <linespacing>0.85</linespacing>
            <size>54</size>
        </font>
        <font>
            <name>lyr10</name>
            <style>uppercase</style>
            <filename>lyrics/Luckiest Guy.ttf</filename>
            <size>170</size>
        </font>
        <font>
            <name>lyr10b</name>
            <style>uppercase</style>
            <filename>lyrics/Luckiest Guy.ttf</filename>
            <size>145</size>
        </font>
        <font>
            <name>lyr10c</name>
            <style>uppercase</style>
            <filename>lyrics/Luckiest Guy.ttf</filename>
            <size>120</size>
        </font>
        <font>
            <name>lyr10d</name>
            <filename>lyrics/Exo2-Black.ttf</filename>
            <linespacing>0.80</linespacing>
            <size>56</size>
        </font>
        <font>
            <name>lyr11</name>
            <filename>lyrics/Theboldfont.ttf</filename>
            <size>120</size>
        </font>
        <font>
            <name>lyr11b</name>
            <filename>lyrics/PollerOne.ttf</filename>
            <linespacing>0.9</linespacing>
            <aspect>0.9</aspect>
            <size>54</size>
        </font>
        <font>
            <name>lyr12</name>
            <filename>lyrics/BOXING.ttf</filename>
            <style>lowercase</style>
            <linespacing>0.9</linespacing>
            <size>275</size>
        </font>
        <font>
            <name>lyr12b</name>
            <filename>lyrics/BOXING.ttf</filename>
            <style>lowercase</style>
            <linespacing>0.9</linespacing>
            <size>165</size>
        </font>
        <font>
            <name>lyr12c</name>
            <filename>lyrics/BOXING.ttf</filename>
            <style>lowercase</style>
            <linespacing>0.9</linespacing>
            <size>220</size>
        </font>
        <font>
            <name>lyr12d</name>
            <filename>lyrics/Fredoka One.ttf</filename>
            <linespacing>0.9</linespacing>
            <size>58</size>
        </font>
        <font>
            <name>lyr13</name>
            <filename>lyrics/SF Distant Galaxy.ttf</filename>
            <style>lowercase</style>
            <linespacing>0.9</linespacing>
            <size>120</size>
        </font>
        <font>
            <name>lyr13b</name>
            <filename>lyrics/Ranchers-Regular.ttf</filename>
            <aspect>1.4</aspect>
            <linespacing>0.9</linespacing>
            <size>50</size>
        </font>
        <font>
            <name>lyr14</name>
            <style>uppercase</style>
            <filename>lyrics/Luckiest Guy.ttf</filename>
            <size>130</size>
        </font>
        <font>
            <name>lyr14b</name>
            <style>uppercase</style>
            <filename>lyrics/Luckiest Guy.ttf</filename>
            <size>150</size>
        </font>
        <font>
            <name>lyr14c</name>
            <style>uppercase</style>
            <filename>lyrics/Luckiest Guy.ttf</filename>
            <size>170</size>
        </font>
        <font>
            <name>lyr14d</name>
            <filename>lyrics/Exo2-Black.ttf</filename>
            <linespacing>0.8</linespacing>
            <size>56</size>
        </font>
        <font>
            <name>lyr15</name>
            <filename>lyrics/Geomancy - Extra Bold.ttf</filename>
            <linespacing>0.9</linespacing>
            <size>130</size>
        </font>
        <font>
            <name>lyr15b</name>
            <filename>lyrics/hemi head bd it.ttf</filename>
            <style>bold</style>
            <linespacing>0.85</linespacing>
            <size>54</size>
        </font>
        <font>
            <name>lyr16</name>
            <filename>lyrics/Theboldfont.ttf</filename>
            <size>120</size>
        </font>
        <font>
            <name>lyr16b</name>
            <filename>lyrics/PollerOne.ttf</filename>
            <linespacing>0.9</linespacing>
            <aspect>0.9</aspect>
            <size>54</size>
        </font>
        <font>
            <name>lyr17</name>
            <style>uppercase</style>
            <filename>lyrics/Luckiest Guy.ttf</filename>
            <size>110</size>
        </font>
        <font>
            <name>lyr17a</name>
            <style>uppercase</style>
            <filename>lyrics/Luckiest Guy.ttf</filename>
            <size>165</size>
        </font>
        <font>
            <name>lyr17b</name>
            <style>uppercase</style>
            <filename>lyrics/Luckiest Guy.ttf</filename>
            <size>220</size>
        </font>
        <font>
            <name>lyr17c</name>
            <filename>lyrics/Exo2-Black.ttf</filename>
            <linespacing>0.80</linespacing>
            <size>56</size>
        </font>
        <font>
            <name>lyr18</name>
            <filename>lyrics/Geomancy - Extra Bold.ttf</filename>
            <linespacing>0.9</linespacing>
            <size>120</size>
        </font>
        <font>
            <name>lyr18b</name>
            <filename>lyrics/hemi head bd it.ttf</filename>
            <style>bold</style>
            <linespacing>0.85</linespacing>
            <size>54</size>
        </font>
        <font>
            <name>lyr19</name>
            <filename>lyrics/BOXING.ttf</filename>
            <style>lowercase</style>
            <linespacing>0.9</linespacing>
            <size>230</size>
        </font>
        <font>
            <name>lyr19b</name>
            <filename>lyrics/BOXING.ttf</filename>
            <style>lowercase</style>
            <linespacing>0.9</linespacing>
            <size>170</size>
        </font>
        <font>
            <name>lyr19c</name>
            <filename>lyrics/BOXING.ttf</filename>
            <style>lowercase</style>
            <linespacing>0.9</linespacing>
            <size>115</size>
        </font>
        <font>
            <name>lyr19d</name>
            <filename>lyrics/Fredoka One.ttf</filename>
            <linespacing>0.9</linespacing>
            <size>58</size>
        </font>
        <font>
            <name>lyr20</name>
            <filename>lyrics/SF Distant Galaxy.ttf</filename>
            <style>lowercase</style>
            <linespacing>0.9</linespacing>
            <size>120</size>
        </font>
        <font>
            <name>lyr20b</name>
            <filename>lyrics/Ranchers-Regular.ttf</filename>
            <aspect>1.4</aspect>
            <linespacing>0.9</linespacing>
            <size>50</size>
        </font>
    </include>
</includes>