<?xml version="1.0" encoding="utf-8"?>
<window id="125">
    <defaultcontrol>91</defaultcontrol>
    <animation effect="slide" start="0,708" end="0,0" time="300" tween="quadratic" easing="out">WindowOpen</animation>
    <animation effect="slide" start="0,0" end="0,708" time="300" tween="quadratic" easing="out">WindowClose</animation>
    <coordinates>
        <system>1</system>
        <left>0</left>
        <top>372</top>
    </coordinates>
    <controls>
        <control type="image">
            <width>1920</width>
            <height>708</height>
            <texture colordiffuse="background">$VAR[CommonBackgroundOverlay]</texture>
        </control>
        <control type="image">
            <top>8</top>
            <width>1920</width>
            <height>700</height>
            <texture colordiffuse="background">dialog.png</texture>
        </control>
        <control type="label" id="80">
            <include>HiddenObject</include>
        </control>
        <control type="label" id="81">
            <description>Info 01</description>
            <include>HiddenObject</include>
        </control>
        <control type="label" id="82">
            <description>Info 02</description>
            <include>HiddenObject</include>
        </control>
        <control type="list" id="10">
            <visible>true</visible>
            <left>50</left>
            <top>58</top>
            <width>1370</width>
            <height>600</height>
            <onup>91</onup>
            <onleft>91</onleft>
            <onright condition="Container(10).HasNext | Container(10).HasPrevious">60</onright>
            <onright condition="![Container(10).HasNext | Container(10).HasPrevious]">9001</onright>
            <ondown>91</ondown>
            <pagecontrol>60</pagecontrol>
            <scrolltime>200</scrolltime>
            <itemlayout height="60">
                <control type="label">
                    <width>1370</width>
                    <height>60</height>
                    <font>font14</font>
                    <selectedcolor>highlight</selectedcolor>
                    <textoffsetx>15</textoffsetx>
                    <info>ListItem.Label</info>
                </control>
                <control type="label">
                    <width>1370</width>
                    <height>60</height>
                    <align>right</align>
                    <font>font14</font>
                    <selectedcolor>highlight</selectedcolor>
                    <textoffsetx>15</textoffsetx>
                    <info>ListItem.Label2</info>
                </control>
            </itemlayout>
            <focusedlayout height="60">
                <control type="image">
                    <width>1370</width>
                    <height>60</height>
                    <visible>Control.HasFocus(10)</visible>
                    <texture>selecteditem_bg.png</texture>
                    <colordiffuse>highlight</colordiffuse>
                </control>
                <control type="label">
                    <width>1370</width>
                    <height>60</height>
                    <font>font14</font>
                    <textoffsetx>15</textoffsetx>
                    <info>ListItem.Label</info>
                </control>
                <control type="label">
                    <width>1370</width>
                    <height>60</height>
                    <align>right</align>
                    <font>font14</font>
                    <textoffsetx>15</textoffsetx>
                    <info>ListItem.Label2</info>
                </control>
            </focusedlayout>
        </control>
        <control type="scrollbar" id="60">
            <visible allowhiddenfocus="true">Control.HasFocus(60) | Control.HasFocus(10)</visible>
            <animation effect="fade" time="300" tween="sine" easing="inout" start="0" end="100">Visible</animation>
            <left>1430</left>
            <top>58</top>
            <width>10</width>
            <height>600</height>
            <onleft>10</onleft>
            <onright>91</onright>
        </control>
        <control type="grouplist" id="9001">
            <top>58</top>
            <left>1470</left>
            <height>140</height>
            <width>400</width>
            <onleft>10</onleft>
            <onright>10</onright>
            <itemgap>20</itemgap>
            <control type="button" id="90">
                <description>Clean button</description>
                <font>font15_title</font>
                <align>center</align>
                <width>400</width>
                <label />
                <texturenofocus colordiffuse="33787878">selecteditem_bg.png</texturenofocus>
            </control>
            <control type="button" id="91">
                <description>Exit button</description>
                <font>font15_title</font>
                <align>center</align>
                <width>400</width>
                <label />
                <texturenofocus colordiffuse="33787878">selecteditem_bg.png</texturenofocus>
            </control>
        </control>
    </controls>
</window>