<?xml version="1.0" encoding="UTF-8"?>
<window>
    <defaultcontrol always="true">9030</defaultcontrol>
    <onunload>RunScript(script.skinshortcuts,type=buildxml&amp;mode=single&amp;options=clonewidgets&amp;mainmenuID=9000&amp;group=mainmenu)</onunload>
    <controls>
        <include>CommonBackground</include>
        <control type="group">
            <include>MenuSlideAnimation</include>
            <top>0</top>
            <left>-430</left>
            <control type="group">
                <left>550</left>
                <top>180</top>
                <include>Animation.Common</include>
                <control type="list" id="9030">
                    <left>70</left>
                    <top>0</top>
                    <width>356</width>
                    <height>840</height>
                    <onleft>9000</onleft>
                    <onright condition="!Container(9030).HasFocus(9)">9040</onright>
                    <onup>9030</onup>
                    <ondown>9030</ondown>
                    <pagecontrol />
                    <scrolltime tween="quadratic" easing="out">200</scrolltime>
                    <include>SettingsFadeEffect</include>
                    <itemlayout height="90" width="356">
                        <control type="label">
                            <width>356</width>
                            <height>90</height>
                            <font>font15</font>
                            <textoffsetx>30</textoffsetx>
                            <selectedcolor>highlight</selectedcolor>
                            <align>right</align>
                            <label>$INFO[ListItem.Label]</label>
                        </control>
                    </itemlayout>
                    <focusedlayout height="90" width="356">
                        <control type="image">
                            <animation effect="fade" time="50" start="100" end="50" condition="!Control.HasFocus(9030)">Conditional</animation>
                            <width>356</width>
                            <height>90</height>
                            <texture>selecteditem_bg.png</texture>
                            <colordiffuse>highlight</colordiffuse>
                            <include>VisibleFadeEffect</include>
                        </control>
                        <control type="label">
                            <width>356</width>
                            <height>90</height>
                            <font>font15</font>
                            <textoffsetx>30</textoffsetx>
                            <align>right</align>
                            <label>$INFO[ListItem.Label]</label>
                        </control>
                    </focusedlayout>
                    <content>
                        <item id="1">
                            <label>513</label>
                            <icon />
                        </item>
                        <item id="2">
                            <label>31223</label>
                            <icon />
                        </item>
                        <item id="3">
                            <label>33069</label>
                            <icon />
                        </item>
                        <item id="6">
                            <label>31026</label>
                            <icon />
                        </item>
                    </content>
                </control>
                <control type="textbox">
                    <description>description area</description>
                    <left>494</left>
                    <top>742</top>
                    <width>1246</width>
                    <height>140</height>
                    <font>font15_textbox</font>
                    <textcolor>highlight</textcolor>
                    <label>$VAR[SkinSettingsDescriptionVar]</label>
                    <autoscroll time="3000" delay="4000" repeat="5000">true</autoscroll>
                    <animation effect="fade" start="0" end="100" time="300" tween="sine" easing="inout">Visible</animation>
                    <animation effect="fade" start="100" end="0" time="0" tween="sine" easing="inout">Hidden</animation>
                </control>
                <control type="group" id="9040">
                    <include>SettingsFadeEffect</include>
                    <control type="grouplist" id="9001">
                        <description>Home window control area</description>
                        <left>494</left>
                        <top>0</top>
                        <width>1246</width>
                        <height>720</height>
                        <itemgap>0</itemgap>
                        <onleft>9030</onleft>
                        <onright>9030</onright>
                        <onup>9001</onup>
                        <ondown>9001</ondown>
                        <visible>Container(9030).HasFocus(1)</visible>
                        <control type="button" id="100">
                            <include>SkinSettingsButtonDefaults</include>
                            <label>31911</label>
                            <onclick>RunScript(script.skinshortcuts,type=manage&amp;group=mainmenu)</onclick>
                        </control>
                        <control type="button" id="102">
                            <include>SkinSettingsButtonDefaults</include>
                            <label>31096</label>
                            <onclick>RunScript(script.skinshortcuts,type=resetall)</onclick>
                        </control>
                    </control>
                    <control type="list" id="9007">
                        <visible>Container(9030).HasFocus(2)</visible>
                        <left>494</left>
                        <top>0</top>
                        <width>1246</width>
                        <height>720</height>
                        <onleft>9030</onleft>
                        <onright>60</onright>
                        <onup>9007</onup>
                        <ondown>9007</ondown>
                        <viewtype label="535">list</viewtype>
                        <pagecontrol>60</pagecontrol>
                        <preloaditems>2</preloaditems>
                        <scrolltime tween="quadratic" easing="out">200</scrolltime>
                        <itemlayout height="90" width="1316">
                            <control type="image">
                                <left>10</left>
                                <top>10</top>
                                <width>70</width>
                                <height>70</height>
                                <aspectratio>keep</aspectratio>
                                <texture background="true" fallback="DefaultAddon.png">$INFO[ListItem.Icon]</texture>
                            </control>
                            <control type="label">
                                <textoffsetx>100</textoffsetx>
                                <include>SkinSettingsButtonDefaults</include>
                                <label>$INFO[ListItem.Label] $INFO[ListItem.Label2,(,)]</label>
                            </control>
                            <control type="label">
                                <include>SkinSettingsButtonDefaults</include>
                                <align>right</align>
                                <label>31165</label>
                                <visible>!String.IsEmpty(ListItem.Label2)</visible>
                            </control>
                            <control type="label">
                                <include>SkinSettingsButtonDefaults</include>
                                <align>right</align>
                                <label>31166</label>
                                <visible>String.IsEmpty(ListItem.Label2)</visible>
                            </control>
                        </itemlayout>
                        <focusedlayout height="90" width="1316">
                            <control type="image">
                                <width>1246</width>
                                <height>90</height>
                                <texture border="5" colordiffuse="highlight">selecteditem_bg.png</texture>
                                <visible>Control.HasFocus(9007)</visible>
                            </control>
                            <control type="image">
                                <left>10</left>
                                <top>10</top>
                                <width>70</width>
                                <height>70</height>
                                <aspectratio>keep</aspectratio>
                                <texture background="true" fallback="DefaultAddon.png">$INFO[ListItem.Icon]</texture>
                            </control>
                            <control type="label">
                                <textoffsetx>100</textoffsetx>
                                <include>SkinSettingsButtonDefaults</include>
                                <label>$INFO[ListItem.Label] $INFO[ListItem.Label2,(,)]</label>
                            </control>
                            <control type="label">
                                <include>SkinSettingsButtonDefaults</include>
                                <align>right</align>
                                <label>31165</label>
                                <visible>!String.IsEmpty(ListItem.Label2)</visible>
                            </control>
                            <control type="label">
                                <include>SkinSettingsButtonDefaults</include>
                                <align>right</align>
                                <label>31166</label>
                                <visible>String.IsEmpty(ListItem.Label2)</visible>
                            </control>
                        </focusedlayout>
                        <content>
                            <item id="1">
                                <icon>$INFO[System.AddonIcon(script.artistslideshow)]</icon>
                                <label>31170</label>
                                <label2>$INFO[System.AddonVersion(script.artistslideshow)]</label2>
                                <onclick condition="System.HasAddon(script.artistslideshow)">Addon.OpenSettings(script.artistslideshow)</onclick>
                                <onclick condition="!System.HasAddon(script.artistslideshow)">InstallAddon(script.artistslideshow)</onclick>
                            </item>
                            <item id="2">
                                <icon>$INFO[System.AddonIcon(script.artwork.downloader)]</icon>
                                <label>31225</label>
                                <label2>$INFO[System.AddonVersion(script.artwork.downloader)]</label2>
                                <onclick condition="System.HasAddon(script.artwork.downloader)">Addon.OpenSettings(script.artwork.downloader)</onclick>
                                <onclick condition="!System.HasAddon(script.artwork.downloader)">InstallAddon(script.artwork.downloader)</onclick>
                            </item>
                            <item id="3">
                                <icon>$INFO[System.AddonIcon(plugin.program.autocompletion)]</icon>
                                <label>31003</label>
                                <label2>$INFO[System.AddonVersion(plugin.program.autocompletion)]</label2>
                                <onclick condition="System.HasAddon(plugin.program.autocompletion)">Addon.OpenSettings(plugin.program.autocompletion)</onclick>
                                <onclick condition="!System.HasAddon(plugin.program.autocompletion)">InstallAddon(plugin.program.autocompletion)</onclick>
                            </item>
                            <item id="4">
                                <icon>$INFO[System.AddonIcon(resource.images.moviecountryicons.maps)]</icon>
                                <label>31278</label>
                                <label2>$INFO[System.AddonVersion(resource.images.moviecountryicons.maps)]</label2>
                                <onclick condition="System.HasAddon(resource.images.moviecountryicons.maps)">Addon.OpenSettings(resource.images.moviecountryicons.maps)</onclick>
                                <onclick condition="!System.HasAddon(resource.images.moviecountryicons.maps)">InstallAddon(resource.images.moviecountryicons.maps)</onclick>
                            </item>
                            <item id="5">
                                <icon>$INFO[System.AddonIcon(script.cu.lrclyrics)]</icon>
                                <label>31060</label>
                                <label2>$INFO[System.AddonVersion(script.cu.lrclyrics)]</label2>
                                <onclick condition="System.HasAddon(script.cu.lrclyrics)">Addon.OpenSettings(script.cu.lrclyrics)</onclick>
                                <onclick condition="!System.HasAddon(script.cu.lrclyrics)">InstallAddon(script.cu.lrclyrics)</onclick>
                            </item>
                            <item id="6">
                                <icon>$INFO[System.AddonIcon(script.extendedinfo)]</icon>
                                <label>31172</label>
                                <label2>$INFO[System.AddonVersion(script.extendedinfo)]</label2>
                                <onclick condition="System.HasAddon(script.extendedinfo)">Addon.OpenSettings(script.extendedinfo)</onclick>
                                <onclick condition="!System.HasAddon(script.extendedinfo)">InstallAddon(script.extendedinfo)</onclick>
                            </item>
                            <item id="7">
                                <icon>$INFO[System.AddonIcon(script.globalsearch)]</icon>
                                <label>31173</label>
                                <label2>$INFO[System.AddonVersion(script.globalsearch)]</label2>
                                <onclick condition="System.HasAddon(script.globalsearch)">Addon.OpenSettings(script.globalsearch)</onclick>
                                <onclick condition="!System.HasAddon(script.globalsearch)">InstallAddon(script.globalsearch)</onclick>
                            </item>
                            <item id="8">
                                <icon>$INFO[System.AddonIcon(script.image.resource.select)]</icon>
                                <label>31175</label>
                                <label2>$INFO[System.AddonVersion(script.image.resource.select)]</label2>
                                <onclick condition="System.HasAddon(script.image.resource.select)">Addon.OpenSettings(script.image.resource.select)</onclick>
                                <onclick condition="!System.HasAddon(script.image.resource.select)">InstallAddon(script.image.resource.select)</onclick>
                            </item>
                            <item id="9">
                                <icon>$INFO[System.AddonIcon(service.library.data.provider)]</icon>
                                <label>31176</label>
                                <label2>$INFO[System.AddonVersion(service.library.data.provider)]</label2>
                                <onclick condition="System.HasAddon(service.library.data.provider)">Addon.OpenSettings(service.library.data.provider)</onclick>
                                <onclick condition="!System.HasAddon(service.library.data.provider)">InstallAddon(service.library.data.provider)</onclick>
                            </item>
                            <item id="10">
                                <icon>$INFO[System.AddonIcon(service.nextup.notification)]</icon>
                                <label>31177</label>
                                <label2>$INFO[System.AddonVersion(service.nextup.notification)]</label2>
                                <onclick condition="System.HasAddon(service.nextup.notification)">Addon.OpenSettings(service.nextup.notification)</onclick>
                                <onclick condition="!System.HasAddon(service.nextup.notification)">InstallAddon(service.nextup.notification)</onclick>
                            </item>
                            <item id="11">
                                <icon>$INFO[System.AddonIcon(script.playalbum)]</icon>
                                <label>31192</label>
                                <label2>$INFO[System.AddonVersion(script.playalbum)]</label2>
                                <onclick condition="System.HasAddon(script.playalbum)">Addon.OpenSettings(script.playalbum)</onclick>
                                <onclick condition="!System.HasAddon(script.playalbum)">InstallAddon(script.playalbum)</onclick>
                            </item>
                            <item id="12">
                                <icon>$INFO[System.AddonIcon(script.ratingupdate)]</icon>
                                <label>31226</label>
                                <label2>$INFO[System.AddonVersion(script.ratingupdate)]</label2>
                                <onclick condition="System.HasAddon(script.ratingupdate)">Addon.OpenSettings(script.ratingupdate)</onclick>
                                <onclick condition="!System.HasAddon(script.ratingupdate)">InstallAddon(script.ratingupdate)</onclick>
                            </item>
                            <item id="13">
                                <icon>$INFO[System.AddonIcon(script.skinshortcuts)]</icon>
                                <label>31180</label>
                                <label2>$INFO[System.AddonVersion(script.skinshortcuts)]</label2>
                                <onclick condition="System.HasAddon(script.skinshortcuts)">Addon.OpenSettings(script.skinshortcuts)</onclick>
                                <onclick condition="!System.HasAddon(script.skinshortcuts)">InstallAddon(script.skinshortcuts)</onclick>
                            </item>
                            <item id="14">
                                <icon>$INFO[System.AddonIcon(resource.images.studios.squarehd)]</icon>
                                <label>31240</label>
                                <label2>$INFO[System.AddonVersion(resource.images.studios.squarehd)]</label2>
                                <onclick condition="System.HasAddon(resource.images.studios.squarehd)">Addon.OpenSettings(resource.images.studios.squarehd)</onclick>
                                <onclick condition="!System.HasAddon(resource.images.studios.squarehd)">InstallAddon(resource.images.studios.squarehd)</onclick>
                            </item>
                            <item id="15">
                                <icon>$INFO[System.AddonIcon(resource.images.studios.white)]</icon>
                                <label>31181</label>
                                <label2>$INFO[System.AddonVersion(resource.images.studios.white)]</label2>
                                <onclick condition="System.HasAddon(resource.images.studios.white)">Addon.OpenSettings(resource.images.studios.white)</onclick>
                                <onclick condition="!System.HasAddon(resource.images.studios.white)">InstallAddon(resource.images.studios.white)</onclick>
                            </item>
                            <item id="16">
                                <icon>$INFO[System.AddonIcon(script.toolbox)]</icon>
                                <label>31182</label>
                                <label2>$INFO[System.AddonVersion(script.toolbox)]</label2>
                                <onclick condition="System.HasAddon(script.toolbox)">Addon.OpenSettings(script.toolbox)</onclick>
                                <onclick condition="!System.HasAddon(script.toolbox)">InstallAddon(script.toolbox)</onclick>
                            </item>
                            <item id="17">
                                <icon>$INFO[System.AddonIcon(context.youtube.browser)]</icon>
                                <label>31002</label>
                                <label2>$INFO[System.AddonVersion(context.youtube.browser)]</label2>
                                <onclick condition="System.HasAddon(context.youtube.browser)">Addon.OpenSettings(context.youtube.browser)</onclick>
                                <onclick condition="!System.HasAddon(context.youtube.browser)">InstallAddon(context.youtube.browser)</onclick>
                            </item>
                        </content>
                    </control>
                    <control type="grouplist" id="9006">
                        <description>Backgrounds control area</description>
                        <left>494</left>
                        <top>0</top>
                        <width>1246</width>
                        <height>720</height>
                        <itemgap>0</itemgap>
                        <onleft>9030</onleft>
                        <onright>9030</onright>
                        <onup>9006</onup>
                        <ondown>9006</ondown>
                        <visible>Container(9030).HasFocus(3)</visible>
                        <control type="radiobutton" id="605">
                            <include>SkinSettingsButtonDefaults</include>
                            <label>31014</label>
                            <onclick>Skin.ToggleSetting(Disable.FanartBackground)</onclick>
                            <selected>!Skin.HasSetting(Disable.FanartBackground)</selected>
                        </control>
                        <control type="button" id="601">
                            <include>SkinSettingsButtonDefaults</include>
                            <label>31115</label>
                            <label2>$INFO[Skin.String(CustomBackground)]</label2>
                            <onclick>Skin.SetImage(CustomBackground,special://skin/backgrounds)</onclick>
                        </control>
                        <control type="button" id="604">
                            <include>SkinSettingsButtonDefaults</include>
                            <label>- $LOCALIZE[10035]</label>
                            <onclick>Skin.Reset(CustomBackground)</onclick>
                            <visible>!String.IsEmpty(Skin.String(CustomBackground))</visible>
                        </control>
                        <control type="button" id="607">
                            <include>SkinSettingsButtonDefaults</include>
                            <label>31276</label>
                            <label2>$INFO[Skin.String(CustomOverlay)]</label2>
                            <onclick>Skin.SetImage(CustomOverlay,special://skin/overlays)</onclick>
                        </control>
                        <control type="button" id="608">
                            <include>SkinSettingsButtonDefaults</include>
                            <label>- $LOCALIZE[10035]</label>
                            <onclick>Skin.Reset(CustomOverlay)</onclick>
                            <visible>!String.IsEmpty(Skin.String(CustomOverlay))</visible>
                        </control>
                        <control type="radiobutton" id="602">
                            <include>SkinSettingsButtonDefaults</include>
                            <label>31124</label>
                            <onclick>Skin.ToggleSetting(Disable.ShowBackgroundVideo)</onclick>
                            <selected>!Skin.HasSetting(Disable.ShowBackgroundVideo)</selected>
                        </control>
                        <control type="radiobutton" id="603">
                            <include>SkinSettingsButtonDefaults</include>
                            <label>31125</label>
                            <onclick>Skin.ToggleSetting(Disable.ShowBackgroundVis)</onclick>
                            <selected>!Skin.HasSetting(Disable.ShowBackgroundVis)</selected>
                        </control>
                    </control>
                    <!--<control type="grouplist" id="9002">
                        <description>General control area</description>
                        <left>494</left>
                        <top>0</top>
                        <width>1246</width>
                        <height>720</height>
                        <itemgap>0</itemgap>
                        <onleft>9030</onleft>
                        <onright>9030</onright>
                        <onup>9002</onup>
                        <ondown>9002</ondown>
                        <visible>Container(9030).HasFocus(4)</visible>
                        
                    </control>-->
                    <control type="grouplist" id="9003">
                        <description>Misc control area</description>
                        <left>494</left>
                        <top>0</top>
                        <width>1246</width>
                        <height>720</height>
                        <itemgap>0</itemgap>
                        <onleft>9030</onleft>
                        <onright>60</onright>
                        <onup>9003</onup>
                        <ondown>9003</ondown>
                        <pagecontrol>60</pagecontrol>
                        <visible>Container(9030).HasFocus(6)</visible>
                        <control type="radiobutton" id="300">
                            <include>SkinSettingsButtonDefaults</include>
                            <label>20189</label>
                            <onclick>Skin.ToggleSetting(Disable.AutoScroll)</onclick>
                            <selected>!Skin.HasSetting(Disable.AutoScroll)</selected>
                        </control>
                        <control type="button" id="303">
                            <include>SkinSettingsButtonDefaults</include>
                            <label>31943</label>
                            <onclick>ActivateWindow(1127)</onclick>
                        </control>
                        <control type="button" id="304">
                            <description>Busy Loader Image</description>
                            <include>SkinSettingsButtonDefaults</include>
                            <label>31130</label>
                            <label2>$INFO[Skin.String(busyloader)]</label2>
                            <onclick>Skin.SetImage(busyloader,special://skin/extras/spinners)</onclick>
                        </control>
                        <control type="button" id="301">
                            <include>SkinSettingsButtonDefaults</include>
                            <label>31006</label>
                            <label2>$INFO[Skin.String(MusicLibraryPath)]</label2>
                            <onclick>Skin.SetPath(MusicLibraryPath)</onclick>
                        </control>
                        <control type="button" id="302">
                            <include>SkinSettingsButtonDefaults</include>
                            <label>- $LOCALIZE[10035]</label>
                            <onclick>Skin.Reset(MusicLibraryPath)</onclick>
                            <visible>!IsEmpty(Skin.String(MusicLibraryPath))</visible>
                        </control>
                        <control type="radiobutton" id="306">
                            <description>Startup Playlist Path</description>
                            <include>SkinSettingsButtonDefaults</include>
                            <label>31254</label>
                            <onclick>Skin.ToggleSetting(Use_Startup_Playlist)</onclick>
                            <selected>Skin.HasSetting(Use_Startup_Playlist)</selected>
                        </control>
                        <control type="button" id="307">
                            <description>Startup Playlist Path</description>
                            <include>SkinSettingsButtonDefaults</include>
                            <label>15311</label>
                            <label2>$INFO[Skin.String(Startup_Playlist_Path)]</label2>
                            <onclick>Skin.SetFile(Startup_Playlist_Path,,special://MusicPlaylists/)</onclick>
                            <enable>Skin.HasSetting(Use_Startup_Playlist)</enable>
                        </control>
                    </control>
                </control>
            </control>
            <include>Submenu</include>
            <include>MainMenu</include>
            <include>Topbar</include>
        </control>
        <control type="scrollbar" id="60">
            <visible allowhiddenfocus="true">Control.HasFocus(60) | Container.Scrolling | Control.HasFocus(9007)</visible>
            <animation effect="fade" time="300" tween="sine" easing="inout" start="0" end="100">Visible</animation>
            <left>1910</left>
            <top>120</top>
            <width>10</width>
            <height>960</height>
            <onleft condition="Container(9030).HasFocus(2)">9007</onleft>
            <onright>9030</onright>
            <ondown>60</ondown>
            <onup>60</onup>
        </control>
    </controls>
</window>