<?xml version="1.0" encoding="UTF-8"?>
<window>
    <defaultcontrol always="true">9001</defaultcontrol>
    <animation effect="slide" start="0,708" end="0,0" time="300" tween="quadratic" easing="out">WindowOpen</animation>
    <animation effect="slide" start="0,0" end="0,708" time="300" tween="quadratic" easing="out">WindowClose</animation>
    <allowoverlay>no</allowoverlay>
    <coordinates>
        <system>1</system>
        <left>0</left>
        <top>372</top>
    </coordinates>
    <controls>
        <control type="group">
            <visible>!Window.IsVisible(selectdialog)</visible>
            <animation effect="slide" start="0,708" end="0,0" time="300" tween="quadratic" easing="out">Visible</animation>
            <animation effect="slide" start="0,0" end="0,708" time="300" tween="quadratic" easing="out">Hidden</animation>
            <control type="image">
                <width>1920</width>
                <height>708</height>
                <texture colordiffuse="background">$VAR[CommonBackgroundOverlay]</texture>
            </control>
            <control type="image">
                <top>8</top>
                <width>1920</width>
                <height>700</height>
                <texture colordiffuse="background">dialog.png</texture>
            </control>
            <control type="label" id="2">
                <include>HiddenObject</include>
            </control>
            <control type="button">
                <description>rules label</description>
                <left>50</left>
                <top>58</top>
                <width>1138</width>
                <height>60</height>
                <align>left</align>
                <label>21422</label>
                <font>font14_title</font>
                <textoffsetx>15</textoffsetx>
                <disabledcolor>highlight</disabledcolor>
                <enable>no</enable>
                <texturefocus />
            </control>
            <control type="group" id="9001">
                <control type="button" id="15">
                    <description>Rule Field</description>
                    <left>50</left>
                    <top>118</top>
                    <width>920</width>
                    <height>60</height>
                    <font />
                    <onright>16</onright>
                    <onleft>9000</onleft>
                    <onup>17</onup>
                    <ondown>17</ondown>
                </control>
                <control type="label">
                    <description>Rule Field label</description>
                    <left>50</left>
                    <top>118</top>
                    <width>920</width>
                    <height>60</height>
                    <font>font14</font>
                    <textoffsetx>15</textoffsetx>
                    <label>$INFO[Control.GetLabel(15)]</label>
                    <visible>!Control.HasFocus(15)</visible>
                </control>
                <control type="label">
                    <description>Rule Field label</description>
                    <left>50</left>
                    <top>118</top>
                    <width>920</width>
                    <height>60</height>
                    <font>font14</font>
                    <textoffsetx>15</textoffsetx>
                    <label>$INFO[Control.GetLabel(15)]</label>
                    <visible>Control.HasFocus(15)</visible>
                </control>
                <control type="button" id="16">
                    <description>Rule operator</description>
                    <left>1020</left>
                    <top>118</top>
                    <width>400</width>
                    <height>60</height>
                    <font />
                    <onright>9000</onright>
                    <onleft>15</onleft>
                    <onup>17</onup>
                    <ondown>17</ondown>
                </control>
                <control type="label">
                    <description>Rule Field label</description>
                    <left>1020</left>
                    <top>118</top>
                    <width>400</width>
                    <height>60</height>
                    <font>font14</font>
                    <textoffsetx>15</textoffsetx>
                    <label>$INFO[Control.GetLabel(16)]</label>
                    <visible>!Control.HasFocus(16)</visible>
                </control>
                <control type="label">
                    <description>Rule Field label</description>
                    <left>1020</left>
                    <top>118</top>
                    <width>400</width>
                    <height>60</height>
                    <font>font14</font>
                    <textoffsetx>15</textoffsetx>
                    <label>$INFO[Control.GetLabel(16)]</label>
                    <visible>Control.HasFocus(16)</visible>
                </control>
                <control type="edit" id="17">
                    <description>Value Button</description>
                    <left>50</left>
                    <top>178</top>
                    <width>920</width>
                    <label />
                    <onup>15</onup>
                    <onleft>9000</onleft>
                    <onright>20</onright>
                    <ondown>15</ondown>
                    <texturenofocus colordiffuse="33000000">selecteditem_bg.png</texturenofocus>
                </control>
                <control type="button" id="20">
                    <description>Browse Button</description>
                    <left>1020</left>
                    <top>178</top>
                    <width>400</width>
                    <label>1024</label>
                    <onup>16</onup>
                    <onleft>17</onleft>
                    <onright>9000</onright>
                    <ondown>15</ondown>
                </control>
            </control>
            <control type="grouplist" id="9000">
                <left>1470</left>
                <top>58</top>
                <width>400</width>
                <height>140</height>
                <onup>9000</onup>
                <ondown>9000</ondown>
                <onleft>9001</onleft>
                <onright>9001</onright>
                <itemgap>20</itemgap>
                <control type="button" id="18">
                    <description>OK button</description>
                    <width>400</width>
                    <label>186</label>
                    <font>font15_title</font>
                    <align>center</align>
                    <texturenofocus colordiffuse="33787878">selecteditem_bg.png</texturenofocus>
                </control>
                <control type="button" id="19">
                    <description>Cancel button</description>
                    <width>400</width>
                    <label>222</label>
                    <font>font15_title</font>
                    <align>center</align>
                    <texturenofocus colordiffuse="33787878">selecteditem_bg.png</texturenofocus>
                </control>
            </control>
        </control>
    </controls>
</window>