<?xml version="1.0" encoding="UTF-8"?>
<window>
    <coordinates>
        <system>1</system>
        <left>0</left>
        <top>0</top>
    </coordinates>
    <onload condition="Control.IsVisible(707)">SetFocus(707)</onload>
    <onload condition="!Control.IsVisible(707)">SetFocus(708)</onload>
    <controls>
        <control type="slider">
            <description>Seek Slider</description>
            <left>30</left>
            <top>1014</top>
            <width>1860</width>
            <height>37</height>
            <texturesliderbar />
            <textureslidernib />
            <textureslidernibfocus />
            <action>seek</action>
            <visible>!VideoPlayer.Content(LiveTV)</visible>
        </control>
        <control type="group">
            <animation effect="slide" end="0,-108" time="240" tween="quadratic" condition="Window.IsVisible(pvrchannelguide) | Window.IsVisible(PVROSDTeletext) | Window.IsVisible(PVROSDChannels) | Window.IsVisible(OSDVideoSettings) | Window.IsVisible(OSDAudioSettings) | Window.IsVisible(VideoBookmarks)">Conditional</animation>
            <animation effect="slide" start="0,-108" end="0,0" time="240" tween="quadratic">WindowOpen</animation>
            <animation effect="slide" end="0,-108" start="0,0" time="240" tween="quadratic">WindowClose</animation>
            <control type="image">
                <width>1920</width>
                <height>108</height>
                <texture colordiffuse="background">$VAR[CommonBackgroundOverlay]</texture>
            </control>
            <control type="image">
                <width>1920</width>
                <height>100</height>
                <texture colordiffuse="background">dialog.png</texture>
            </control>
            <control type="grouplist" id="202">
                <height>100</height>
                <width>FullScreenWidth</width>
                <align>center</align>
                <itemgap>0</itemgap>
                <scrolltime tween="sine">200</scrolltime>
                <orientation>horizontal</orientation>
                <onup>700</onup>
                <ondown condition="!Control.HasFocus(717)">719</ondown>
                <ondown condition="Control.HasFocus(717)">12000</ondown>
                <onleft>202</onleft>
                <onright>202</onright>
                <control type="button" id="700">
                    <label>k</label>
                    <align>center</align>
                    <width>100</width>
                    <height>100</height>
                    <font>IconMedium</font>
                    <onclick>ActivateWindow(osdaudiosettings)</onclick>
                </control>
                <control type="button" id="701">
                    <label>j</label>
                    <align>center</align>
                    <width>100</width>
                    <height>100</height>
                    <font>IconMedium</font>
                    <onclick>ActivateWindow(osdvideosettings)</onclick>
                </control>
                <control type="button" id="720">
                    <label>e</label>
                    <align>center</align>
                    <width>100</width>
                    <height>100</height>
                    <font>IconMedium</font>
                    <onclick>ActivateWindow(osdcmssettings)</onclick>
                    <visible>System.HasCMS</visible>
                </control>
                <control type="button" id="702">
                    <label>Q</label>
                    <align>center</align>
                    <width>100</width>
                    <height>100</height>
                    <font>IconMedium</font>
                    <onclick>ActivateWindow(videobookmarks)</onclick>
                    <visible>!VideoPlayer.Content(livetv)</visible>
                </control>
                <control type="button" id="703">
                    <label>c</label>
                    <align>center</align>
                    <width>100</width>
                    <height>100</height>
                    <font>IconMedium</font>
                    <onclick>PlayerControl(Previous)</onclick>
                    <visible>VideoPlayer.Content(livetv)</visible>
                </control>
                <control type="button" id="704">
                    <label>d</label>
                    <align>center</align>
                    <width>100</width>
                    <height>100</height>
                    <font>IconMedium</font>
                    <onclick>PlayerControl(Next)</onclick>
                    <visible>VideoPlayer.Content(livetv)</visible>
                </control>
                <control type="button" id="705">
                    <label>g</label>
                    <align>center</align>
                    <width>100</width>
                    <height>100</height>
                    <font>IconSmall</font>
                    <onclick>PlayerControl(Previous)</onclick>
                    <visible>!VideoPlayer.Content(livetv)</visible>
                </control>
                <control type="button" id="706">
                    <label>H</label>
                    <textoffsetx>32</textoffsetx>
                    <width>100</width>
                    <height>100</height>
                    <font>IconSmall</font>
                    <onclick>PlayerControl(Rewind)</onclick>
                    <visible>Player.SeekEnabled</visible>
                </control>
                <control type="togglebutton" id="707">
                    <label>K</label>
                    <altlabel>I</altlabel>
                    <align>center</align>
                    <width>100</width>
                    <height>100</height>
                    <font>IconSmall</font>
                    <usealttexture>Player.Paused | Player.Forwarding | Player.Rewinding</usealttexture>
                    <onclick>PlayerControl(Play)</onclick>
                    <visible>Player.PauseEnabled</visible>
                </control>
                <control type="button" id="708">
                    <label>J</label>
                    <align>center</align>
                    <width>100</width>
                    <height>100</height>
                    <font>IconSmall</font>
                    <onclick>PlayerControl(Stop)</onclick>
                </control>
                <control type="button" id="709">
                    <label>G</label>
                    <align>right</align>
                    <textoffsetx>32</textoffsetx>
                    <width>100</width>
                    <height>100</height>
                    <font>IconSmall</font>
                    <onclick>PlayerControl(Forward)</onclick>
                    <visible>Player.SeekEnabled</visible>
                </control>
                <control type="button" id="710">
                    <label>f</label>
                    <align>center</align>
                    <width>100</width>
                    <height>100</height>
                    <font>IconSmall</font>
                    <onclick>PlayerControl(Next)</onclick>
                    <visible>!VideoPlayer.Content(livetv)</visible>
                </control>
                <control type="button" id="711">
                    <label>V</label>
                    <align>center</align>
                    <width>100</width>
                    <height>100</height>
                    <font>IconMedium</font>
                    <onclick>PlayerControl(tempodown)</onclick>
                    <visible>Player.TempoEnabled</visible>
                </control>
                <control type="button" id="712">
                    <label>U</label>
                    <align>center</align>
                    <width>100</width>
                    <height>100</height>
                    <font>IconMedium</font>
                    <onclick>PlayerControl(tempoup)</onclick>
                    <visible>Player.TempoEnabled</visible>
                </control>
                <control type="button" id="713">
                    <label></label>
                    <align>center</align>
                    <width>100</width>
                    <height>100</height>
                    <font>IconSmall</font>
                    <onclick>PlayerControl(ShowVideoMenu)</onclick>
                    <visible>VideoPlayer.HasMenu + !VideoPlayer.Content(livetv)</visible>
                </control>
                <control type="button" id="714">
                    <label>Z</label>
                    <align>center</align>
                    <width>100</width>
                    <height>100</height>
                    <font>IconMedium</font>
                    <onclick>StereoMode</onclick>
                    <visible>VideoPlayer.IsStereoscopic</visible>
                </control>
                <control type="togglebutton" id="10">
                    <label>T</label>
                    <altlabel>T</altlabel>
                    <textcolor>$VAR[ColorRecordingVar]</textcolor>
                    <align>center</align>
                    <width>100</width>
                    <height>100</height>
                    <font>IconMedium</font>
                    <onclick>PlayerControl(Record)</onclick>
                    <enable>Player.CanRecord</enable>
                    <usealttexture>Player.Recording</usealttexture>
                    <visible>VideoPlayer.Content(livetv)</visible>
                </control>
                <control type="button" id="715">
                    <label>C</label>
                    <align>center</align>
                    <width>100</width>
                    <height>100</height>
                    <font>IconMedium</font>
                    <onclick>ActivateWindow(PVROSDChannels)</onclick>
                    <onclick>Dialog.Close(VideoOSD)</onclick>
                    <visible>VideoPlayer.Content(livetv)</visible>
                </control>
                <control type="button" id="716">
                    <label>Y</label>
                    <align>center</align>
                    <width>100</width>
                    <height>100</height>
                    <font>IconSmall</font>
                    <onclick>Close</onclick>
                    <onclick>ActivateWindow(tvguide,,return)</onclick>
                    <visible>VideoPlayer.Content(livetv)</visible>
                </control>
                <control type="button" id="717">
                    <label>o</label>
                    <align>center</align>
                    <width>100</width>
                    <height>100</height>
                    <font>IconMedium</font>
                    <visible>!VideoPlayer.Content(livetv)</visible>
                </control>
                <control type="button" id="718">
                    <label>P</label>
                    <align>center</align>
                    <width>100</width>
                    <height>100</height>
                    <font>IconSmall</font>
                    <onclick>ActivateWindow(Teletext)</onclick>
                    <visible>Pvr.HasTxt</visible>
                </control>
                <control type="button" id="719">
                    <label>n</label>
                    <align>center</align>
                    <width>100</width>
                    <height>100</height>
                    <font>IconMedium</font>
                    <onclick>Close</onclick>
                    <onclick>ActivateWindow(fullscreeninfo)</onclick>
                    <visible>VideoPlayer.Content(movies) | VideoPlayer.Content(episodes) | VideoPlayer.Content(files) | VideoPlayer.Content(livetv)</visible>
                </control>
            </control>
            <control type="label">
                <top>30</top>
                <left>1800</left>
                <width>100</width>
                <height>40</height>
                <font>font16</font>
                <label>$INFO[Player.Playspeed,,x]</label>
                <visible>Player.IsTempo</visible>
            </control>
            <control type="group" id="12000">
                <left>1127</left>
                <top>100</top>
                <visible>Control.HasFocus(717) | ControlGroup(12000).HasFocus</visible>
                <animation effect="fade" time="300">Visible</animation>
                <animation effect="fade" time="150">Hidden</animation>
                <animation effect="fade" time="100" delay="160">WindowOpen</animation>
                <animation effect="fade" time="100">WindowClose</animation>
                <animation effect="slide" time="0" end="50" condition="VideoPlayer.HasMenu">Conditional</animation>
                <animation effect="slide" time="0" end="50" condition="VideoPlayer.IsStereoscopic">Conditional</animation>
                <animation effect="slide" time="0" end="100" condition="Player.TempoEnabled">Conditional</animation>
                <control type="image">
                    <top>8</top>
                    <width>486</width>
                    <height>328</height>
                    <texture colordiffuse="background">$VAR[CommonBackgroundOverlay]</texture>
                </control>
                <control type="image">
                    <left>8</left>
                    <width>470</width>
                    <height>328</height>
                    <texture colordiffuse="background">dialog.png</texture>
                </control>
                <control type="grouplist" id="12100">
                    <left>8</left>
                    <top>8</top>
                    <width>470</width>
                    <height>320</height>
                    <itemgap>0</itemgap>
                    <onleft>717</onleft>
                    <onright>717</onright>
                    <onup>12100</onup>
                    <ondown>12100</ondown>
                    <orientation>vertical</orientation>
                    <control type="radiobutton" id="12104">
                        <width>470</width>
                        <height>80</height>
                        <label>$LOCALIZE[449]</label>
                        <textoffsetx>25</textoffsetx>
                        <onclick>ShowSubtitles</onclick>
                        <selected>VideoPlayer.SubtitlesEnabled + VideoPlayer.HasSubtitles</selected>
                        <enable>VideoPlayer.HasSubtitles</enable>
                    </control>
                    <control type="button" id="12101">
                        <description>Download with Subtitles script</description>
                        <width>470</width>
                        <height>80</height>
                        <label>33003</label>
                        <textoffsetx>25</textoffsetx>
                        <onclick>Dialog.Close(VideoOSD)</onclick>
                        <onclick>ActivateWindow(SubtitleSearch)</onclick>
                        <enable>!VideoPlayer.Content(LiveTV)</enable>
                    </control>
                    <control type="button" id="12102">
                        <width>470</width>
                        <height>80</height>
                        <label>$LOCALIZE[22006]</label>
                        <textoffsetx>25</textoffsetx>
                        <onclick>SubtitleDelay</onclick>
                        <enable>VideoPlayer.HasSubtitles + VideoPlayer.SubtitlesEnabled</enable>
                    </control>
                    <control type="button" id="12103">
                        <width>470</width>
                        <height>80</height>
                        <label>$LOCALIZE[21448]</label>
                        <label2>[UPPERCASE]$INFO[VideoPlayer.SubtitlesLanguage][/UPPERCASE]</label2>
                        <textoffsetx>25</textoffsetx>
                        <onclick>CycleSubtitle</onclick>
                        <enable>VideoPlayer.HasSubtitles + VideoPlayer.SubtitlesEnabled</enable>
                    </control>
                </control>
            </control>
        </control>
    </controls>
</window>