<?xml version="1.0" encoding="UTF-8"?>
<window>
    <defaultcontrol always="true">50</defaultcontrol>
    <menucontrol>9051</menucontrol>
    <allowoverlay>no</allowoverlay>
    <views>50,52,520,57,501</views>
    <onload>SetProperty(Window.HasSettings,True,home)</onload>
    <onload>ClearProperty(MediaMenu,Home)</onload>
    <onunload>ClearProperty(MediaMenu,Home)</onunload>
    <onunload>ClearProperty(Window.HasSettings,Home)</onunload>
    <controls>
        <include>CommonBackground</include>
        <control type="group">
            <include>View_50_List</include>
            <!-- view id = 50 -->
            <include>View_52_Thumbnail</include>
            <!-- view id = 52 -->
            <include>AddonWall</include>
            <!-- view id = 520 -->
            <include>ShiftFixedList</include>
            <!-- view id = 57 -->
            <include>AddonLowList</include>
            <!-- view id = 501 -->
        </control>
        <include>Topbar</include>
        <control type="group">
            <left>-440</left>
            <include>SideBladeLeft</include>
            <control type="grouplist" id="9050">
                <include>MediaMenuTop</include>
                <control type="radiobutton" id="7">
                    <description>Hide foreign</description>
                    <include>ButtonCommonValues</include>
                    <label>25001</label>
                    <visible>Control.IsEnabled(7)</visible>
                </control>
                <control type="radiobutton" id="8">
                    <description>Hide incompatible</description>
                    <include>ButtonCommonValues</include>
                    <label>24999</label>
                    <visible>Control.IsEnabled(8)</visible>
                </control>
                <control type="label" id="201">
                    <width>400</width>
                    <height>60</height>
                    <textoffsetx>15</textoffsetx>
                    <font>font13_title</font>
                    <textcolor>highlight</textcolor>
                    <label>31039</label>
                </control>
                <control type="button" id="9">
                    <description>Check for updates</description>
                    <include>ButtonCommonValues</include>
                    <label>24034</label>
                </control>
                <control type="button" id="208">
                    <include>ButtonCommonValues</include>
                    <label>[LOWERCASE]$INFO[Window.Property(Updated)][/LOWERCASE]</label>
                    <visible>!String.IsEmpty(Window.Property(Updated))</visible>
                    <enable>False</enable>
                </control>
                <control type="button" id="5">
                    <description>Settings</description>
                    <include>ButtonCommonValues</include>
                    <label>5</label>
                </control>
                <include>QuicknavButton</include>
                <include>PlaylistButtons</include>
                <include content="MenuPlayerControls">
                    <param name="PlayerControlsOnDown" value="1802" />
                </include>
            </control>
            <include condition="!Skin.HasSetting(Disable.Quicknav)">QuicknavMenu</include>
        </control>
    </controls>
</window>