<?xml version="1.0" encoding="UTF-8"?>
<window>
    <defaultcontrol always="true">5</defaultcontrol>
    <coordinates>
        <system>1</system>
        <left>399</left>
        <top>180</top>
    </coordinates>
    <include>Animation.Dialog</include>
    <controls>
        <control type="group">
            <include content="DialogBackgroundCommons">
                <param name="DialogBackgroundWidth" value="1122" />
                <param name="DialogBackgroundHeight" value="720" />
                <param name="DialogHeaderLabel" value="$LOCALIZE[13406]" />
                <param name="DialogHeaderId" value="2" />
            </include>
            <control type="list" id="5">
                <left>31</left>
                <top>88</top>
                <width>1058</width>
                <height>600</height>
                <onup>5</onup>
                <ondown>5</ondown>
                <onleft>60</onleft>
                <onright>60</onright>
                <pagecontrol>60</pagecontrol>
                <scrolltime tween="quadratic" easing="out">200</scrolltime>
                <itemlayout height="60" width="1058">
                    <control type="label">
                        <width>1058</width>
                        <height>60</height>
                        <font>font15</font>
                        <label>$INFO[ListItem.Label]</label>
                        <textoffsetx>15</textoffsetx>
                    </control>
                    <control type="label">
                        <width>1058</width>
                        <height>60</height>
                        <font>font15</font>
                        <align>right</align>
                        <label>$INFO[ListItem.Label2]</label>
                        <textoffsetx>15</textoffsetx>
                    </control>
                </itemlayout>
                <focusedlayout height="60" width="1058">
                    <control type="image">
                        <width>1058</width>
                        <height>60</height>
                        <texture border="5">listselect_fo.png</texture>
                        <colordiffuse>highlight</colordiffuse>
                        <visible>Control.HasFocus(5)</visible>
                        <include>VisibleFadeEffect</include>
                    </control>
                    <control type="label">
                        <width>1058</width>
                        <height>60</height>
                        <font>font15</font>
                        <label>$INFO[ListItem.Label]</label>
                        <textoffsetx>15</textoffsetx>
                    </control>
                    <control type="label">
                        <width>1058</width>
                        <height>60</height>
                        <font>font15</font>
                        <align>right</align>
                        <label>$INFO[ListItem.Label2]</label>
                        <textoffsetx>15</textoffsetx>
                    </control>
                </focusedlayout>
            </control>
            <control type="scrollbar" id="60">
                <left>1091</left>
                <top>88</top>
                <height>600</height>
                <width>10</width>
                <onleft>5</onleft>
                <onright>5</onright>
                <ondown>60</ondown>
                <onup>60</onup>
            </control>
        </control>
    </controls>
</window>