<?xml version="1.0" encoding="UTF-8"?>
<window>
    <defaultcontrol always="true">9000</defaultcontrol>
    <allowoverlay>no</allowoverlay>
    <controls>
        <control type="image">
            <include>FullscreenDimensions</include>
            <aspectratio align="center">scale</aspectratio>
            <texture background="true" fallback="special://skin/backgrounds/default_bg.jpg">$INFO[Skin.String(CustomBackground)]</texture>
        </control>
        <control type="image">
            <include>FullscreenDimensions</include>
            <aspectratio align="center">scale</aspectratio>
            <texture background="true" fallback="black.png">$INFO[Window.Property(fanart)]</texture>
        </control>
        <control type="image">
            <include>FullscreenDimensions</include>
            <texture>background.png</texture>
            <colordiffuse>background</colordiffuse>
        </control>
        <control type="group">
            <include>Animation.Common</include>
            <control type="image">
                <top>190</top>
                <left>72</left>
                <width>560</width>
                <height>820</height>
                <aspectratio align="center" aligny="center" scalediffuse="false">scale</aspectratio>
                <texture background="true" diffuse="diffuse/videoinfo-poster.png">$INFO[Window.Property(Poster)]</texture>
            </control>
            <control type="image">
                <top>190</top>
                <left>72</left>
                <width>560</width>
                <height>820</height>
                <aspectratio align="center" aligny="center" scalediffuse="false">scale</aspectratio>
                <texture background="true" diffuse="diffuse/videoinfo-poster.png">$INFO[Window.Property(set.thumb)]</texture>
                <animation effect="fade" start="0" end="100" time="500" tween="sine" easing="inout">VisibleChange</animation>
                <visible>Integer.IsGreater(Container(250).NumItems,0) + ControlGroup(9000).HasFocus(208) + !String.IsEmpty(Window.Property(Set)) + !String.IsEmpty(Window.Property(set.thumb))</visible>
            </control>
            <control type="image">
                <top>180</top>
                <left>1600</left>
                <width>300</width>
                <height>80</height>
                <aspectratio>keep</aspectratio>
                <texture>addons/tmdb.png</texture>
                <colordiffuse>33ffffff</colordiffuse>
            </control>
        </control>
        <control type="group">
            <include>Animation.Common</include>
            <left>703</left>
            <control type="group">
                <top>60</top>
                <width>1150</width>
                <height>854</height>
                <control type="panel" id="9900">
                    <left>5</left>
                    <top>118</top>
                    <width>1150</width>
                    <height>300</height>
                    <orientation>horizontal</orientation>
                    <pagecontrol>61</pagecontrol>
                    <scrolltime tween="quadratic" easing="out">200</scrolltime>
                    <itemlayout height="50" width="1150">
                        <control type="label">
                            <width>180</width>
                            <height>50</height>
                            <font>font15</font>
                            <textcolor>highlight</textcolor>
                            <label>$INFO[ListItem.Label2]</label>
                        </control>
                        <control type="label">
                            <left>180</left>
                            <width>970</width>
                            <height>50</height>
                            <font>font15</font>
                            <label>$INFO[ListItem.Label]</label>
                        </control>
                    </itemlayout>
                    <focusedlayout height="50" width="1150">
                        <control type="label">
                            <width>180</width>
                            <height>50</height>
                            <font>font15</font>
                            <textcolor>highlight</textcolor>
                            <label>$INFO[ListItem.Label2]</label>
                        </control>
                        <control type="label">
                            <left>180</left>
                            <width>970</width>
                            <height>50</height>
                            <font>font15</font>
                            <textcolor>maintext</textcolor>
                            <label>$INFO[ListItem.Label]</label>
                        </control>
                    </focusedlayout>
                    <content>
                        <item>
                            <label>$INFO[Window.Property(year)]</label>
                            <label2>$LOCALIZE[345]:</label2>
                            <visible>!String.IsEmpty(Window.Property(year))</visible>
                        </item>
                        <item>
                            <label>$INFO[Window.Property(releasedate)]</label>
                            <label2>$LOCALIZE[20416]:</label2>
                            <visible>!String.IsEmpty(Window.Property(releasedate))</visible>
                        </item>
                        <item>
                            <label>$INFO[Window.Property(mpaa),$LOCALIZE[31191] ]</label>
                            <label2>$LOCALIZE[31189]:</label2>
                            <visible>!String.IsEmpty(Window.Property(mpaa))</visible>
                        </item>
                        <item>
                            <label>$INFO[Window.Property(Duration),, [LOWERCASE]$LOCALIZE[12391][/LOWERCASE]]</label>
                            <label2>$LOCALIZE[180]:</label2>
                            <visible>!String.IsEqual(Window.Property(Duration),0) + !String.IsEmpty(Window.Property(Duration))</visible>
                        </item>
                        <item>
                            <label>$INFO[Window.Property(Top250),#]</label>
                            <label2>$LOCALIZE[13409]:</label2>
                            <visible>!String.IsEmpty(Window.Property(Top250))</visible>
                        </item>
                        <item>
                            <label>$INFO[Window.Property(rating)]$INFO[Window.Property(votes), (, [LOWERCASE]$LOCALIZE[205][/LOWERCASE])]</label>
                            <label2>$LOCALIZE[563]:</label2>
                            <visible>!String.IsEmpty(Window.Property(rating))</visible>
                        </item>
                        <item>
                            <label>$INFO[Window.Property(genre)]</label>
                            <label2>$LOCALIZE[515]:</label2>
                            <visible>!String.IsEmpty(Window.Property(genre))</visible>
                        </item>
                        <item>
                            <label>$INFO[Window.Property(studio)]</label>
                            <label2>$LOCALIZE[572]:</label2>
                            <visible>!String.IsEmpty(Window.Property(studio))</visible>
                        </item>
                        <item>
                            <label>$INFO[Window.Property(director)]</label>
                            <label2>$LOCALIZE[20339]:</label2>
                            <visible>!String.IsEmpty(Window.Property(director))</visible>
                        </item>
                        <item>
                            <label>$INFO[Window.Property(writer)]</label>
                            <label2>$LOCALIZE[20417]:</label2>
                            <visible>!String.IsEmpty(Window.Property(writer))</visible>
                        </item>
                        <item>
                            <label>$INFO[Window.Property(AudioLanguage.1)]</label>
                            <label2>$LOCALIZE[292]:</label2>
                            <visible>!String.IsEmpty(Window.Property(DBID)) + !String.IsEmpty(Window.Property(AudioLanguage.1))</visible>
                        </item>
                        <item>
                            <label>$INFO[Window.Property(SubtitleLanguage.1)]</label>
                            <label2>$LOCALIZE[462]:</label2>
                            <visible>!String.IsEmpty(Window.Property(DBID)) + !String.IsEmpty(Window.Property(SubtitleLanguage.1))</visible>
                        </item>
                        <item>
                            <label>$INFO[Window.Property(country)]</label>
                            <label2>$LOCALIZE[574]:</label2>
                            <visible>!String.IsEmpty(Window.Property(country))</visible>
                        </item>
                        <item>
                            <label>$INFO[Window.Property(playcount)]</label>
                            <label2>$LOCALIZE[567]:</label2>
                            <visible>!String.IsEmpty(Window.Property(DBID)) + !String.IsEmpty(Window.Property(playcount))</visible>
                        </item>
                        <item>
                            <label>$INFO[Window.Property(PercentPlayed),(,%)]</label>
                            <label2>$LOCALIZE[575]:</label2>
                            <visible>!String.IsEmpty(Window.Property(DBID)) + Integer.IsGreater(Window.Property(PercentPlayed),0)</visible>
                        </item>
                        <item>
                            <label>$INFO[Window.Property(lastplayed)]</label>
                            <label2>$LOCALIZE[568]:</label2>
                            <visible>!String.IsEmpty(Window.Property(DBID)) + !String.IsEmpty(Window.Property(lastplayed))</visible>
                        </item>
                        <item>
                            <label>$INFO[Window.Property(Budget),$]</label>
                            <label2>$ADDON[script.extendedinfo 32109]:</label2>
                            <visible>!String.IsEmpty(Window.Property(Budget))</visible>
                        </item>
                        <item>
                            <label>$INFO[Window.Property(Revenue),$]</label>
                            <label2>$ADDON[script.extendedinfo 32108]:</label2>
                            <visible>!String.IsEmpty(Window.Property(Revenue))</visible>
                        </item>                     
                    </content>
                </control>
                <control type="scrollbar" id="61">
                    <visible allowhiddenfocus="true">Control.HasFocus(61)</visible>
                    <left>2</left>
                    <top>430</top>
                    <width>1145</width>
                    <height>10</height>
                    <onup>9000</onup>
                    <ondown>9000</ondown>
                    <onleft>61</onleft>
                    <onright>61</onright>
                    <orientation>horizontal</orientation>
                </control>
                <control type="textbox" id="800">
                    <description>Plot</description>
                    <left>5</left>
                    <top>535</top>
                    <width>1120</width>
                    <height>352</height>
                    <font>font15_textbox</font>
                    <label fallback="161">$INFO[Window.Property(Plot)]</label>
                    <pagecontrol>60</pagecontrol>
                    <autoscroll time="3000" delay="6000" repeat="6000">!Skin.HasSetting(Disable.AutoScroll)</autoscroll>
                    <animation effect="fade" time="300" start="0" end="100" delay="100">Visible</animation>
                    <visible>ControlGroup(9000).HasFocus(205) | ControlGroup(9000).HasFocus(8) | ControlGroup(9000).HasFocus(120) | [!ControlGroup(9000).HasFocus() + ![Control.HasFocus(150) | Control.HasFocus(250) | Control.HasFocus(750) | Control.HasFocus(1000) | Control.HasFocus(1150) | Control.HasFocus(1250) | Control.HasFocus(1350) | Control.HasFocus(61)]] | [ControlGroup(9000).HasFocus(205) + Control.HasFocus(61)]</visible>
                </control>                
                <control type="scrollbar" id="60">
                    <visible allowhiddenfocus="true">Control.HasFocus(60)</visible>
                    <left>1140</left>
                    <top>545</top>
                    <width>10</width>
                    <height>330</height>
                    <onleft>9000</onleft>
                    <onright>9000</onright>
                    <orientation>vertical</orientation>
                </control>
                <control type="grouplist">
                    <visible>!String.IsEmpty(Window.Property(DBID)) + [ControlGroup(9000).HasFocus(205) | [!ControlGroup(9000).HasFocus() + ![Control.HasFocus(150) | Control.HasFocus(250) | Control.HasFocus(750) | Control.HasFocus(1000) | Control.HasFocus(1150) | Control.HasFocus(1250) | Control.HasFocus(1350) | Control.HasFocus(61)]]]</visible>
                    <animation effect="fade" time="300" start="0" end="100" delay="100">Visible</animation>
                    <left>0</left>
                    <top>890</top>
                    <width>840</width>
                    <height>80</height>
                    <itemgap>20</itemgap>
                    <align>left</align>
                    <orientation>horizontal</orientation>
                    <include>VisibleFadeEffect</include>
                    <control type="image">
                        <height>80</height>
                        <include>MediaFlagVars</include>
                        <texture>$INFO[Window.Property(VideoResolution),flags/resolution/,.png]</texture>
                        <visible>!String.IsEmpty(Window.Property(VideoResolution))</visible>
                    </control>
                    <control type="image">
                        <height>80</height>
                        <include>MediaFlagVars</include>
                        <texture>$INFO[Window.Property(VideoCodec),flags/video/,.png]</texture>
                        <visible>!String.IsEmpty(Window.Property(VideoCodec))</visible>
                    </control>
                    <control type="image">
                        <height>80</height>
                        <include>MediaFlagVars</include>
                        <texture>$INFO[Window.Property(VideoAspect),flags/aspectratio/,.png]</texture>
                        <visible>!String.IsEmpty(Window.Property(VideoAspect))</visible>
                    </control>
                    <control type="image">
                        <height>80</height>
                        <include>MediaFlagVars</include>
                        <texture>$INFO[Window.Property(AudioCodec),flags/audio/,.png]</texture>
                        <visible>!String.IsEmpty(Window.Property(AudioCodec))</visible>
                    </control>
                    <control type="image">
                        <height>80</height>
                        <width>100</width>
                        <include>MediaFlagVars</include>
                        <texture>$INFO[Window.Property(AudioChannels),flags/channels/,.png]</texture>
                        <visible>!String.IsEmpty(Window.Property(AudioChannels))</visible>
                    </control>
                    <control type="image">
                        <height>80</height>
                        <width>100</width>
                        <include>MediaFlagVars</include>
                        <texture>flags/cc.png</texture>
                        <visible>!String.IsEmpty(Window.Property(SubtitleLanguage.1))</visible>
                    </control>
                </control>
                <control type="group">
                    <visible>!String.IsEmpty(Window.Property(DBID)) + String.IsEqual(Window.Property(Type),tvshow) + [ControlGroup(9000).HasFocus(205) | [!ControlGroup(9000).HasFocus() + ![Control.HasFocus(150) | Control.HasFocus(250) | Control.HasFocus(750) | Control.HasFocus(1000) | Control.HasFocus(1150) | Control.HasFocus(1250) | Control.HasFocus(1350) | Control.HasFocus(61)]]]</visible>
                    <animation effect="fade" time="300" start="0" end="100" delay="100">Visible</animation>
                    <top>875</top>
                    <control type="group">
                        <visible>!String.IsEmpty(Window.Property(TotalSeasons))</visible>
                        <width>200</width>
                        <control type="label">
                            <left>0</left>
                            <top>4</top>
                            <width>200</width>
                            <height>60</height>
                            <align>center</align>
                            <label>$INFO[Window.Property(TotalSeasons)]</label>
                            <font>font16</font>
                            <wrapmultiline>true</wrapmultiline>
                        </control>
                        <control type="label">
                            <top>52</top>
                            <width>200</width>
                            <height>30</height>
                            <align>center</align>
                            <label>[LOWERCASE]$VAR[OneOrMoreSeasonsExtVar][/LOWERCASE]</label>
                            <font>font12</font>
                        </control>
                    </control>
                    <control type="group">
                        <visible>!String.IsEmpty(Window.Property(TotalEpisodes))</visible>
                        <left>200</left>
                        <width>200</width>
                        <control type="label">
                            <left>0</left>
                            <top>4</top>
                            <width>200</width>
                            <height>60</height>
                            <align>center</align>
                            <label>$INFO[Window.Property(TotalEpisodes)]</label>
                            <font>font16</font>
                            <wrapmultiline>true</wrapmultiline>
                        </control>
                        <control type="label">
                            <top>52</top>
                            <width>200</width>
                            <height>30</height>
                            <align>center</align>
                            <label>[LOWERCASE]$VAR[OneOrMoreEpisodesExtVar][/LOWERCASE]</label>
                            <font>font12</font>
                        </control>
                    </control>
                </control>
                <control type="group">
                    <visible>Integer.IsGreater(Container(150).NumItems,0)</visible>
                    <animation effect="fade" time="320" delay="300">Visible</animation>
                    <control type="image">
                        <visible>Control.HasFocus(150)</visible>
                        <left>-9</left>
                        <top>531</top>
                        <width>301</width>
                        <height>430</height>
                        <animation effect="fade" time="320" delay="200">Visible</animation>
                        <animation effect="fade" time="200">Hidden</animation>
                        <texture colordiffuse="highlight" border="5">listselect_fo.png</texture>
                        <animation effect="slide" end="289,0" time="300" tween="cubic" easing="inout" condition="Integer.IsGreater(Container(150).Column,2)">Conditional</animation>
                        <animation effect="slide" end="289,0" time="300" tween="cubic" easing="inout" condition="Integer.IsGreater(Container(150).Column,1)">Conditional</animation>
                        <animation effect="slide" end="289,0" time="300" tween="cubic" easing="inout" condition="Integer.IsGreater(Container(150).Column,0)">Conditional</animation>
                    </control>
                </control>
                <control type="panel" id="150">
                    <description>Set</description>
                    <left>-3</left>
                    <top>505</top>
                    <width>1156</width>
                    <height>450</height>
                    <onleft>150</onleft>
                    <onright>150</onright>
                    <onup>9000</onup>
                    <ondown>9000</ondown>
                    <orientation>horizontal</orientation>
                    <scrolltime tween="quadratic" easing="out">300</scrolltime>
                    <visible>Integer.IsGreater(Container(150).NumItems,0) + [ControlGroup(9000).HasFocus(207) | Control.HasFocus(150)]</visible>
                    <animation effect="fade" start="0" end="100" time="500" tween="sine" easing="inout">VisibleChange</animation>
                    <itemlayout height="450" width="289">
                        <control type="group">
                            <top>32</top>
                            <control type="image">
                                <top>6</top>
                                <left>6</left>
                                <width>277</width>
                                <height>406</height>
                                <aspectratio align="center" aligny="center" scalediffuse="false">scale</aspectratio>
                                <texture background="true" fallback="DefaultFallbackMovies.png" diffuse="diffuse/videoinfo-actor.png">$INFO[ListItem.Art(thumb)]</texture>
                            </control>
                            <control type="image">
                                <top>6</top>
                                <left>6</left>
                                <width>277</width>
                                <height>406</height>
                                <texture border="5">overlays/diffuse-overlay.png</texture>
                            </control>
                            <include content="OverlayExtendedInfo">
                                <param name="OverlayExtendedLeft" value="217" />
                                <param name="OverlayExtendedTop" value="10" />
                            </include>
                        </control>
                    </itemlayout>
                    <focusedlayout height="450" width="289">
                        <control type="group">
                            <top>32</top>
                            <include>PanelFocusedItemZoom</include>
                            <control type="image">
                                <top>6</top>
                                <left>6</left>
                                <width>277</width>
                                <height>406</height>
                                <aspectratio align="center" aligny="center" scalediffuse="false">scale</aspectratio>
                                <texture background="true" fallback="DefaultFallbackMovies.png" diffuse="diffuse/videoinfo-actor.png">$INFO[ListItem.Art(thumb)]</texture>
                            </control>
                            <control type="image">
                                <animation center="auto" condition="Control.HasFocus(150)" easing="inout" effect="fade" end="0" start="100" time="300" tween="sine">Focus</animation>
                                <animation center="auto" condition="Control.HasFocus(150)" easing="inout" effect="fade" end="100" start="0" time="300" tween="sine">UnFocus</animation>
                                <top>6</top>
                                <left>6</left>
                                <width>277</width>
                                <height>406</height>
                                <texture border="5">overlays/diffuse-overlay.png</texture>
                            </control>
                            <include content="OverlayExtendedInfo">
                                <param name="OverlayExtendedLeft" value="217" />
                                <param name="OverlayExtendedTop" value="10" />
                            </include>
                        </control>
                    </focusedlayout>
                </control>
                <control type="group">
                    <visible>Integer.IsGreater(Container(250).NumItems,0)</visible>
                    <animation effect="fade" time="320" delay="300">Visible</animation>
                    <control type="image">
                        <visible>Control.HasFocus(250)</visible>
                        <left>-9</left>
                        <top>531</top>
                        <width>301</width>
                        <height>430</height>
                        <animation effect="fade" time="320" delay="200">Visible</animation>
                        <animation effect="fade" time="200">Hidden</animation>
                        <texture colordiffuse="highlight" border="5">listselect_fo.png</texture>
                        <animation effect="slide" end="289,0" time="300" tween="cubic" easing="inout" condition="Integer.IsGreater(Container(250).Column,2)">Conditional</animation>
                        <animation effect="slide" end="289,0" time="300" tween="cubic" easing="inout" condition="Integer.IsGreater(Container(250).Column,1)">Conditional</animation>
                        <animation effect="slide" end="289,0" time="300" tween="cubic" easing="inout" condition="Integer.IsGreater(Container(250).Column,0)">Conditional</animation>
                    </control>
                </control>
                <control type="panel" id="250">
                    <description>Set</description>
                    <left>-3</left>
                    <top>505</top>
                    <width>1156</width>
                    <height>450</height>
                    <onleft>250</onleft>
                    <onright>250</onright>
                    <onup>9000</onup>
                    <ondown>9000</ondown>
                    <orientation>horizontal</orientation>
                    <scrolltime tween="quadratic" easing="out">300</scrolltime>
                    <visible>Integer.IsGreater(Container(250).NumItems,0) + [ControlGroup(9000).HasFocus(208) | Control.HasFocus(250)]</visible>
                    <animation effect="fade" start="0" end="100" time="500" tween="sine" easing="inout">VisibleChange</animation>
                    <itemlayout height="450" width="289">
                        <control type="group">
                            <top>32</top>
                            <control type="image">
                                <top>6</top>
                                <left>6</left>
                                <width>277</width>
                                <height>406</height>
                                <aspectratio align="center" aligny="center" scalediffuse="false">scale</aspectratio>
                                <texture background="true" fallback="DefaultFallbackMovies.png" diffuse="diffuse/videoinfo-actor.png">$INFO[ListItem.Art(thumb)]</texture>
                            </control>
                            <control type="image">
                                <top>6</top>
                                <left>6</left>
                                <width>277</width>
                                <height>406</height>
                                <texture border="5">overlays/diffuse-overlay.png</texture>
                            </control>
                            <include content="OverlayExtendedInfo">
                                <param name="OverlayExtendedLeft" value="217" />
                                <param name="OverlayExtendedTop" value="10" />
                            </include>
                        </control>
                    </itemlayout>
                    <focusedlayout height="450" width="289">
                        <control type="group">
                            <top>32</top>
                            <include>PanelFocusedItemZoom</include>
                            <control type="image">
                                <top>6</top>
                                <left>6</left>
                                <width>277</width>
                                <height>406</height>
                                <aspectratio align="center" aligny="center" scalediffuse="false">scale</aspectratio>
                                <texture background="true" fallback="DefaultFallbackMovies.png" diffuse="diffuse/videoinfo-actor.png">$INFO[ListItem.Art(thumb)]</texture>
                            </control>
                            <control type="image">
                                <animation center="auto" condition="Control.HasFocus(250)" easing="inout" effect="fade" end="0" start="100" time="300" tween="sine">Focus</animation>
                                <animation center="auto" condition="Control.HasFocus(250)" easing="inout" effect="fade" end="100" start="0" time="300" tween="sine">UnFocus</animation>
                                <top>6</top>
                                <left>6</left>
                                <width>277</width>
                                <height>406</height>
                                <texture border="5">overlays/diffuse-overlay.png</texture>
                            </control>
                            <include content="OverlayExtendedInfo">
                                <param name="OverlayExtendedLeft" value="217" />
                                <param name="OverlayExtendedTop" value="10" />
                            </include>
                        </control>
                    </focusedlayout>
                </control>
                <control type="panel" id="350">
                    <description>Youtube Videos</description>
                    <visible>false</visible>
                </control>
                <control type="panel" id="450">
                    <description>Lists from MovieDB Users</description>
                    <visible>false</visible>
                </control>
                <control type="panel" id="550">
                    <description>Production Companies</description>
                    <visible>false</visible>
                </control>
                <control type="panel" id="650">
                    <description>Releases</description>
                    <visible>false</visible>
                </control>
                <control type="group">
                    <visible>Integer.IsGreater(Container(750).NumItems,0)</visible>
                    <animation effect="fade" time="320" delay="300">Visible</animation>
                    <control type="image">
                        <visible>Control.HasFocus(750)</visible>
                        <left>-9</left>
                        <top>531</top>
                        <width>301</width>
                        <height>430</height>
                        <animation effect="fade" time="320" delay="200">Visible</animation>
                        <animation effect="fade" time="200">Hidden</animation>
                        <texture colordiffuse="highlight" border="5">listselect_fo.png</texture>
                        <animation effect="slide" end="289,0" time="300" tween="cubic" easing="inout" condition="Integer.IsGreater(Container(750).Column,2)">Conditional</animation>
                        <animation effect="slide" end="289,0" time="300" tween="cubic" easing="inout" condition="Integer.IsGreater(Container(750).Column,1)">Conditional</animation>
                        <animation effect="slide" end="289,0" time="300" tween="cubic" easing="inout" condition="Integer.IsGreater(Container(750).Column,0)">Conditional</animation>
                    </control>
                </control>
                <control type="panel" id="750">
                    <description>Crew</description>
                    <left>-3</left>
                    <top>505</top>
                    <width>1156</width>
                    <height>450</height>
                    <onleft>750</onleft>
                    <onright>750</onright>
                    <onup>9000</onup>
                    <ondown>9000</ondown>
                    <orientation>horizontal</orientation>
                    <scrolltime tween="quadratic" easing="out">300</scrolltime>
                    <visible>Integer.IsGreater(Container(750).NumItems,0) + [ControlGroup(9000).HasFocus(210) | Control.HasFocus(750)]</visible>
                    <animation effect="fade" start="0" end="100" time="500" tween="sine" easing="inout">VisibleChange</animation>
                    <itemlayout height="450" width="289">
                        <control type="group">
                            <top>32</top>
                            <control type="image">
                                <top>6</top>
                                <left>6</left>
                                <width>277</width>
                                <height>406</height>
                                <aspectratio align="center" aligny="center" scalediffuse="false">scale</aspectratio>
                                <texture fallback="default_Actor.png" background="true" diffuse="diffuse/videoinfo-actor.png">$INFO[ListItem.Art(thumb)]</texture>
                            </control>
                            <control type="image">
                                <top>6</top>
                                <left>6</left>
                                <width>277</width>
                                <height>406</height>
                                <texture border="5">overlays/diffuse-overlay.png</texture>
                            </control>
                            <control type="image">
                                <top>322</top>
                                <left>6</left>
                                <width>277</width>
                                <height>90</height>
                                <texture colordiffuse="BB000000" border="5">diffuse/actor-label.png</texture>
                                <visible>!String.IsEmpty(ListItem.Label)</visible>
                            </control>
                            <control type="textbox">
                                <left>11</left>
                                <top>325</top>
                                <width>267</width>
                                <height>90</height>
                                <font>font_Actor</font>
                                <label>$INFO[ListItem.Label]$INFO[ListItem.Property(Job),$COMMA ,]</label>
                            </control>
                        </control>
                    </itemlayout>
                    <focusedlayout height="450" width="289">
                        <control type="group">
                            <top>32</top>
                            <include>PanelFocusedItemZoom</include>
                            <control type="image">
                                <top>6</top>
                                <left>6</left>
                                <width>277</width>
                                <height>406</height>
                                <aspectratio align="center" aligny="center" scalediffuse="false">scale</aspectratio>
                                <texture background="true" fallback="default_Actor.png" diffuse="diffuse/videoinfo-actor.png">$INFO[ListItem.Art(thumb)]</texture>
                            </control>
                            <control type="image">
                                <animation center="auto" condition="Control.HasFocus(750)" easing="inout" effect="fade" end="0" start="100" time="300" tween="sine">Focus</animation>
                                <animation center="auto" condition="Control.HasFocus(750)" easing="inout" effect="fade" end="100" start="0" time="300" tween="sine">UnFocus</animation>
                                <top>6</top>
                                <left>6</left>
                                <width>277</width>
                                <height>406</height>
                                <texture border="5">overlays/diffuse-overlay.png</texture>
                            </control>
                            <control type="image">
                                <left>6</left>
                                <top>322</top>
                                <width>277</width>
                                <height>90</height>
                                <texture colordiffuse="BB000000" border="5">diffuse/actor-label.png</texture>
                                <visible>!String.IsEmpty(ListItem.Label)</visible>
                            </control>
                            <control type="textbox">
                                <left>11</left>
                                <top>325</top>
                                <width>267</width>
                                <height>90</height>
                                <font>font_Actor</font>
                                <label>$INFO[ListItem.Label]$INFO[ListItem.Property(Job),$COMMA ,]</label>
                                <include>AutoscrollDefault</include>
                            </control>
                        </control>
                    </focusedlayout>
                </control>
                <control type="panel" id="850">
                    <description>Genres</description>
                    <visible>false</visible>
                </control>
                <control type="panel" id="950">
                    <description>Keywords</description>
                    <visible>false</visible>
                </control>
                <control type="group">
                    <visible>Integer.IsGreater(Container(1000).NumItems,0)</visible>
                    <animation effect="fade" time="320" delay="300">Visible</animation>
                    <control type="image">
                        <visible>Control.HasFocus(1000)</visible>
                        <left>-9</left>
                        <top>531</top>
                        <width>301</width>
                        <height>430</height>
                        <animation effect="fade" time="320" delay="200">Visible</animation>
                        <animation effect="fade" time="200">Hidden</animation>
                        <texture colordiffuse="highlight" border="5">listselect_fo.png</texture>
                        <animation effect="slide" end="289,0" time="300" tween="cubic" easing="inout" condition="Integer.IsGreater(Container(1000).Column,2)">Conditional</animation>
                        <animation effect="slide" end="289,0" time="300" tween="cubic" easing="inout" condition="Integer.IsGreater(Container(1000).Column,1)">Conditional</animation>
                        <animation effect="slide" end="289,0" time="300" tween="cubic" easing="inout" condition="Integer.IsGreater(Container(1000).Column,0)">Conditional</animation>
                    </control>
                </control>
                <control type="panel" id="1000">
                    <description>Cast</description>
                    <left>-3</left>
                    <top>505</top>
                    <width>1156</width>
                    <height>450</height>
                    <onleft>1000</onleft>
                    <onright>1000</onright>
                    <onup>9000</onup>
                    <ondown>9000</ondown>
                    <orientation>horizontal</orientation>
                    <scrolltime tween="quadratic" easing="out">300</scrolltime>
                    <visible>ControlGroup(9000).HasFocus(5) | Control.HasFocus(1000)</visible>
                    <animation effect="fade" start="0" end="100" time="500" tween="sine" easing="inout">VisibleChange</animation>
                    <itemlayout height="450" width="289">
                        <control type="group">
                            <top>32</top>
                            <control type="image">
                                <top>6</top>
                                <left>6</left>
                                <width>277</width>
                                <height>406</height>
                                <aspectratio align="center" aligny="center" scalediffuse="false">scale</aspectratio>
                                <texture fallback="default_Actor.png" background="true" diffuse="diffuse/videoinfo-actor.png">$INFO[ListItem.Art(thumb)]</texture>
                            </control>
                            <control type="image">
                                <top>6</top>
                                <left>6</left>
                                <width>277</width>
                                <height>406</height>
                                <texture border="5">overlays/diffuse-overlay.png</texture>
                            </control>
                            <control type="image">
                                <top>322</top>
                                <left>6</left>
                                <width>277</width>
                                <height>90</height>
                                <texture colordiffuse="BB000000" border="5">diffuse/actor-label.png</texture>
                                <visible>!String.IsEmpty(ListItem.Label)</visible>
                            </control>
                            <control type="textbox">
                                <left>11</left>
                                <top>325</top>
                                <width>267</width>
                                <height>90</height>
                                <font>font_Actor</font>
                                <label>$INFO[ListItem.Label]$INFO[ListItem.Property(character), as ,]</label>
                            </control>
                        </control>
                    </itemlayout>
                    <focusedlayout height="450" width="289">
                        <control type="group">
                            <top>32</top>
                            <include>PanelFocusedItemZoom</include>
                            <control type="image">
                                <top>6</top>
                                <left>6</left>
                                <width>277</width>
                                <height>406</height>
                                <aspectratio align="center" aligny="center" scalediffuse="false">scale</aspectratio>
                                <texture background="true" fallback="default_Actor.png" diffuse="diffuse/videoinfo-actor.png">$INFO[ListItem.Art(thumb)]</texture>
                            </control>
                            <control type="image">
                                <animation center="auto" condition="Control.HasFocus(1000)" easing="inout" effect="fade" end="0" start="100" time="300" tween="sine">Focus</animation>
                                <animation center="auto" condition="Control.HasFocus(1000)" easing="inout" effect="fade" end="100" start="0" time="300" tween="sine">UnFocus</animation>
                                <top>6</top>
                                <left>6</left>
                                <width>277</width>
                                <height>406</height>
                                <texture border="5">overlays/diffuse-overlay.png</texture>
                            </control>
                            <control type="image">
                                <left>6</left>
                                <top>322</top>
                                <width>277</width>
                                <height>90</height>
                                <texture colordiffuse="BB000000" border="5">diffuse/actor-label.png</texture>
                                <visible>!String.IsEmpty(ListItem.Label)</visible>
                            </control>
                            <control type="textbox">
                                <left>11</left>
                                <top>325</top>
                                <width>267</width>
                                <height>90</height>
                                <font>font_Actor</font>
                                <label>$INFO[ListItem.Label]$INFO[ListItem.Property(character), as ,]</label>
                                <include>AutoscrollDefault</include>
                            </control>
                        </control>
                    </focusedlayout>
                </control>
                <control type="panel" id="1050">
                    <description>Reviews</description>
                    <visible>false</visible>
                </control>
                <control type="group">
                    <visible>Integer.IsGreater(Container(1150).NumItems,0)</visible>
                    <animation effect="fade" time="320" delay="300">Visible</animation>
                    <control type="image">
                        <visible>Control.HasFocus(1150)</visible>
                        <left>-9</left>
                        <top>531</top>
                        <width>590</width>
                        <height>343</height>
                        <animation effect="fade" time="320" delay="200">Visible</animation>
                        <animation effect="fade" time="200">Hidden</animation>
                        <texture colordiffuse="highlight" border="5">listselect_fo.png</texture>
                        <animation effect="slide" end="578,0" time="300" tween="cubic" easing="inout" condition="Container(1150).Column(1)">Conditional</animation>
                    </control>
                </control>
                <control type="panel" id="1150">
                    <description>Official Videos</description>
                    <left>-3</left>
                    <top>505</top>
                    <width>1156</width>
                    <height>450</height>
                    <onleft>1150</onleft>
                    <onright>1150</onright>
                    <onup>9000</onup>
                    <ondown>9000</ondown>
                    <orientation>horizontal</orientation>
                    <preloaditems>2</preloaditems>
                    <scrolltime tween="quadratic" easing="out">300</scrolltime>
                    <visible>Integer.IsGreater(Container(1150).NumItems,0) + [ControlGroup(9000).HasFocus(206) | Control.HasFocus(1150)]</visible>
                    <animation effect="fade" start="0" end="100" time="500" tween="sine" easing="inout">VisibleChange</animation>
                    <itemlayout height="450" width="578">
                        <control type="group">
                            <top>32</top>
                            <control type="image">
                                <top>6</top>
                                <left>6</left>
                                <width>566</width>
                                <height>319</height>
                                <aspectratio scalediffuse="false">scale</aspectratio>
                                <texture background="true" diffuse="diffuse/addoninfo-screenshot.png">$INFO[ListItem.Art(thumb)]</texture>
                            </control>
                            <control type="image">
                                <top>6</top>
                                <left>6</left>
                                <width>566</width>
                                <height>319</height>
                                <texture border="5">overlays/diffuse-overlay.png</texture>
                            </control>
                            <control type="image">
                                <top>230</top>
                                <left>6</left>
                                <width>566</width>
                                <height>95</height>
                                <texture colordiffuse="BB000000" border="5">diffuse/actor-label.png</texture>
                                <visible>!String.IsEmpty(ListItem.Label)</visible>                          
                            </control>                      
                            <control type="textbox">
                                <left>16</left>
                                <top>230</top>
                                <width>546</width>
                                <height>90</height>
                                <font>font_Actor</font>
                                <label>$INFO[ListItem.Property(Type),[B],: [/B]]$INFO[ListItem.Label]</label>
                            </control>
                        </control>
                    </itemlayout>
                    <focusedlayout height="450" width="578">
                        <control type="group">
                            <top>32</top>
                            <include>PanelFocusedItemZoom</include>
                            <control type="image">
                                <top>6</top>
                                <left>6</left>
                                <width>566</width>
                                <height>319</height>
                                <aspectratio scalediffuse="false">scale</aspectratio>
                                <texture background="true" fallback="blank.png" diffuse="diffuse/addoninfo-screenshot.png">$INFO[ListItem.Art(thumb)]</texture>
                            </control>
                            <control type="image">
                                <animation center="auto" condition="Control.HasFocus(1150)" easing="inout" effect="fade" end="0" start="100" time="300" tween="sine">Focus</animation>
                                <animation center="auto" condition="Control.HasFocus(1150)" easing="inout" effect="fade" end="100" start="0" time="300" tween="sine">UnFocus</animation>
                                <top>6</top>
                                <left>6</left>
                                <width>566</width>
                                <height>319</height>
                                <texture border="5">overlays/diffuse-overlay.png</texture>
                            </control>                          
                            <control type="image">
                                <top>230</top>
                                <left>6</left>
                                <width>566</width>
                                <height>95</height>
                                <texture colordiffuse="BB000000" border="5">diffuse/actor-label.png</texture>
                                <visible>!String.IsEmpty(ListItem.Label)</visible>                          
                            </control>                      
                            <control type="textbox">
                               <left>16</left>
                                <top>230</top>
                                <width>546</width>
                                <height>90</height>
                                <font>font_Actor</font>
                                <label>$INFO[ListItem.Property(Type),[B],: [/B]]$INFO[ListItem.Label]</label>
                                <include>AutoscrollDefault</include>
                            </control>
                        </control>
                    </focusedlayout>                   
                </control>
                <control type="group">
                    <visible>Integer.IsGreater(Container(1250).NumItems,0)</visible>
                    <animation effect="fade" time="320" delay="300">Visible</animation>
                    <control type="image">
                        <visible>Control.HasFocus(1250)</visible>
                        <left>-9</left>
                        <top>531</top>
                        <width>301</width>
                        <height>430</height>
                        <animation effect="fade" time="320" delay="200">Visible</animation>
                        <animation effect="fade" time="200">Hidden</animation>
                        <texture colordiffuse="highlight" border="5">listselect_fo.png</texture>
                        <animation effect="slide" end="289,0" time="300" tween="cubic" easing="inout" condition="Integer.IsGreater(Container(1250).Column,2)">Conditional</animation>
                        <animation effect="slide" end="289,0" time="300" tween="cubic" easing="inout" condition="Integer.IsGreater(Container(1250).Column,1)">Conditional</animation>
                        <animation effect="slide" end="289,0" time="300" tween="cubic" easing="inout" condition="Integer.IsGreater(Container(1250).Column,0)">Conditional</animation>
                    </control>
                </control>
                <control type="panel" id="1250">
                    <description>Artwork</description>
                    <left>-3</left>
                    <top>505</top>
                    <width>1156</width>
                    <height>450</height>
                    <onleft>1250</onleft>
                    <onright>1250</onright>
                    <onup>9000</onup>
                    <ondown>9000</ondown>
                    <orientation>horizontal</orientation>
                    <preloaditems>2</preloaditems>
                    <scrolltime tween="quadratic" easing="out">300</scrolltime>
                    <visible>Integer.IsGreater(Container(1250).NumItems,0) + [ControlGroup(9000).HasFocus(204) | Control.HasFocus(1250)] + String.IsEqual(Control.GetLabel(204),$LOCALIZE[20445])</visible>
                    <animation effect="fade" start="0" end="100" time="500" tween="sine" easing="inout">VisibleChange</animation>
                    <itemlayout height="450" width="289">
                        <control type="group">
                            <top>32</top>
                            <control type="image">
                                <top>6</top>
                                <left>6</left>
                                <width>277</width>
                                <height>406</height>
                                <aspectratio align="center" aligny="center" scalediffuse="false">scale</aspectratio>
                                <texture background="true" diffuse="diffuse/videoinfo-actor.png">$INFO[ListItem.Art(thumb)]</texture>
                            </control>
                            <control type="image">
                                <top>6</top>
                                <left>6</left>
                                <width>277</width>
                                <height>406</height>
                                <texture border="5">overlays/diffuse-overlay.png</texture>
                            </control>
                        </control>
                    </itemlayout>
                    <focusedlayout height="450" width="289">
                        <control type="group">
                            <top>32</top>
                            <include>PanelFocusedItemZoom</include>
                            <control type="image">
                                <top>6</top>
                                <left>6</left>
                                <width>277</width>
                                <height>406</height>
                                <aspectratio align="center" aligny="center" scalediffuse="false">scale</aspectratio>
                                <texture background="true" fallback="default_Actor.png" diffuse="diffuse/videoinfo-actor.png">$INFO[ListItem.Art(thumb)]</texture>
                            </control>
                            <control type="image">
                                <animation center="auto" condition="Control.HasFocus(1250)" easing="inout" effect="fade" end="0" start="100" time="300" tween="sine">Focus</animation>
                                <animation center="auto" condition="Control.HasFocus(1250)" easing="inout" effect="fade" end="100" start="0" time="300" tween="sine">UnFocus</animation>
                                <top>6</top>
                                <left>6</left>
                                <width>277</width>
                                <height>406</height>
                                <texture border="5">overlays/diffuse-overlay.png</texture>
                            </control>
                        </control>
                    </focusedlayout>
                </control>
                <control type="group">
                    <visible>Integer.IsGreater(Container(1350).NumItems,0)</visible>
                    <animation effect="fade" time="320" delay="300">Visible</animation>
                    <control type="image">
                        <visible>Control.HasFocus(1350)</visible>
                        <left>-9</left>
                        <top>531</top>
                        <width>590</width>
                        <height>343</height>
                        <animation effect="fade" time="320" delay="200">Visible</animation>
                        <animation effect="fade" time="200">Hidden</animation>
                        <texture colordiffuse="highlight" border="5">listselect_fo.png</texture>
                        <animation effect="slide" end="578,0" time="300" tween="cubic" easing="inout" condition="Container(1350).Column(1)">Conditional</animation>
                    </control>
                </control>
                <control type="panel" id="1350">
                    <description>Fanart</description>
                    <left>-3</left>
                    <top>505</top>
                    <width>1156</width>
                    <height>450</height>
                    <onleft>1350</onleft>
                    <onright>1350</onright>
                    <onup>9000</onup>
                    <ondown>9000</ondown>
                    <orientation>horizontal</orientation>
                    <preloaditems>2</preloaditems>
                    <scrolltime tween="quadratic" easing="out">300</scrolltime>
                    <visible>Integer.IsGreater(Container(1350).NumItems,0) + [ControlGroup(9000).HasFocus(204) | Control.HasFocus(1350)] + String.IsEqual(Control.GetLabel(204),$LOCALIZE[31016])</visible>
                    <animation effect="fade" start="0" end="100" time="500" tween="sine" easing="inout">VisibleChange</animation>
                    <itemlayout height="450" width="578">
                        <control type="group">
                            <top>32</top>
                            <control type="image">
                                <top>6</top>
                                <left>6</left>
                                <width>566</width>
                                <height>319</height>
                                <aspectratio scalediffuse="false">scale</aspectratio>
                                <texture background="true" diffuse="diffuse/addoninfo-screenshot.png">$INFO[ListItem.Art(thumb)]</texture>
                            </control>
                            <control type="image">
                                <top>6</top>
                                <left>6</left>
                                <width>566</width>
                                <height>319</height>
                                <texture border="5">overlays/diffuse-overlay.png</texture>
                            </control>
                        </control>
                    </itemlayout>
                    <focusedlayout height="450" width="578">
                        <control type="group">
                            <top>32</top>
                            <include>PanelFocusedItemZoom</include>
                            <control type="image">
                                <top>6</top>
                                <left>6</left>
                                <width>566</width>
                                <height>319</height>
                                <aspectratio scalediffuse="false">scale</aspectratio>
                                <texture background="true" fallback="blank.png" diffuse="diffuse/addoninfo-screenshot.png">$INFO[ListItem.Art(thumb)]</texture>
                            </control>
                            <control type="image">
                                <animation center="auto" condition="Control.HasFocus(1350)" easing="inout" effect="fade" end="0" start="100" time="300" tween="sine">Focus</animation>
                                <animation center="auto" condition="Control.HasFocus(1350)" easing="inout" effect="fade" end="100" start="0" time="300" tween="sine">UnFocus</animation>
                                <top>6</top>
                                <left>6</left>
                                <width>566</width>
                                <height>319</height>
                                <texture border="5">overlays/diffuse-overlay.png</texture>
                            </control>                          
                        </control>
                    </focusedlayout>
                </control>
                <control type="panel" id="1450">
                    <description>Networks</description>
                    <visible>false</visible>
                </control>
                <control type="panel" id="2000">
                    <description>Episode Index</description>
                    <visible>false</visible>
                </control>
                <!-- Unavailable Fanart/Thumb -->
                <control type="label">
                    <left>-3</left>
                    <top>505</top>
                    <width>1156</width>
                    <height>450</height>
                    <align>center</align>
                    <font>font30</font>
                    <label>$LOCALIZE[161]</label>
                    <visible>ControlGroup(9000).HasFocus(204) + [[!Integer.IsGreater(Container(1350).NumItems,0) + String.IsEqual(Control.GetLabel(204),$LOCALIZE[31016])] | [!Integer.IsGreater(Container(1250).NumItems,0) + String.IsEqual(Control.GetLabel(204),$LOCALIZE[20445])]]</visible>
                    <animation effect="fade" start="0" end="100" time="500" tween="sine" easing="inout">VisibleChange</animation>
                </control>
                <!-- Cast - Items/Page -->
                <include content="PageTotals">
                    <param name="ContainerID" value="1000" />
                    <param name="Top" value="962" />
                    <param name="Visibility" value="ControlGroup(9000).HasFocus(5) | Control.HasFocus(1000)" />
                </include>
                <!-- Similar - Items/Page -->
                <include content="PageTotals">
                    <param name="ContainerID" value="150" />
                    <param name="Top" value="962" />
                    <param name="Visibility" value="ControlGroup(9000).HasFocus(207) | Control.HasFocus(150)" />
                </include>
                <!-- Fanart - Items/Page -->
                <include content="PageTotals">
                    <param name="ContainerID" value="1350" />
                    <param name="Top" value="962" />
                    <param name="Visibility" value="[ControlGroup(9000).HasFocus(204) + Control.IsVisible(1350)] | Control.HasFocus(1350)" />
                </include>
                <!-- Thumb - Items/Page -->
                <include content="PageTotals">
                    <param name="ContainerID" value="1250" />
                    <param name="Top" value="962" />
                    <param name="Visibility" value="[ControlGroup(9000).HasFocus(204) + Control.IsVisible(1250)] | Control.HasFocus(1250)" />
                </include>
                <!-- Trailers - Items/Page -->
                <include content="PageTotals">
                    <param name="ContainerID" value="1150" />
                    <param name="Top" value="962" />
                    <param name="Visibility" value="ControlGroup(9000).HasFocus(206) | Control.HasFocus(1150)" />
                </include>
                <!-- Set - Items/Page -->
                <include content="PageTotals">
                    <param name="ContainerID" value="250" />
                    <param name="Top" value="962" />
                    <param name="Visibility" value="ControlGroup(9000).HasFocus(208) | Control.HasFocus(250)" />
                </include>
                <!-- Crew - Items/Page -->
                <include content="PageTotals">
                    <param name="ContainerID" value="750" />
                    <param name="Top" value="962" />
                    <param name="Visibility" value="ControlGroup(9000).HasFocus(210) | Control.HasFocus(750)" />
                </include>
                <!-- Set Title -->
                <control type="label">
                    <left>5</left>
                    <top>962</top>
                    <width>800</width>
                    <height>40</height>
                    <font>font13</font>
                    <textcolor>maintext</textcolor>
                    <aligny>top</aligny>
                    <label>$INFO[Window.Property(Set)]</label>
                    <visible>Integer.IsGreater(Container(250).NumItems,0) + [ControlGroup(9000).HasFocus(208) | Control.HasFocus(250)]</visible>
                </control>
            </control>
            <control type="group">
                <include>VisibleFadeEffect</include>
                <visible>ControlGroup(9000).HasFocus()</visible>
                <height>30</height>
                <top>525</top>
                <left>-50</left>
                <control type="label">
                    <visible>Container(9000).HasPrevious</visible>
                    <width>30</width>
                    <height>30</height>
                    <align>center</align>
                    <label>a</label>
                    <font>IconTiny</font>
                    <textcolor>disabled</textcolor>
                </control>
                <control type="label">
                    <visible>Container(9000).HasNext</visible>
                    <left>1220</left>
                    <width>30</width>
                    <height>30</height>
                    <align>center</align>
                    <label>b</label>
                    <font>IconTiny</font>
                    <textcolor>disabled</textcolor>
                </control>
            </control>
            <control type="group">
                <left>3</left>
                <top>510</top>
                <control type="grouplist" id="9000">
                    <width>1144</width>
                    <height>60</height>
                    <itemgap>12</itemgap>
                    <onleft>9000</onleft>
                    <onright>9000</onright>
                    <onup condition="Container(9900).HasNext | Container(9900).HasPrevious">61</onup>
                    <align>left</align>
                    <ondown condition="Control.IsVisible(800) + [Container(800).HasNext | Container(800).HasPrevious]">60</ondown>
                    <ondown condition="Control.IsVisible(150)">150</ondown>
                    <ondown condition="Control.IsVisible(250)">250</ondown>
                    <ondown condition="Control.IsVisible(750)">750</ondown>
                    <ondown condition="Control.IsVisible(1000)">1000</ondown>
                    <ondown condition="Control.IsVisible(1150)">1150</ondown>
                    <ondown condition="Control.IsVisible(1250)">1250</ondown>
                    <ondown condition="Control.IsVisible(1350)">1350</ondown>
                    <orientation>horizontal</orientation>
                    <control type="button" id="205">
                        <description>Plot</description>
                        <include>ButtonInfoDialogsCommonValues</include>
                        <label>207</label>
                        <visible>String.IsEmpty(Window.Property(DBID))</visible>
                    </control>
                    <control type="button" id="8">
                        <description>Play</description>
                        <include>ButtonInfoDialogsCommonValues</include>
                        <label>208</label>
                        <visible>!String.IsEmpty(Window.Property(DBID)) + !String.IsEqual(Window.Property(Type),tvshow)</visible>
                    </control>
                    <control type="button" id="120">
                        <description>Browse</description>
                        <include>ButtonInfoDialogsCommonValues</include>
                        <label>21385</label>
                        <visible>!String.IsEmpty(Window.Property(DBID)) + String.IsEqual(Window.Property(Type),tvshow)</visible>
                    </control>
                    <control type="button" id="5">
                        <description>Cast</description>
                        <include>ButtonInfoDialogsCommonValues</include>
                        <label>206</label>
                    </control>
                    <control type="togglebutton" id="208">
                        <description>Set</description>
                        <include>ButtonInfoDialogsCommonValues</include>
                        <label>20141</label>
                        <altlabel>33054</altlabel>
                        <usealttexture>String.IsEqual(Window.Property(Type),tvshow)</usealttexture>
                        <alttexturenofocus colordiffuse="33787878" border="5">listselect_fo.png</alttexturenofocus>
                        <visible>Integer.IsGreater(Container(250).NumItems,0)</visible>
                    </control>
                    <control type="button" id="207">
                        <description>Similar</description>
                        <include>ButtonInfoDialogsCommonValues</include>
                        <label>31185</label>
                        <visible>Integer.IsGreater(Container(150).NumItems,0)</visible>
                    </control>
                    <control type="button" id="206">
                        <description>Trailer</description>
                        <include>ButtonInfoDialogsCommonValues</include>
                        <label>20410</label>
                        <visible>Integer.IsGreater(Container(1150).NumItems,0)</visible>
                    </control>
                    <control type="togglebutton" id="204">
                        <description>Thumb/Fanart</description>
                        <include>ButtonInfoDialogsCommonValues</include>
                        <label>20445</label>
                        <altlabel>31016</altlabel>
                        <alttexturenofocus colordiffuse="33787878" border="5">listselect_fo.png</alttexturenofocus>
                        <visible>Integer.IsGreater(Container(1250).NumItems,0) | Integer.IsGreater(Container(1350).NumItems,0)</visible>
                    </control>
                    <control type="button" id="210">
                        <description>Crew</description>
                        <include>ButtonInfoDialogsCommonValues</include>
                        <label>$ADDON[script.extendedinfo 32115]</label>
                        <visible>Integer.IsGreater(Container(750).NumItems,0)</visible>
                    </control>
                </control>
            </control>
        </control>
        <include>Topbar</include>
    </controls>
</window>