<?xml version="1.0" encoding="UTF-8"?>
<window>
    <controls>
        <control type="label" id="5000"><visible>false</visible></control>
        <control type="label" id="5002"><visible>false</visible></control>

        <control type="group">
            <include>Animation.Common</include>
            <top>760</top>
            <left>1390</left>
            <width>480</width>
            <height>270</height>

            <control type="label" description="text">
                <top>-64</top>
                <right>20</right>
                <height>64</height>
                <font>font30</font>
                <label>$LOCALIZE[16101]...</label>
                <shadowcolor>ff000000</shadowcolor>
            </control>

            <control type="image" id="5004" description="clearlogo">
                <width>100%</width>
                <height>100%</height>
                <fadetime>350</fadetime>
                <aspectratio align="center" aligny="center">keep</aspectratio>
            </control>

            <control type="image" description="blackline">
                <top>206</top>
                <width>100%</width>
                <height>64</height>
                <aspectratio scalediffuse="false">scale</aspectratio>
                <texture colordiffuse="background">background.png</texture>
            </control>

            <control type="label" description="text">
                <left>20</left>
                <right>120</right>
                <height>64</height>
                <top>206</top>
                <label>$INFO[Control.GetLabel(5002)]$INFO[Control.GetLabel(5000)]</label>
            </control>

            <control type="label" id="5003">
                <visible>False</visible>
            </control>
            <control type="textbox" id="5001">
                <visible>False</visible>
            </control>

        </control>
    </controls>
</window>